Workbook

Sheet Выход ТС
A1: Префикс | B1: Название типа | C1: План | D1: Факт | E1: Откл | F1: Всего день | G1: Всего ночь | H1: ЦДН-1 | J1: ЦДН-2 | L1: ЦДН-3 | N1: ЦППН | P1: ЦППД | R1: ЭЦ | T1: ОКС | V1: РСЦ | X1: ЦИТС | Z1: ПРЦЭО | AB1: ГЦ | AD1: ЦПП | AF1: БМТС | AH1: ЦПКРС-1 | AJ1: ЦПКРС-2 | AL1: Гараж-1 | AN1: ЦНИПР | AP1: ОБиПКРС | AR1: ЦАП | AT1: ГООС | AV1: Бурение | AX1: ЦТВС | AZ1: ТБ | BB1: ОТДН | BD1: БД | BF1: ОГиР | BH1: ГСРиВК | BJ1: ЛД | BL1: Отделкадр | BN1: УЖЭО | BP1: ГАПиИТ | BR1: ОМ | BT1: ПСО | BV1: ЦТТ | BX1: ЧАКУР мед | BZ1: СМУ УТТ | CB1: СБ | CD1: УПТОК | CF1: БПО | CH1: ГУ | CJ1: МГС | CL1: РМУ | CN1: IR | CP1: ПЧ
H2: День | I2: Ночь | J2: День | K2: Ночь | L2: День | M2: Ночь | N2: День | O2: Ночь | P2: День | Q2: Ночь | R2: День | S2: Ночь | T2: День | U2: Ночь | V2: День | W2: Ночь | X2: День | Y2: Ночь | Z2: День | AA2: Ночь | AB2: День | AC2: Ночь | AD2: День | AE2: Ночь | AF2: День | AG2: Ночь | AH2: День | AI2: Ночь | AJ2: День | AK2: Ночь | AL2: День | AM2: Ночь | AN2: День | AO2: Ночь | AP2: День | AQ2: Ночь | AR2: День | AS2: Ночь | AT2: День | AU2: Ночь | AV2: День | AW2: Ночь | AX2: День | AY2: Ночь | AZ2: День | BA2: Ночь | BB2: День | BC2: Ночь | BD2: День | BE2: Ночь | BF2: День | BG2: Ночь | BH2: День | BI2: Ночь | BJ2: День | BK2: Ночь | BL2: День | BM2: Ночь | BN2: День | BO2: Ночь | BP2: День | BQ2: Ночь | BR2: День | BS2: Ночь | BT2: День | BU2: Ночь | BV2: День | BW2: Ночь | BX2: День | BY2: Ночь | BZ2: День | CA2: Ночь | CB2: День | CC2: Ночь | CD2: День | CE2: Ночь | CF2: День | CG2: Ночь | CH2: День | CI2: Ночь | CJ2: День | CK2: Ночь | CL2: День | CM2: Ночь | CN2: День | CO2: Ночь | CP2: День | CQ2: Ночь
A3: 34 | B3: ППУА | C3: 29 | D3: =F3+G3 -> 25 | E3: =D3-C3 -> -4 | F3: =SUMIFS($H3:$CQ3,$H$2:$CQ$2,"День") -> 18 | G3: =SUMIFS($H3:$CQ3,$H$2:$CQ$2,"Ночь") -> 7 | H3: =SUMIFS('Исходные данные'!$I$2:$I$966,'Исходные данные'!$D$2:$D$966,H$1,'Исходные данные'!$F$2:$F$966,$A3) -> 3 | I3: =SUMIFS('Исходные данные'!$J$2:$J$966,'Исходные данные'!$D$2:$D$966,H$1,'Исходные данные'!$F$2:$F$966,$A3) -> 1 | J3: =SUMIFS('Исходные данные'!$I$2:$I$966,'Исходные данные'!$D$2:$D$966,J$1,'Исходные данные'!$F$2:$F$966,$A3) -> 3 | K3: =SUMIFS('Исходные данные'!$J$2:$J$966,'Исходные данные'!$D$2:$D$966,J$1,'Исходные данные'!$F$2:$F$966,$A3) -> 0 | L3: =SUMIFS('Исходные данные'!$I$2:$I$966,'Исходные данные'!$D$2:$D$966,L$1,'Исходные данные'!$F$2:$F$966,$A3) -> 3 | M3: =SUMIFS('Исходные данные'!$J$2:$J$966,'Исходные данные'!$D$2:$D$966,L$1,'Исходные данные'!$F$2:$F$966,$A3) -> 0 | N3: =SUMIFS('Исходные данные'!$I$2:$I$966,'Исходные данные'!$D$2:$D$966,N$1,'Исходные данные'!$F$2:$F$966,$A3) -> 0 | O3: =SUMIFS('Исходные данные'!$J$2:$J$966,'Исходные данные'!$D$2:$D$966,N$1,'Исходные данные'!$F$2:$F$966,$A3) -> 0 | P3: =SUMIFS('Исходные данные'!$I$2:$I$966,'Исходные данные'!$D$2:$D$966,P$1,'Исходные данные'!$F$2:$F$966,$A3) -> 0 | Q3: =SUMIFS('Исходные данные'!$J$2:$J$966,'Исходные данные'!$D$2:$D$966,P$1,'Исходные данные'!$F$2:$F$966,$A3) -> 0 | R3: =SUMIFS('Исходные данные'!$I$2:$I$966,'Исходные данные'!$D$2:$D$966,R$1,'Исходные данные'!$F$2:$F$966,$A3) -> 0 | S3: =SUMIFS('Исходные данные'!$J$2:$J$966,'Исходные данные'!$D$2:$D$966,R$1,'Исходные данные'!$F$2:$F$966,$A3) -> 0 | T3: =SUMIFS('Исходные данные'!$I$2:$I$966,'Исходные данные'!$D$2:$D$966,T$1,'Исходные данные'!$F$2:$F$966,$A3) -> 0 | U3: =SUMIFS('Исходные данные'!$J$2:$J$966,'Исходные данные'!$D$2:$D$966,T$1,'Исходные данные'!$F$2:$F$966,$A3) -> 0 | V3: =SUMIFS('Исходные данные'!$I$2:$I$966,'Исходные данные'!$D$2:$D$966,V$1,'Исходные данные'!$F$2:$F$966,$A3) -> 0 | W3: =SUMIFS('Исходные данные'!$J$2:$J$966,'Исходные данные'!$D$2:$D$966,V$1,'Исходные данные'!$F$2:$F$966,$A3) -> 0 | X3: =SUMIFS('Исходные данные'!$I$2:$I$966,'Исходные данные'!$D$2:$D$966,X$1,'Исходные данные'!$F$2:$F$966,$A3) -> 0 | Y3: =SUMIFS('Исходные данные'!$J$2:$J$966,'Исходные данные'!$D$2:$D$966,X$1,'Исходные данные'!$F$2:$F$966,$A3) -> 0 | Z3: =SUMIFS('Исходные данные'!$I$2:$I$966,'Исходные данные'!$D$2:$D$966,Z$1,'Исходные данные'!$F$2:$F$966,$A3) -> 0 | AA3: =SUMIFS('Исходные данные'!$J$2:$J$966,'Исходные данные'!$D$2:$D$966,Z$1,'Исходные данные'!$F$2:$F$966,$A3) -> 0 | AB3: =SUMIFS('Исходные данные'!$I$2:$I$966,'Исходные данные'!$D$2:$D$966,AB$1,'Исходные данные'!$F$2:$F$966,$A3) -> 0 | AC3: =SUMIFS('Исходные данные'!$J$2:$J$966,'Исходные данные'!$D$2:$D$966,AB$1,'Исходные данные'!$F$2:$F$966,$A3) -> 0 | AD3: =SUMIFS('Исходные данные'!$I$2:$I$966,'Исходные данные'!$D$2:$D$966,AD$1,'Исходные данные'!$F$2:$F$966,$A3) -> 0 | AE3: =SUMIFS('Исходные данные'!$J$2:$J$966,'Исходные данные'!$D$2:$D$966,AD$1,'Исходные данные'!$F$2:$F$966,$A3) -> 0 | AF3: =SUMIFS('Исходные данные'!$I$2:$I$966,'Исходные данные'!$D$2:$D$966,AF$1,'Исходные данные'!$F$2:$F$966,$A3) -> 0 | AG3: =SUMIFS('Исходные данные'!$J$2:$J$966,'Исходные данные'!$D$2:$D$966,AF$1,'Исходные данные'!$F$2:$F$966,$A3) -> 0 | AH3: =SUMIFS('Исходные данные'!$I$2:$I$966,'Исходные данные'!$D$2:$D$966,AH$1,'Исходные данные'!$F$2:$F$966,$A3) -> 5 | AI3: =SUMIFS('Исходные данные'!$J$2:$J$966,'Исходные данные'!$D$2:$D$966,AH$1,'Исходные данные'!$F$2:$F$966,$A3) -> 3 | AJ3: =SUMIFS('Исходные данные'!$I$2:$I$966,'Исходные данные'!$D$2:$D$966,AJ$1,'Исходные данные'!$F$2:$F$966,$A3) -> 4 | AK3: =SUMIFS('Исходные данные'!$J$2:$J$966,'Исходные данные'!$D$2:$D$966,AJ$1,'Исходные данные'!$F$2:$F$966,$A3) -> 3 | AL3: =SUMIFS('Исходные данные'!$I$2:$I$966,'Исходные данные'!$D$2:$D$966,AL$1,'Исходные данные'!$F$2:$F$966,$A3) -> 0 | AM3: =SUMIFS('Исходные данные'!$J$2:$J$966,'Исходные данные'!$D$2:$D$966,AL$1,'Исходные данные'!$F$2:$F$966,$A3) -> 0 | AN3: =SUMIFS('Исходные данные'!$I$2:$I$966,'Исходные данные'!$D$2:$D$966,AN$1,'Исходные данные'!$F$2:$F$966,$A3) -> 0 | AO3: =SUMIFS('Исходные данные'!$J$2:$J$966,'Исходные данные'!$D$2:$D$966,AN$1,'Исходные данные'!$F$2:$F$966,$A3) -> 0 | AP3: =SUMIFS('Исходные данные'!$I$2:$I$966,'Исходные данные'!$D$2:$D$966,AP$1,'Исходные данные'!$F$2:$F$966,$A3) -> 0 | AQ3: =SUMIFS('Исходные данные'!$J$2:$J$966,'Исходные данные'!$D$2:$D$966,AP$1,'Исходные данные'!$F$2:$F$966,$A3) -> 0 | AR3: =SUMIFS('Исходные данные'!$I$2:$I$966,'Исходные данные'!$D$2:$D$966,AR$1,'Исходные данные'!$F$2:$F$966,$A3) -> 0 | AS3: =SUMIFS('Исходные данные'!$J$2:$J$966,'Исходные данные'!$D$2:$D$966,AR$1,'Исходные данные'!$F$2:$F$966,$A3) -> 0 | AT3: =SUMIFS('Исходные данные'!$I$2:$I$966,'Исходные данные'!$D$2:$D$966,AT$1,'Исходные данные'!$F$2:$F$966,$A3) -> 0 | AU3: =SUMIFS('Исходные данные'!$J$2:$J$966,'Исходные данные'!$D$2:$D$966,AT$1,'Исходные данные'!$F$2:$F$966,$A3) -> 0 | AV3: =SUMIFS('Исходные данные'!$I$2:$I$966,'Исходные данные'!$D$2:$D$966,AV$1,'Исходные данные'!$F$2:$F$966,$A3) -> 0 | AW3: =SUMIFS('Исходные данные'!$J$2:$J$966,'Исходные данные'!$D$2:$D$966,AV$1,'Исходные данные'!$F$2:$F$966,$A3) -> 0 | AX3: =SUMIFS('Исходные данные'!$I$2:$I$966,'Исходные данные'!$D$2:$D$966,AX$1,'Исходные данные'!$F$2:$F$966,$A3) -> 0 | AY3: =SUMIFS('Исходные данные'!$J$2:$J$966,'Исходные данные'!$D$2:$D$966,AX$1,'Исходные данные'!$F$2:$F$966,$A3) -> 0 | AZ3: =SUMIFS('Исходные данные'!$I$2:$I$966,'Исходные данные'!$D$2:$D$966,AZ$1,'Исходные данные'!$F$2:$F$966,$A3) -> 0 | BA3: =SUMIFS('Исходные данные'!$J$2:$J$966,'Исходные данные'!$D$2:$D$966,AZ$1,'Исходные данные'!$F$2:$F$966,$A3) -> 0 | BB3: =SUMIFS('Исходные данные'!$I$2:$I$966,'Исходные данные'!$D$2:$D$966,BB$1,'Исходные данные'!$F$2:$F$966,$A3) -> 0 | BC3: =SUMIFS('Исходные данные'!$J$2:$J$966,'Исходные данные'!$D$2:$D$966,BB$1,'Исходные данные'!$F$2:$F$966,$A3) -> 0 | BD3: =SUMIFS('Исходные данные'!$I$2:$I$966,'Исходные данные'!$D$2:$D$966,BD$1,'Исходные данные'!$F$2:$F$966,$A3) -> 0 | BE3: =SUMIFS('Исходные данные'!$J$2:$J$966,'Исходные данные'!$D$2:$D$966,BD$1,'Исходные данные'!$F$2:$F$966,$A3) -> 0 | BF3: =SUMIFS('Исходные данные'!$I$2:$I$966,'Исходные данные'!$D$2:$D$966,BF$1,'Исходные данные'!$F$2:$F$966,$A3) -> 0 | BG3: =SUMIFS('Исходные данные'!$J$2:$J$966,'Исходные данные'!$D$2:$D$966,BF$1,'Исходные данные'!$F$2:$F$966,$A3) -> 0 | BH3: =SUMIFS('Исходные данные'!$I$2:$I$966,'Исходные данные'!$D$2:$D$966,BH$1,'Исходные данные'!$F$2:$F$966,$A3) -> 0 | BI3: =SUMIFS('Исходные данные'!$J$2:$J$966,'Исходные данные'!$D$2:$D$966,BH$1,'Исходные данные'!$F$2:$F$966,$A3) -> 0 | BJ3: =SUMIFS('Исходные данные'!$I$2:$I$966,'Исходные данные'!$D$2:$D$966,BJ$1,'Исходные данные'!$F$2:$F$966,$A3) -> 0 | BK3: =SUMIFS('Исходные данные'!$J$2:$J$966,'Исходные данные'!$D$2:$D$966,BJ$1,'Исходные данные'!$F$2:$F$966,$A3) -> 0 | BL3: =SUMIFS('Исходные данные'!$I$2:$I$966,'Исходные данные'!$D$2:$D$966,BL$1,'Исходные данные'!$F$2:$F$966,$A3) -> 0 | BM3: =SUMIFS('Исходные данные'!$J$2:$J$966,'Исходные данные'!$D$2:$D$966,BL$1,'Исходные данные'!$F$2:$F$966,$A3) -> 0 | BN3: =SUMIFS('Исходные данные'!$I$2:$I$966,'Исходные данные'!$D$2:$D$966,BN$1,'Исходные данные'!$F$2:$F$966,$A3) -> 0 | BO3: =SUMIFS('Исходные данные'!$J$2:$J$966,'Исходные данные'!$D$2:$D$966,BN$1,'Исходные данные'!$F$2:$F$966,$A3) -> 0 | BP3: =SUMIFS('Исходные данные'!$I$2:$I$966,'Исходные данные'!$D$2:$D$966,BP$1,'Исходные данные'!$F$2:$F$966,$A3) -> 0 | BQ3: =SUMIFS('Исходные данные'!$J$2:$J$966,'Исходные данные'!$D$2:$D$966,BP$1,'Исходные данные'!$F$2:$F$966,$A3) -> 0 | BR3: =SUMIFS('Исходные данные'!$I$2:$I$966,'Исходные данные'!$D$2:$D$966,BR$1,'Исходные данные'!$F$2:$F$966,$A3) -> 0 | BS3: =SUMIFS('Исходные данные'!$J$2:$J$966,'Исходные данные'!$D$2:$D$966,BR$1,'Исходные данные'!$F$2:$F$966,$A3) -> 0 | BT3: =SUMIFS('Исходные данные'!$I$2:$I$966,'Исходные данные'!$D$2:$D$966,BT$1,'Исходные данные'!$F$2:$F$966,$A3) -> 0 | BU3: =SUMIFS('Исходные данные'!$J$2:$J$966,'Исходные данные'!$D$2:$D$966,BT$1,'Исходные данные'!$F$2:$F$966,$A3) -> 0 | BV3: =SUMIFS('Исходные данные'!$I$2:$I$966,'Исходные данные'!$D$2:$D$966,BV$1,'Исходные данные'!$F$2:$F$966,$A3) -> 0 | BW3: =SUMIFS('Исходные данные'!$J$2:$J$966,'Исходные данные'!$D$2:$D$966,BV$1,'Исходные данные'!$F$2:$F$966,$A3) -> 0 | BX3: =SUMIFS('Исходные данные'!$I$2:$I$966,'Исходные данные'!$D$2:$D$966,BX$1,'Исходные данные'!$F$2:$F$966,$A3) -> 0 | BY3: =SUMIFS('Исходные данные'!$J$2:$J$966,'Исходные данные'!$D$2:$D$966,BX$1,'Исходные данные'!$F$2:$F$966,$A3) -> 0 | BZ3: =SUMIFS('Исходные данные'!$I$2:$I$966,'Исходные данные'!$D$2:$D$966,BZ$1,'Исходные данные'!$F$2:$F$966,$A3) -> 0 | CA3: =SUMIFS('Исходные данные'!$J$2:$J$966,'Исходные данные'!$D$2:$D$966,BZ$1,'Исходные данные'!$F$2:$F$966,$A3) -> 0 | CB3: =SUMIFS('Исходные данные'!$I$2:$I$966,'Исходные данные'!$D$2:$D$966,CB$1,'Исходные данные'!$F$2:$F$966,$A3) -> 0 | CC3: =SUMIFS('Исходные данные'!$J$2:$J$966,'Исходные данные'!$D$2:$D$966,CB$1,'Исходные данные'!$F$2:$F$966,$A3) -> 0 | CD3: =SUMIFS('Исходные данные'!$I$2:$I$966,'Исходные данные'!$D$2:$D$966,CD$1,'Исходные данные'!$F$2:$F$966,$A3) -> 0 | CE3: =SUMIFS('Исходные данные'!$J$2:$J$966,'Исходные данные'!$D$2:$D$966,CD$1,'Исходные данные'!$F$2:$F$966,$A3) -> 0 | CF3: =SUMIFS('Исходные данные'!$I$2:$I$966,'Исходные данные'!$D$2:$D$966,CF$1,'Исходные данные'!$F$2:$F$966,$A3) -> 0 | CG3: =SUMIFS('Исходные данные'!$J$2:$J$966,'Исходные данные'!$D$2:$D$966,CF$1,'Исходные данные'!$F$2:$F$966,$A3) -> 0 | CH3: =SUMIFS('Исходные данные'!$I$2:$I$966,'Исходные данные'!$D$2:$D$966,CH$1,'Исходные данные'!$F$2:$F$966,$A3) -> 0 | CI3: =SUMIFS('Исходные данные'!$J$2:$J$966,'Исходные данные'!$D$2:$D$966,CH$1,'Исходные данные'!$F$2:$F$966,$A3) -> 0 | CJ3: =SUMIFS('Исходные данные'!$I$2:$I$966,'Исходные данные'!$D$2:$D$966,CJ$1,'Исходные данные'!$F$2:$F$966,$A3) -> 0 | CK3: =SUMIFS('Исходные данные'!$J$2:$J$966,'Исходные данные'!$D$2:$D$966,CJ$1,'Исходные данные'!$F$2:$F$966,$A3) -> 0 | CL3: =SUMIFS('Исходные данные'!$I$2:$I$966,'Исходные данные'!$D$2:$D$966,CL$1,'Исходные данные'!$F$2:$F$966,$A3) -> 0 | CM3: =SUMIFS('Исходные данные'!$J$2:$J$966,'Исходные данные'!$D$2:$D$966,CL$1,'Исходные данные'!$F$2:$F$966,$A3) -> 0 | CN3: =SUMIFS('Исходные данные'!$I$2:$I$966,'Исходные данные'!$D$2:$D$966,CN$1,'Исходные данные'!$F$2:$F$966,$A3) -> 0 | CO3: =SUMIFS('Исходные данные'!$J$2:$J$966,'Исходные данные'!$D$2:$D$966,CN$1,'Исходные данные'!$F$2:$F$966,$A3) -> 0 | CP3: =SUMIFS('Исходные данные'!$I$2:$I$966,'Исходные данные'!$D$2:$D$966,CP$1,'Исходные данные'!$F$2:$F$966,$A3) -> 0 | CQ3: =SUMIFS('Исходные данные'!$J$2:$J$966,'Исходные данные'!$D$2:$D$966,CP$1,'Исходные данные'!$F$2:$F$966,$A3) -> 0
A4: 47 | B4: Тракторный экскаватор | C4: 10 | D4: =F4+G4 -> 9 | E4: =D4-C4 -> -1 | F4: =SUMIFS($H4:$CQ4,$H$2:$CQ$2,"День") -> 9 | G4: =SUMIFS($H4:$CQ4,$H$2:$CQ$2,"Ночь") -> 0 | H4: =SUMIFS('Исходные данные'!$I$2:$I$966,'Исходные данные'!$D$2:$D$966,H$1,'Исходные данные'!$F$2:$F$966,$A4) -> 1 | I4: =SUMIFS('Исходные данные'!$J$2:$J$966,'Исходные данные'!$D$2:$D$966,H$1,'Исходные данные'!$F$2:$F$966,$A4) -> 0 | J4: =SUMIFS('Исходные данные'!$I$2:$I$966,'Исходные данные'!$D$2:$D$966,J$1,'Исходные данные'!$F$2:$F$966,$A4) -> 1 | K4: =SUMIFS('Исходные данные'!$J$2:$J$966,'Исходные данные'!$D$2:$D$966,J$1,'Исходные данные'!$F$2:$F$966,$A4) -> 0 | L4: =SUMIFS('Исходные данные'!$I$2:$I$966,'Исходные данные'!$D$2:$D$966,L$1,'Исходные данные'!$F$2:$F$966,$A4) -> 2 | M4: =SUMIFS('Исходные данные'!$J$2:$J$966,'Исходные данные'!$D$2:$D$966,L$1,'Исходные данные'!$F$2:$F$966,$A4) -> 0 | N4: =SUMIFS('Исходные данные'!$I$2:$I$966,'Исходные данные'!$D$2:$D$966,N$1,'Исходные данные'!$F$2:$F$966,$A4) -> 0 | O4: =SUMIFS('Исходные данные'!$J$2:$J$966,'Исходные данные'!$D$2:$D$966,N$1,'Исходные данные'!$F$2:$F$966,$A4) -> 0 | P4: =SUMIFS('Исходные данные'!$I$2:$I$966,'Исходные данные'!$D$2:$D$966,P$1,'Исходные данные'!$F$2:$F$966,$A4) -> 1 | Q4: =SUMIFS('Исходные данные'!$J$2:$J$966,'Исходные данные'!$D$2:$D$966,P$1,'Исходные данные'!$F$2:$F$966,$A4) -> 0 | R4: =SUMIFS('Исходные данные'!$I$2:$I$966,'Исходные данные'!$D$2:$D$966,R$1,'Исходные данные'!$F$2:$F$966,$A4) -> 0 | S4: =SUMIFS('Исходные данные'!$J$2:$J$966,'Исходные данные'!$D$2:$D$966,R$1,'Исходные данные'!$F$2:$F$966,$A4) -> 0 | T4: =SUMIFS('Исходные данные'!$I$2:$I$966,'Исходные данные'!$D$2:$D$966,T$1,'Исходные данные'!$F$2:$F$966,$A4) -> 3 | U4: =SUMIFS('Исходные данные'!$J$2:$J$966,'Исходные данные'!$D$2:$D$966,T$1,'Исходные данные'!$F$2:$F$966,$A4) -> 0 | V4: =SUMIFS('Исходные данные'!$I$2:$I$966,'Исходные данные'!$D$2:$D$966,V$1,'Исходные данные'!$F$2:$F$966,$A4) -> 1 | W4: =SUMIFS('Исходные данные'!$J$2:$J$966,'Исходные данные'!$D$2:$D$966,V$1,'Исходные данные'!$F$2:$F$966,$A4) -> 0 | X4: =SUMIFS('Исходные данные'!$I$2:$I$966,'Исходные данные'!$D$2:$D$966,X$1,'Исходные данные'!$F$2:$F$966,$A4) -> 0 | Y4: =SUMIFS('Исходные данные'!$J$2:$J$966,'Исходные данные'!$D$2:$D$966,X$1,'Исходные данные'!$F$2:$F$966,$A4) -> 0 | Z4: =SUMIFS('Исходные данные'!$I$2:$I$966,'Исходные данные'!$D$2:$D$966,Z$1,'Исходные данные'!$F$2:$F$966,$A4) -> 0 | AA4: =SUMIFS('Исходные данные'!$J$2:$J$966,'Исходные данные'!$D$2:$D$966,Z$1,'Исходные данные'!$F$2:$F$966,$A4) -> 0 | AB4: =SUMIFS('Исходные данные'!$I$2:$I$966,'Исходные данные'!$D$2:$D$966,AB$1,'Исходные данные'!$F$2:$F$966,$A4) -> 0 | AC4: =SUMIFS('Исходные данные'!$J$2:$J$966,'Исходные данные'!$D$2:$D$966,AB$1,'Исходные данные'!$F$2:$F$966,$A4) -> 0 | AD4: =SUMIFS('Исходные данные'!$I$2:$I$966,'Исходные данные'!$D$2:$D$966,AD$1,'Исходные данные'!$F$2:$F$966,$A4) -> 0 | AE4: =SUMIFS('Исходные данные'!$J$2:$J$966,'Исходные данные'!$D$2:$D$966,AD$1,'Исходные данные'!$F$2:$F$966,$A4) -> 0 | AF4: =SUMIFS('Исходные данные'!$I$2:$I$966,'Исходные данные'!$D$2:$D$966,AF$1,'Исходные данные'!$F$2:$F$966,$A4) -> 0 | AG4: =SUMIFS('Исходные данные'!$J$2:$J$966,'Исходные данные'!$D$2:$D$966,AF$1,'Исходные данные'!$F$2:$F$966,$A4) -> 0 | AH4: =SUMIFS('Исходные данные'!$I$2:$I$966,'Исходные данные'!$D$2:$D$966,AH$1,'Исходные данные'!$F$2:$F$966,$A4) -> 0 | AI4: =SUMIFS('Исходные данные'!$J$2:$J$966,'Исходные данные'!$D$2:$D$966,AH$1,'Исходные данные'!$F$2:$F$966,$A4) -> 0 | AJ4: =SUMIFS('Исходные данные'!$I$2:$I$966,'Исходные данные'!$D$2:$D$966,AJ$1,'Исходные данные'!$F$2:$F$966,$A4) -> 0 | AK4: =SUMIFS('Исходные данные'!$J$2:$J$966,'Исходные данные'!$D$2:$D$966,AJ$1,'Исходные данные'!$F$2:$F$966,$A4) -> 0 | AL4: =SUMIFS('Исходные данные'!$I$2:$I$966,'Исходные данные'!$D$2:$D$966,AL$1,'Исходные данные'!$F$2:$F$966,$A4) -> 0 | AM4: =SUMIFS('Исходные данные'!$J$2:$J$966,'Исходные данные'!$D$2:$D$966,AL$1,'Исходные данные'!$F$2:$F$966,$A4) -> 0 | AN4: =SUMIFS('Исходные данные'!$I$2:$I$966,'Исходные данные'!$D$2:$D$966,AN$1,'Исходные данные'!$F$2:$F$966,$A4) -> 0 | AO4: =SUMIFS('Исходные данные'!$J$2:$J$966,'Исходные данные'!$D$2:$D$966,AN$1,'Исходные данные'!$F$2:$F$966,$A4) -> 0 | AP4: =SUMIFS('Исходные данные'!$I$2:$I$966,'Исходные данные'!$D$2:$D$966,AP$1,'Исходные данные'!$F$2:$F$966,$A4) -> 0 | AQ4: =SUMIFS('Исходные данные'!$J$2:$J$966,'Исходные данные'!$D$2:$D$966,AP$1,'Исходные данные'!$F$2:$F$966,$A4) -> 0 | AR4: =SUMIFS('Исходные данные'!$I$2:$I$966,'Исходные данные'!$D$2:$D$966,AR$1,'Исходные данные'!$F$2:$F$966,$A4) -> 0 | AS4: =SUMIFS('Исходные данные'!$J$2:$J$966,'Исходные данные'!$D$2:$D$966,AR$1,'Исходные данные'!$F$2:$F$966,$A4) -> 0 | AT4: =SUMIFS('Исходные данные'!$I$2:$I$966,'Исходные данные'!$D$2:$D$966,AT$1,'Исходные данные'!$F$2:$F$966,$A4) -> 0 | AU4: =SUMIFS('Исходные данные'!$J$2:$J$966,'Исходные данные'!$D$2:$D$966,AT$1,'Исходные данные'!$F$2:$F$966,$A4) -> 0 | AV4: =SUMIFS('Исходные данные'!$I$2:$I$966,'Исходные данные'!$D$2:$D$966,AV$1,'Исходные данные'!$F$2:$F$966,$A4) -> 0 | AW4: =SUMIFS('Исходные данные'!$J$2:$J$966,'Исходные данные'!$D$2:$D$966,AV$1,'Исходные данные'!$F$2:$F$966,$A4) -> 0 | AX4: =SUMIFS('Исходные данные'!$I$2:$I$966,'Исходные данные'!$D$2:$D$966,AX$1,'Исходные данные'!$F$2:$F$966,$A4) -> 0 | AY4: =SUMIFS('Исходные данные'!$J$2:$J$966,'Исходные данные'!$D$2:$D$966,AX$1,'Исходные данные'!$F$2:$F$966,$A4) -> 0 | AZ4: =SUMIFS('Исходные данные'!$I$2:$I$966,'Исходные данные'!$D$2:$D$966,AZ$1,'Исходные данные'!$F$2:$F$966,$A4) -> 0 | BA4: =SUMIFS('Исходные данные'!$J$2:$J$966,'Исходные данные'!$D$2:$D$966,AZ$1,'Исходные данные'!$F$2:$F$966,$A4) -> 0 | BB4: =SUMIFS('Исходные данные'!$I$2:$I$966,'Исходные данные'!$D$2:$D$966,BB$1,'Исходные данные'!$F$2:$F$966,$A4) -> 0 | BC4: =SUMIFS('Исходные данные'!$J$2:$J$966,'Исходные данные'!$D$2:$D$966,BB$1,'Исходные данные'!$F$2:$F$966,$A4) -> 0 | BD4: =SUMIFS('Исходные данные'!$I$2:$I$966,'Исходные данные'!$D$2:$D$966,BD$1,'Исходные данные'!$F$2:$F$966,$A4) -> 0 | BE4: =SUMIFS('Исходные данные'!$J$2:$J$966,'Исходные данные'!$D$2:$D$966,BD$1,'Исходные данные'!$F$2:$F$966,$A4) -> 0 | BF4: =SUMIFS('Исходные данные'!$I$2:$I$966,'Исходные данные'!$D$2:$D$966,BF$1,'Исходные данные'!$F$2:$F$966,$A4) -> 0 | BG4: =SUMIFS('Исходные данные'!$J$2:$J$966,'Исходные данные'!$D$2:$D$966,BF$1,'Исходные данные'!$F$2:$F$966,$A4) -> 0 | BH4: =SUMIFS('Исходные данные'!$I$2:$I$966,'Исходные данные'!$D$2:$D$966,BH$1,'Исходные данные'!$F$2:$F$966,$A4) -> 0 | BI4: =SUMIFS('Исходные данные'!$J$2:$J$966,'Исходные данные'!$D$2:$D$966,BH$1,'Исходные данные'!$F$2:$F$966,$A4) -> 0 | BJ4: =SUMIFS('Исходные данные'!$I$2:$I$966,'Исходные данные'!$D$2:$D$966,BJ$1,'Исходные данные'!$F$2:$F$966,$A4) -> 0 | BK4: =SUMIFS('Исходные данные'!$J$2:$J$966,'Исходные данные'!$D$2:$D$966,BJ$1,'Исходные данные'!$F$2:$F$966,$A4) -> 0 | BL4: =SUMIFS('Исходные данные'!$I$2:$I$966,'Исходные данные'!$D$2:$D$966,BL$1,'Исходные данные'!$F$2:$F$966,$A4) -> 0 | BM4: =SUMIFS('Исходные данные'!$J$2:$J$966,'Исходные данные'!$D$2:$D$966,BL$1,'Исходные данные'!$F$2:$F$966,$A4) -> 0 | BN4: =SUMIFS('Исходные данные'!$I$2:$I$966,'Исходные данные'!$D$2:$D$966,BN$1,'Исходные данные'!$F$2:$F$966,$A4) -> 0 | BO4: =SUMIFS('Исходные данные'!$J$2:$J$966,'Исходные данные'!$D$2:$D$966,BN$1,'Исходные данные'!$F$2:$F$966,$A4) -> 0 | BP4: =SUMIFS('Исходные данные'!$I$2:$I$966,'Исходные данные'!$D$2:$D$966,BP$1,'Исходные данные'!$F$2:$F$966,$A4) -> 0 | BQ4: =SUMIFS('Исходные данные'!$J$2:$J$966,'Исходные данные'!$D$2:$D$966,BP$1,'Исходные данные'!$F$2:$F$966,$A4) -> 0 | BR4: =SUMIFS('Исходные данные'!$I$2:$I$966,'Исходные данные'!$D$2:$D$966,BR$1,'Исходные данные'!$F$2:$F$966,$A4) -> 0 | BS4: =SUMIFS('Исходные данные'!$J$2:$J$966,'Исходные данные'!$D$2:$D$966,BR$1,'Исходные данные'!$F$2:$F$966,$A4) -> 0 | BT4: =SUMIFS('Исходные данные'!$I$2:$I$966,'Исходные данные'!$D$2:$D$966,BT$1,'Исходные данные'!$F$2:$F$966,$A4) -> 0 | BU4: =SUMIFS('Исходные данные'!$J$2:$J$966,'Исходные данные'!$D$2:$D$966,BT$1,'Исходные данные'!$F$2:$F$966,$A4) -> 0 | BV4: =SUMIFS('Исходные данные'!$I$2:$I$966,'Исходные данные'!$D$2:$D$966,BV$1,'Исходные данные'!$F$2:$F$966,$A4) -> 0 | BW4: =SUMIFS('Исходные данные'!$J$2:$J$966,'Исходные данные'!$D$2:$D$966,BV$1,'Исходные данные'!$F$2:$F$966,$A4) -> 0 | BX4: =SUMIFS('Исходные данные'!$I$2:$I$966,'Исходные данные'!$D$2:$D$966,BX$1,'Исходные данные'!$F$2:$F$966,$A4) -> 0 | BY4: =SUMIFS('Исходные данные'!$J$2:$J$966,'Исходные данные'!$D$2:$D$966,BX$1,'Исходные данные'!$F$2:$F$966,$A4) -> 0 | BZ4: =SUMIFS('Исходные данные'!$I$2:$I$966,'Исходные данные'!$D$2:$D$966,BZ$1,'Исходные данные'!$F$2:$F$966,$A4) -> 0 | CA4: =SUMIFS('Исходные данные'!$J$2:$J$966,'Исходные данные'!$D$2:$D$966,BZ$1,'Исходные данные'!$F$2:$F$966,$A4) -> 0 | CB4: =SUMIFS('Исходные данные'!$I$2:$I$966,'Исходные данные'!$D$2:$D$966,CB$1,'Исходные данные'!$F$2:$F$966,$A4) -> 0 | CC4: =SUMIFS('Исходные данные'!$J$2:$J$966,'Исходные данные'!$D$2:$D$966,CB$1,'Исходные данные'!$F$2:$F$966,$A4) -> 0 | CD4: =SUMIFS('Исходные данные'!$I$2:$I$966,'Исходные данные'!$D$2:$D$966,CD$1,'Исходные данные'!$F$2:$F$966,$A4) -> 0 | CE4: =SUMIFS('Исходные данные'!$J$2:$J$966,'Исходные данные'!$D$2:$D$966,CD$1,'Исходные данные'!$F$2:$F$966,$A4) -> 0 | CF4: =SUMIFS('Исходные данные'!$I$2:$I$966,'Исходные данные'!$D$2:$D$966,CF$1,'Исходные данные'!$F$2:$F$966,$A4) -> 0 | CG4: =SUMIFS('Исходные данные'!$J$2:$J$966,'Исходные данные'!$D$2:$D$966,CF$1,'Исходные данные'!$F$2:$F$966,$A4) -> 0 | CH4: =SUMIFS('Исходные данные'!$I$2:$I$966,'Исходные данные'!$D$2:$D$966,CH$1,'Исходные данные'!$F$2:$F$966,$A4) -> 0 | CI4: =SUMIFS('Исходные данные'!$J$2:$J$966,'Исходные данные'!$D$2:$D$966,CH$1,'Исходные данные'!$F$2:$F$966,$A4) -> 0 | CJ4: =SUMIFS('Исходные данные'!$I$2:$I$966,'Исходные данные'!$D$2:$D$966,CJ$1,'Исходные данные'!$F$2:$F$966,$A4) -> 0 | CK4: =SUMIFS('Исходные данные'!$J$2:$J$966,'Исходные данные'!$D$2:$D$966,CJ$1,'Исходные данные'!$F$2:$F$966,$A4) -> 0 | CL4: =SUMIFS('Исходные данные'!$I$2:$I$966,'Исходные данные'!$D$2:$D$966,CL$1,'Исходные данные'!$F$2:$F$966,$A4) -> 0 | CM4: =SUMIFS('Исходные данные'!$J$2:$J$966,'Исходные данные'!$D$2:$D$966,CL$1,'Исходные данные'!$F$2:$F$966,$A4) -> 0 | CN4: =SUMIFS('Исходные данные'!$I$2:$I$966,'Исходные данные'!$D$2:$D$966,CN$1,'Исходные данные'!$F$2:$F$966,$A4) -> 0 | CO4: =SUMIFS('Исходные данные'!$J$2:$J$966,'Исходные данные'!$D$2:$D$966,CN$1,'Исходные данные'!$F$2:$F$966,$A4) -> 0 | CP4: =SUMIFS('Исходные данные'!$I$2:$I$966,'Исходные данные'!$D$2:$D$966,CP$1,'Исходные данные'!$F$2:$F$966,$A4) -> 0 | CQ4: =SUMIFS('Исходные данные'!$J$2:$J$966,'Исходные данные'!$D$2:$D$966,CP$1,'Исходные данные'!$F$2:$F$966,$A4) -> 0
A5: 49 | B5: Вакуумная установка | C5: 15 | D5: =F5+G5 -> 15 | E5: =D5-C5 -> 0 | F5: =SUMIFS($H5:$CQ5,$H$2:$CQ$2,"День") -> 9 | G5: =SUMIFS($H5:$CQ5,$H$2:$CQ$2,"Ночь") -> 6 | H5: =SUMIFS('Исходные данные'!$I$2:$I$966,'Исходные данные'!$D$2:$D$966,H$1,'Исходные данные'!$F$2:$F$966,$A5) -> 2 | I5: =SUMIFS('Исходные данные'!$J$2:$J$966,'Исходные данные'!$D$2:$D$966,H$1,'Исходные данные'!$F$2:$F$966,$A5) -> 2 | J5: =SUMIFS('Исходные данные'!$I$2:$I$966,'Исходные данные'!$D$2:$D$966,J$1,'Исходные данные'!$F$2:$F$966,$A5) -> 1 | K5: =SUMIFS('Исходные данные'!$J$2:$J$966,'Исходные данные'!$D$2:$D$966,J$1,'Исходные данные'!$F$2:$F$966,$A5) -> 0 | L5: =SUMIFS('Исходные данные'!$I$2:$I$966,'Исходные данные'!$D$2:$D$966,L$1,'Исходные данные'!$F$2:$F$966,$A5) -> 2 | M5: =SUMIFS('Исходные данные'!$J$2:$J$966,'Исходные данные'!$D$2:$D$966,L$1,'Исходные данные'!$F$2:$F$966,$A5) -> 1 | N5: =SUMIFS('Исходные данные'!$I$2:$I$966,'Исходные данные'!$D$2:$D$966,N$1,'Исходные данные'!$F$2:$F$966,$A5) -> 1 | O5: =SUMIFS('Исходные данные'!$J$2:$J$966,'Исходные данные'!$D$2:$D$966,N$1,'Исходные данные'!$F$2:$F$966,$A5) -> 0 | P5: =SUMIFS('Исходные данные'!$I$2:$I$966,'Исходные данные'!$D$2:$D$966,P$1,'Исходные данные'!$F$2:$F$966,$A5) -> 0 | Q5: =SUMIFS('Исходные данные'!$J$2:$J$966,'Исходные данные'!$D$2:$D$966,P$1,'Исходные данные'!$F$2:$F$966,$A5) -> 0 | R5: =SUMIFS('Исходные данные'!$I$2:$I$966,'Исходные данные'!$D$2:$D$966,R$1,'Исходные данные'!$F$2:$F$966,$A5) -> 0 | S5: =SUMIFS('Исходные данные'!$J$2:$J$966,'Исходные данные'!$D$2:$D$966,R$1,'Исходные данные'!$F$2:$F$966,$A5) -> 0 | T5: =SUMIFS('Исходные данные'!$I$2:$I$966,'Исходные данные'!$D$2:$D$966,T$1,'Исходные данные'!$F$2:$F$966,$A5) -> 0 | U5: =SUMIFS('Исходные данные'!$J$2:$J$966,'Исходные данные'!$D$2:$D$966,T$1,'Исходные данные'!$F$2:$F$966,$A5) -> 0 | V5: =SUMIFS('Исходные данные'!$I$2:$I$966,'Исходные данные'!$D$2:$D$966,V$1,'Исходные данные'!$F$2:$F$966,$A5) -> 0 | W5: =SUMIFS('Исходные данные'!$J$2:$J$966,'Исходные данные'!$D$2:$D$966,V$1,'Исходные данные'!$F$2:$F$966,$A5) -> 0 | X5: =SUMIFS('Исходные данные'!$I$2:$I$966,'Исходные данные'!$D$2:$D$966,X$1,'Исходные данные'!$F$2:$F$966,$A5) -> 0 | Y5: =SUMIFS('Исходные данные'!$J$2:$J$966,'Исходные данные'!$D$2:$D$966,X$1,'Исходные данные'!$F$2:$F$966,$A5) -> 0 | Z5: =SUMIFS('Исходные данные'!$I$2:$I$966,'Исходные данные'!$D$2:$D$966,Z$1,'Исходные данные'!$F$2:$F$966,$A5) -> 0 | AA5: =SUMIFS('Исходные данные'!$J$2:$J$966,'Исходные данные'!$D$2:$D$966,Z$1,'Исходные данные'!$F$2:$F$966,$A5) -> 0 | AB5: =SUMIFS('Исходные данные'!$I$2:$I$966,'Исходные данные'!$D$2:$D$966,AB$1,'Исходные данные'!$F$2:$F$966,$A5) -> 0 | AC5: =SUMIFS('Исходные данные'!$J$2:$J$966,'Исходные данные'!$D$2:$D$966,AB$1,'Исходные данные'!$F$2:$F$966,$A5) -> 0 | AD5: =SUMIFS('Исходные данные'!$I$2:$I$966,'Исходные данные'!$D$2:$D$966,AD$1,'Исходные данные'!$F$2:$F$966,$A5) -> 0 | AE5: =SUMIFS('Исходные данные'!$J$2:$J$966,'Исходные данные'!$D$2:$D$966,AD$1,'Исходные данные'!$F$2:$F$966,$A5) -> 0 | AF5: =SUMIFS('Исходные данные'!$I$2:$I$966,'Исходные данные'!$D$2:$D$966,AF$1,'Исходные данные'!$F$2:$F$966,$A5) -> 0 | AG5: =SUMIFS('Исходные данные'!$J$2:$J$966,'Исходные данные'!$D$2:$D$966,AF$1,'Исходные данные'!$F$2:$F$966,$A5) -> 0 | AH5: =SUMIFS('Исходные данные'!$I$2:$I$966,'Исходные данные'!$D$2:$D$966,AH$1,'Исходные данные'!$F$2:$F$966,$A5) -> 2 | AI5: =SUMIFS('Исходные данные'!$J$2:$J$966,'Исходные данные'!$D$2:$D$966,AH$1,'Исходные данные'!$F$2:$F$966,$A5) -> 2 | AJ5: =SUMIFS('Исходные данные'!$I$2:$I$966,'Исходные данные'!$D$2:$D$966,AJ$1,'Исходные данные'!$F$2:$F$966,$A5) -> 1 | AK5: =SUMIFS('Исходные данные'!$J$2:$J$966,'Исходные данные'!$D$2:$D$966,AJ$1,'Исходные данные'!$F$2:$F$966,$A5) -> 1 | AL5: =SUMIFS('Исходные данные'!$I$2:$I$966,'Исходные данные'!$D$2:$D$966,AL$1,'Исходные данные'!$F$2:$F$966,$A5) -> 0 | AM5: =SUMIFS('Исходные данные'!$J$2:$J$966,'Исходные данные'!$D$2:$D$966,AL$1,'Исходные данные'!$F$2:$F$966,$A5) -> 0 | AN5: =SUMIFS('Исходные данные'!$I$2:$I$966,'Исходные данные'!$D$2:$D$966,AN$1,'Исходные данные'!$F$2:$F$966,$A5) -> 0 | AO5: =SUMIFS('Исходные данные'!$J$2:$J$966,'Исходные данные'!$D$2:$D$966,AN$1,'Исходные данные'!$F$2:$F$966,$A5) -> 0 | AP5: =SUMIFS('Исходные данные'!$I$2:$I$966,'Исходные данные'!$D$2:$D$966,AP$1,'Исходные данные'!$F$2:$F$966,$A5) -> 0 | AQ5: =SUMIFS('Исходные данные'!$J$2:$J$966,'Исходные данные'!$D$2:$D$966,AP$1,'Исходные данные'!$F$2:$F$966,$A5) -> 0 | AR5: =SUMIFS('Исходные данные'!$I$2:$I$966,'Исходные данные'!$D$2:$D$966,AR$1,'Исходные данные'!$F$2:$F$966,$A5) -> 0 | AS5: =SUMIFS('Исходные данные'!$J$2:$J$966,'Исходные данные'!$D$2:$D$966,AR$1,'Исходные данные'!$F$2:$F$966,$A5) -> 0 | AT5: =SUMIFS('Исходные данные'!$I$2:$I$966,'Исходные данные'!$D$2:$D$966,AT$1,'Исходные данные'!$F$2:$F$966,$A5) -> 0 | AU5: =SUMIFS('Исходные данные'!$J$2:$J$966,'Исходные данные'!$D$2:$D$966,AT$1,'Исходные данные'!$F$2:$F$966,$A5) -> 0 | AV5: =SUMIFS('Исходные данные'!$I$2:$I$966,'Исходные данные'!$D$2:$D$966,AV$1,'Исходные данные'!$F$2:$F$966,$A5) -> 0 | AW5: =SUMIFS('Исходные данные'!$J$2:$J$966,'Исходные данные'!$D$2:$D$966,AV$1,'Исходные данные'!$F$2:$F$966,$A5) -> 0 | AX5: =SUMIFS('Исходные данные'!$I$2:$I$966,'Исходные данные'!$D$2:$D$966,AX$1,'Исходные данные'!$F$2:$F$966,$A5) -> 0 | AY5: =SUMIFS('Исходные данные'!$J$2:$J$966,'Исходные данные'!$D$2:$D$966,AX$1,'Исходные данные'!$F$2:$F$966,$A5) -> 0 | AZ5: =SUMIFS('Исходные данные'!$I$2:$I$966,'Исходные данные'!$D$2:$D$966,AZ$1,'Исходные данные'!$F$2:$F$966,$A5) -> 0 | BA5: =SUMIFS('Исходные данные'!$J$2:$J$966,'Исходные данные'!$D$2:$D$966,AZ$1,'Исходные данные'!$F$2:$F$966,$A5) -> 0 | BB5: =SUMIFS('Исходные данные'!$I$2:$I$966,'Исходные данные'!$D$2:$D$966,BB$1,'Исходные данные'!$F$2:$F$966,$A5) -> 0 | BC5: =SUMIFS('Исходные данные'!$J$2:$J$966,'Исходные данные'!$D$2:$D$966,BB$1,'Исходные данные'!$F$2:$F$966,$A5) -> 0 | BD5: =SUMIFS('Исходные данные'!$I$2:$I$966,'Исходные данные'!$D$2:$D$966,BD$1,'Исходные данные'!$F$2:$F$966,$A5) -> 0 | BE5: =SUMIFS('Исходные данные'!$J$2:$J$966,'Исходные данные'!$D$2:$D$966,BD$1,'Исходные данные'!$F$2:$F$966,$A5) -> 0 | BF5: =SUMIFS('Исходные данные'!$I$2:$I$966,'Исходные данные'!$D$2:$D$966,BF$1,'Исходные данные'!$F$2:$F$966,$A5) -> 0 | BG5: =SUMIFS('Исходные данные'!$J$2:$J$966,'Исходные данные'!$D$2:$D$966,BF$1,'Исходные данные'!$F$2:$F$966,$A5) -> 0 | BH5: =SUMIFS('Исходные данные'!$I$2:$I$966,'Исходные данные'!$D$2:$D$966,BH$1,'Исходные данные'!$F$2:$F$966,$A5) -> 0 | BI5: =SUMIFS('Исходные данные'!$J$2:$J$966,'Исходные данные'!$D$2:$D$966,BH$1,'Исходные данные'!$F$2:$F$966,$A5) -> 0 | BJ5: =SUMIFS('Исходные данные'!$I$2:$I$966,'Исходные данные'!$D$2:$D$966,BJ$1,'Исходные данные'!$F$2:$F$966,$A5) -> 0 | BK5: =SUMIFS('Исходные данные'!$J$2:$J$966,'Исходные данные'!$D$2:$D$966,BJ$1,'Исходные данные'!$F$2:$F$966,$A5) -> 0 | BL5: =SUMIFS('Исходные данные'!$I$2:$I$966,'Исходные данные'!$D$2:$D$966,BL$1,'Исходные данные'!$F$2:$F$966,$A5) -> 0 | BM5: =SUMIFS('Исходные данные'!$J$2:$J$966,'Исходные данные'!$D$2:$D$966,BL$1,'Исходные данные'!$F$2:$F$966,$A5) -> 0 | BN5: =SUMIFS('Исходные данные'!$I$2:$I$966,'Исходные данные'!$D$2:$D$966,BN$1,'Исходные данные'!$F$2:$F$966,$A5) -> 0 | BO5: =SUMIFS('Исходные данные'!$J$2:$J$966,'Исходные данные'!$D$2:$D$966,BN$1,'Исходные данные'!$F$2:$F$966,$A5) -> 0 | BP5: =SUMIFS('Исходные данные'!$I$2:$I$966,'Исходные данные'!$D$2:$D$966,BP$1,'Исходные данные'!$F$2:$F$966,$A5) -> 0 | BQ5: =SUMIFS('Исходные данные'!$J$2:$J$966,'Исходные данные'!$D$2:$D$966,BP$1,'Исходные данные'!$F$2:$F$966,$A5) -> 0 | BR5: =SUMIFS('Исходные данные'!$I$2:$I$966,'Исходные данные'!$D$2:$D$966,BR$1,'Исходные данные'!$F$2:$F$966,$A5) -> 0 | BS5: =SUMIFS('Исходные данные'!$J$2:$J$966,'Исходные данные'!$D$2:$D$966,BR$1,'Исходные данные'!$F$2:$F$966,$A5) -> 0 | BT5: =SUMIFS('Исходные данные'!$I$2:$I$966,'Исходные данные'!$D$2:$D$966,BT$1,'Исходные данные'!$F$2:$F$966,$A5) -> 0 | BU5: =SUMIFS('Исходные данные'!$J$2:$J$966,'Исходные данные'!$D$2:$D$966,BT$1,'Исходные данные'!$F$2:$F$966,$A5) -> 0 | BV5: =SUMIFS('Исходные данные'!$I$2:$I$966,'Исходные данные'!$D$2:$D$966,BV$1,'Исходные данные'!$F$2:$F$966,$A5) -> 0 | BW5: =SUMIFS('Исходные данные'!$J$2:$J$966,'Исходные данные'!$D$2:$D$966,BV$1,'Исходные данные'!$F$2:$F$966,$A5) -> 0 | BX5: =SUMIFS('Исходные данные'!$I$2:$I$966,'Исходные данные'!$D$2:$D$966,BX$1,'Исходные данные'!$F$2:$F$966,$A5) -> 0 | BY5: =SUMIFS('Исходные данные'!$J$2:$J$966,'Исходные данные'!$D$2:$D$966,BX$1,'Исходные данные'!$F$2:$F$966,$A5) -> 0 | BZ5: =SUMIFS('Исходные данные'!$I$2:$I$966,'Исходные данные'!$D$2:$D$966,BZ$1,'Исходные данные'!$F$2:$F$966,$A5) -> 0 | CA5: =SUMIFS('Исходные данные'!$J$2:$J$966,'Исходные данные'!$D$2:$D$966,BZ$1,'Исходные данные'!$F$2:$F$966,$A5) -> 0 | CB5: =SUMIFS('Исходные данные'!$I$2:$I$966,'Исходные данные'!$D$2:$D$966,CB$1,'Исходные данные'!$F$2:$F$966,$A5) -> 0 | CC5: =SUMIFS('Исходные данные'!$J$2:$J$966,'Исходные данные'!$D$2:$D$966,CB$1,'Исходные данные'!$F$2:$F$966,$A5) -> 0 | CD5: =SUMIFS('Исходные данные'!$I$2:$I$966,'Исходные данные'!$D$2:$D$966,CD$1,'Исходные данные'!$F$2:$F$966,$A5) -> 0 | CE5: =SUMIFS('Исходные данные'!$J$2:$J$966,'Исходные данные'!$D$2:$D$966,CD$1,'Исходные данные'!$F$2:$F$966,$A5) -> 0 | CF5: =SUMIFS('Исходные данные'!$I$2:$I$966,'Исходные данные'!$D$2:$D$966,CF$1,'Исходные данные'!$F$2:$F$966,$A5) -> 0 | CG5: =SUMIFS('Исходные данные'!$J$2:$J$966,'Исходные данные'!$D$2:$D$966,CF$1,'Исходные данные'!$F$2:$F$966,$A5) -> 0 | CH5: =SUMIFS('Исходные данные'!$I$2:$I$966,'Исходные данные'!$D$2:$D$966,CH$1,'Исходные данные'!$F$2:$F$966,$A5) -> 0 | CI5: =SUMIFS('Исходные данные'!$J$2:$J$966,'Исходные данные'!$D$2:$D$966,CH$1,'Исходные данные'!$F$2:$F$966,$A5) -> 0 | CJ5: =SUMIFS('Исходные данные'!$I$2:$I$966,'Исходные данные'!$D$2:$D$966,CJ$1,'Исходные данные'!$F$2:$F$966,$A5) -> 0 | CK5: =SUMIFS('Исходные данные'!$J$2:$J$966,'Исходные данные'!$D$2:$D$966,CJ$1,'Исходные данные'!$F$2:$F$966,$A5) -> 0 | CL5: =SUMIFS('Исходные данные'!$I$2:$I$966,'Исходные данные'!$D$2:$D$966,CL$1,'Исходные данные'!$F$2:$F$966,$A5) -> 0 | CM5: =SUMIFS('Исходные данные'!$J$2:$J$966,'Исходные данные'!$D$2:$D$966,CL$1,'Исходные данные'!$F$2:$F$966,$A5) -> 0 | CN5: =SUMIFS('Исходные данные'!$I$2:$I$966,'Исходные данные'!$D$2:$D$966,CN$1,'Исходные данные'!$F$2:$F$966,$A5) -> 0 | CO5: =SUMIFS('Исходные данные'!$J$2:$J$966,'Исходные данные'!$D$2:$D$966,CN$1,'Исходные данные'!$F$2:$F$966,$A5) -> 0 | CP5: =SUMIFS('Исходные данные'!$I$2:$I$966,'Исходные данные'!$D$2:$D$966,CP$1,'Исходные данные'!$F$2:$F$966,$A5) -> 0 | CQ5: =SUMIFS('Исходные данные'!$J$2:$J$966,'Исходные данные'!$D$2:$D$966,CP$1,'Исходные данные'!$F$2:$F$966,$A5) -> 0
A6: 28 | B6: Кран 16-20т | C6: 25 | D6: =F6+G6 -> 24 | E6: =D6-C6 -> -1 | F6: =SUMIFS($H6:$CQ6,$H$2:$CQ$2,"День") -> 16 | G6: =SUMIFS($H6:$CQ6,$H$2:$CQ$2,"Ночь") -> 8 | H6: =SUMIFS('Исходные данные'!$I$2:$I$966,'Исходные данные'!$D$2:$D$966,H$1,'Исходные данные'!$F$2:$F$966,$A6) -> 1 | I6: =SUMIFS('Исходные данные'!$J$2:$J$966,'Исходные данные'!$D$2:$D$966,H$1,'Исходные данные'!$F$2:$F$966,$A6) -> 0 | J6: =SUMIFS('Исходные данные'!$I$2:$I$966,'Исходные данные'!$D$2:$D$966,J$1,'Исходные данные'!$F$2:$F$966,$A6) -> 1 | K6: =SUMIFS('Исходные данные'!$J$2:$J$966,'Исходные данные'!$D$2:$D$966,J$1,'Исходные данные'!$F$2:$F$966,$A6) -> 0 | L6: =SUMIFS('Исходные данные'!$I$2:$I$966,'Исходные данные'!$D$2:$D$966,L$1,'Исходные данные'!$F$2:$F$966,$A6) -> 2 | M6: =SUMIFS('Исходные данные'!$J$2:$J$966,'Исходные данные'!$D$2:$D$966,L$1,'Исходные данные'!$F$2:$F$966,$A6) -> 0 | N6: =SUMIFS('Исходные данные'!$I$2:$I$966,'Исходные данные'!$D$2:$D$966,N$1,'Исходные данные'!$F$2:$F$966,$A6) -> 0 | O6: =SUMIFS('Исходные данные'!$J$2:$J$966,'Исходные данные'!$D$2:$D$966,N$1,'Исходные данные'!$F$2:$F$966,$A6) -> 0 | P6: =SUMIFS('Исходные данные'!$I$2:$I$966,'Исходные данные'!$D$2:$D$966,P$1,'Исходные данные'!$F$2:$F$966,$A6) -> 0 | Q6: =SUMIFS('Исходные данные'!$J$2:$J$966,'Исходные данные'!$D$2:$D$966,P$1,'Исходные данные'!$F$2:$F$966,$A6) -> 0 | R6: =SUMIFS('Исходные данные'!$I$2:$I$966,'Исходные данные'!$D$2:$D$966,R$1,'Исходные данные'!$F$2:$F$966,$A6) -> 1 | S6: =SUMIFS('Исходные данные'!$J$2:$J$966,'Исходные данные'!$D$2:$D$966,R$1,'Исходные данные'!$F$2:$F$966,$A6) -> 0 | T6: =SUMIFS('Исходные данные'!$I$2:$I$966,'Исходные данные'!$D$2:$D$966,T$1,'Исходные данные'!$F$2:$F$966,$A6) -> 0 | U6: =SUMIFS('Исходные данные'!$J$2:$J$966,'Исходные данные'!$D$2:$D$966,T$1,'Исходные данные'!$F$2:$F$966,$A6) -> 0 | V6: =SUMIFS('Исходные данные'!$I$2:$I$966,'Исходные данные'!$D$2:$D$966,V$1,'Исходные данные'!$F$2:$F$966,$A6) -> 0 | W6: =SUMIFS('Исходные данные'!$J$2:$J$966,'Исходные данные'!$D$2:$D$966,V$1,'Исходные данные'!$F$2:$F$966,$A6) -> 0 | X6: =SUMIFS('Исходные данные'!$I$2:$I$966,'Исходные данные'!$D$2:$D$966,X$1,'Исходные данные'!$F$2:$F$966,$A6) -> 2 | Y6: =SUMIFS('Исходные данные'!$J$2:$J$966,'Исходные данные'!$D$2:$D$966,X$1,'Исходные данные'!$F$2:$F$966,$A6) -> 0 | Z6: =SUMIFS('Исходные данные'!$I$2:$I$966,'Исходные данные'!$D$2:$D$966,Z$1,'Исходные данные'!$F$2:$F$966,$A6) -> 1 | AA6: =SUMIFS('Исходные данные'!$J$2:$J$966,'Исходные данные'!$D$2:$D$966,Z$1,'Исходные данные'!$F$2:$F$966,$A6) -> 0 | AB6: =SUMIFS('Исходные данные'!$I$2:$I$966,'Исходные данные'!$D$2:$D$966,AB$1,'Исходные данные'!$F$2:$F$966,$A6) -> 0 | AC6: =SUMIFS('Исходные данные'!$J$2:$J$966,'Исходные данные'!$D$2:$D$966,AB$1,'Исходные данные'!$F$2:$F$966,$A6) -> 0 | AD6: =SUMIFS('Исходные данные'!$I$2:$I$966,'Исходные данные'!$D$2:$D$966,AD$1,'Исходные данные'!$F$2:$F$966,$A6) -> 0 | AE6: =SUMIFS('Исходные данные'!$J$2:$J$966,'Исходные данные'!$D$2:$D$966,AD$1,'Исходные данные'!$F$2:$F$966,$A6) -> 0 | AF6: =SUMIFS('Исходные данные'!$I$2:$I$966,'Исходные данные'!$D$2:$D$966,AF$1,'Исходные данные'!$F$2:$F$966,$A6) -> 1 | AG6: =SUMIFS('Исходные данные'!$J$2:$J$966,'Исходные данные'!$D$2:$D$966,AF$1,'Исходные данные'!$F$2:$F$966,$A6) -> 0 | AH6: =SUMIFS('Исходные данные'!$I$2:$I$966,'Исходные данные'!$D$2:$D$966,AH$1,'Исходные данные'!$F$2:$F$966,$A6) -> 4 | AI6: =SUMIFS('Исходные данные'!$J$2:$J$966,'Исходные данные'!$D$2:$D$966,AH$1,'Исходные данные'!$F$2:$F$966,$A6) -> 5 | AJ6: =SUMIFS('Исходные данные'!$I$2:$I$966,'Исходные данные'!$D$2:$D$966,AJ$1,'Исходные данные'!$F$2:$F$966,$A6) -> 3 | AK6: =SUMIFS('Исходные данные'!$J$2:$J$966,'Исходные данные'!$D$2:$D$966,AJ$1,'Исходные данные'!$F$2:$F$966,$A6) -> 3 | AL6: =SUMIFS('Исходные данные'!$I$2:$I$966,'Исходные данные'!$D$2:$D$966,AL$1,'Исходные данные'!$F$2:$F$966,$A6) -> 0 | AM6: =SUMIFS('Исходные данные'!$J$2:$J$966,'Исходные данные'!$D$2:$D$966,AL$1,'Исходные данные'!$F$2:$F$966,$A6) -> 0 | AN6: =SUMIFS('Исходные данные'!$I$2:$I$966,'Исходные данные'!$D$2:$D$966,AN$1,'Исходные данные'!$F$2:$F$966,$A6) -> 0 | AO6: =SUMIFS('Исходные данные'!$J$2:$J$966,'Исходные данные'!$D$2:$D$966,AN$1,'Исходные данные'!$F$2:$F$966,$A6) -> 0 | AP6: =SUMIFS('Исходные данные'!$I$2:$I$966,'Исходные данные'!$D$2:$D$966,AP$1,'Исходные данные'!$F$2:$F$966,$A6) -> 0 | AQ6: =SUMIFS('Исходные данные'!$J$2:$J$966,'Исходные данные'!$D$2:$D$966,AP$1,'Исходные данные'!$F$2:$F$966,$A6) -> 0 | AR6: =SUMIFS('Исходные данные'!$I$2:$I$966,'Исходные данные'!$D$2:$D$966,AR$1,'Исходные данные'!$F$2:$F$966,$A6) -> 0 | AS6: =SUMIFS('Исходные данные'!$J$2:$J$966,'Исходные данные'!$D$2:$D$966,AR$1,'Исходные данные'!$F$2:$F$966,$A6) -> 0 | AT6: =SUMIFS('Исходные данные'!$I$2:$I$966,'Исходные данные'!$D$2:$D$966,AT$1,'Исходные данные'!$F$2:$F$966,$A6) -> 0 | AU6: =SUMIFS('Исходные данные'!$J$2:$J$966,'Исходные данные'!$D$2:$D$966,AT$1,'Исходные данные'!$F$2:$F$966,$A6) -> 0 | AV6: =SUMIFS('Исходные данные'!$I$2:$I$966,'Исходные данные'!$D$2:$D$966,AV$1,'Исходные данные'!$F$2:$F$966,$A6) -> 0 | AW6: =SUMIFS('Исходные данные'!$J$2:$J$966,'Исходные данные'!$D$2:$D$966,AV$1,'Исходные данные'!$F$2:$F$966,$A6) -> 0 | AX6: =SUMIFS('Исходные данные'!$I$2:$I$966,'Исходные данные'!$D$2:$D$966,AX$1,'Исходные данные'!$F$2:$F$966,$A6) -> 0 | AY6: =SUMIFS('Исходные данные'!$J$2:$J$966,'Исходные данные'!$D$2:$D$966,AX$1,'Исходные данные'!$F$2:$F$966,$A6) -> 0 | AZ6: =SUMIFS('Исходные данные'!$I$2:$I$966,'Исходные данные'!$D$2:$D$966,AZ$1,'Исходные данные'!$F$2:$F$966,$A6) -> 0 | BA6: =SUMIFS('Исходные данные'!$J$2:$J$966,'Исходные данные'!$D$2:$D$966,AZ$1,'Исходные данные'!$F$2:$F$966,$A6) -> 0 | BB6: =SUMIFS('Исходные данные'!$I$2:$I$966,'Исходные данные'!$D$2:$D$966,BB$1,'Исходные данные'!$F$2:$F$966,$A6) -> 0 | BC6: =SUMIFS('Исходные данные'!$J$2:$J$966,'Исходные данные'!$D$2:$D$966,BB$1,'Исходные данные'!$F$2:$F$966,$A6) -> 0 | BD6: =SUMIFS('Исходные данные'!$I$2:$I$966,'Исходные данные'!$D$2:$D$966,BD$1,'Исходные данные'!$F$2:$F$966,$A6) -> 0 | BE6: =SUMIFS('Исходные данные'!$J$2:$J$966,'Исходные данные'!$D$2:$D$966,BD$1,'Исходные данные'!$F$2:$F$966,$A6) -> 0 | BF6: =SUMIFS('Исходные данные'!$I$2:$I$966,'Исходные данные'!$D$2:$D$966,BF$1,'Исходные данные'!$F$2:$F$966,$A6) -> 0 | BG6: =SUMIFS('Исходные данные'!$J$2:$J$966,'Исходные данные'!$D$2:$D$966,BF$1,'Исходные данные'!$F$2:$F$966,$A6) -> 0 | BH6: =SUMIFS('Исходные данные'!$I$2:$I$966,'Исходные данные'!$D$2:$D$966,BH$1,'Исходные данные'!$F$2:$F$966,$A6) -> 0 | BI6: =SUMIFS('Исходные данные'!$J$2:$J$966,'Исходные данные'!$D$2:$D$966,BH$1,'Исходные данные'!$F$2:$F$966,$A6) -> 0 | BJ6: =SUMIFS('Исходные данные'!$I$2:$I$966,'Исходные данные'!$D$2:$D$966,BJ$1,'Исходные данные'!$F$2:$F$966,$A6) -> 0 | BK6: =SUMIFS('Исходные данные'!$J$2:$J$966,'Исходные данные'!$D$2:$D$966,BJ$1,'Исходные данные'!$F$2:$F$966,$A6) -> 0 | BL6: =SUMIFS('Исходные данные'!$I$2:$I$966,'Исходные данные'!$D$2:$D$966,BL$1,'Исходные данные'!$F$2:$F$966,$A6) -> 0 | BM6: =SUMIFS('Исходные данные'!$J$2:$J$966,'Исходные данные'!$D$2:$D$966,BL$1,'Исходные данные'!$F$2:$F$966,$A6) -> 0 | BN6: =SUMIFS('Исходные данные'!$I$2:$I$966,'Исходные данные'!$D$2:$D$966,BN$1,'Исходные данные'!$F$2:$F$966,$A6) -> 0 | BO6: =SUMIFS('Исходные данные'!$J$2:$J$966,'Исходные данные'!$D$2:$D$966,BN$1,'Исходные данные'!$F$2:$F$966,$A6) -> 0 | BP6: =SUMIFS('Исходные данные'!$I$2:$I$966,'Исходные данные'!$D$2:$D$966,BP$1,'Исходные данные'!$F$2:$F$966,$A6) -> 0 | BQ6: =SUMIFS('Исходные данные'!$J$2:$J$966,'Исходные данные'!$D$2:$D$966,BP$1,'Исходные данные'!$F$2:$F$966,$A6) -> 0 | BR6: =SUMIFS('Исходные данные'!$I$2:$I$966,'Исходные данные'!$D$2:$D$966,BR$1,'Исходные данные'!$F$2:$F$966,$A6) -> 0 | BS6: =SUMIFS('Исходные данные'!$J$2:$J$966,'Исходные данные'!$D$2:$D$966,BR$1,'Исходные данные'!$F$2:$F$966,$A6) -> 0 | BT6: =SUMIFS('Исходные данные'!$I$2:$I$966,'Исходные данные'!$D$2:$D$966,BT$1,'Исходные данные'!$F$2:$F$966,$A6) -> 0 | BU6: =SUMIFS('Исходные данные'!$J$2:$J$966,'Исходные данные'!$D$2:$D$966,BT$1,'Исходные данные'!$F$2:$F$966,$A6) -> 0 | BV6: =SUMIFS('Исходные данные'!$I$2:$I$966,'Исходные данные'!$D$2:$D$966,BV$1,'Исходные данные'!$F$2:$F$966,$A6) -> 0 | BW6: =SUMIFS('Исходные данные'!$J$2:$J$966,'Исходные данные'!$D$2:$D$966,BV$1,'Исходные данные'!$F$2:$F$966,$A6) -> 0 | BX6: =SUMIFS('Исходные данные'!$I$2:$I$966,'Исходные данные'!$D$2:$D$966,BX$1,'Исходные данные'!$F$2:$F$966,$A6) -> 0 | BY6: =SUMIFS('Исходные данные'!$J$2:$J$966,'Исходные данные'!$D$2:$D$966,BX$1,'Исходные данные'!$F$2:$F$966,$A6) -> 0 | BZ6: =SUMIFS('Исходные данные'!$I$2:$I$966,'Исходные данные'!$D$2:$D$966,BZ$1,'Исходные данные'!$F$2:$F$966,$A6) -> 0 | CA6: =SUMIFS('Исходные данные'!$J$2:$J$966,'Исходные данные'!$D$2:$D$966,BZ$1,'Исходные данные'!$F$2:$F$966,$A6) -> 0 | CB6: =SUMIFS('Исходные данные'!$I$2:$I$966,'Исходные данные'!$D$2:$D$966,CB$1,'Исходные данные'!$F$2:$F$966,$A6) -> 0 | CC6: =SUMIFS('Исходные данные'!$J$2:$J$966,'Исходные данные'!$D$2:$D$966,CB$1,'Исходные данные'!$F$2:$F$966,$A6) -> 0 | CD6: =SUMIFS('Исходные данные'!$I$2:$I$966,'Исходные данные'!$D$2:$D$966,CD$1,'Исходные данные'!$F$2:$F$966,$A6) -> 0 | CE6: =SUMIFS('Исходные данные'!$J$2:$J$966,'Исходные данные'!$D$2:$D$966,CD$1,'Исходные данные'!$F$2:$F$966,$A6) -> 0 | CF6: =SUMIFS('Исходные данные'!$I$2:$I$966,'Исходные данные'!$D$2:$D$966,CF$1,'Исходные данные'!$F$2:$F$966,$A6) -> 0 | CG6: =SUMIFS('Исходные данные'!$J$2:$J$966,'Исходные данные'!$D$2:$D$966,CF$1,'Исходные данные'!$F$2:$F$966,$A6) -> 0 | CH6: =SUMIFS('Исходные данные'!$I$2:$I$966,'Исходные данные'!$D$2:$D$966,CH$1,'Исходные данные'!$F$2:$F$966,$A6) -> 0 | CI6: =SUMIFS('Исходные данные'!$J$2:$J$966,'Исходные данные'!$D$2:$D$966,CH$1,'Исходные данные'!$F$2:$F$966,$A6) -> 0 | CJ6: =SUMIFS('Исходные данные'!$I$2:$I$966,'Исходные данные'!$D$2:$D$966,CJ$1,'Исходные данные'!$F$2:$F$966,$A6) -> 0 | CK6: =SUMIFS('Исходные данные'!$J$2:$J$966,'Исходные данные'!$D$2:$D$966,CJ$1,'Исходные данные'!$F$2:$F$966,$A6) -> 0 | CL6: =SUMIFS('Исходные данные'!$I$2:$I$966,'Исходные данные'!$D$2:$D$966,CL$1,'Исходные данные'!$F$2:$F$966,$A6) -> 0 | CM6: =SUMIFS('Исходные данные'!$J$2:$J$966,'Исходные данные'!$D$2:$D$966,CL$1,'Исходные данные'!$F$2:$F$966,$A6) -> 0 | CN6: =SUMIFS('Исходные данные'!$I$2:$I$966,'Исходные данные'!$D$2:$D$966,CN$1,'Исходные данные'!$F$2:$F$966,$A6) -> 0 | CO6: =SUMIFS('Исходные данные'!$J$2:$J$966,'Исходные данные'!$D$2:$D$966,CN$1,'Исходные данные'!$F$2:$F$966,$A6) -> 0 | CP6: =SUMIFS('Исходные данные'!$I$2:$I$966,'Исходные данные'!$D$2:$D$966,CP$1,'Исходные данные'!$F$2:$F$966,$A6) -> 0 | CQ6: =SUMIFS('Исходные данные'!$J$2:$J$966,'Исходные данные'!$D$2:$D$966,CP$1,'Исходные данные'!$F$2:$F$966,$A6) -> 0
A7: 22 | B7: Седельный тягач | C7: 23 | D7: =F7+G7 -> 22 | E7: =D7-C7 -> -1 | F7: =SUMIFS($H7:$CQ7,$H$2:$CQ$2,"День") -> 15 | G7: =SUMIFS($H7:$CQ7,$H$2:$CQ$2,"Ночь") -> 7 | H7: =SUMIFS('Исходные данные'!$I$2:$I$966,'Исходные данные'!$D$2:$D$966,H$1,'Исходные данные'!$F$2:$F$966,$A7) -> 1 | I7: =SUMIFS('Исходные данные'!$J$2:$J$966,'Исходные данные'!$D$2:$D$966,H$1,'Исходные данные'!$F$2:$F$966,$A7) -> 0 | J7: =SUMIFS('Исходные данные'!$I$2:$I$966,'Исходные данные'!$D$2:$D$966,J$1,'Исходные данные'!$F$2:$F$966,$A7) -> 1 | K7: =SUMIFS('Исходные данные'!$J$2:$J$966,'Исходные данные'!$D$2:$D$966,J$1,'Исходные данные'!$F$2:$F$966,$A7) -> 0 | L7: =SUMIFS('Исходные данные'!$I$2:$I$966,'Исходные данные'!$D$2:$D$966,L$1,'Исходные данные'!$F$2:$F$966,$A7) -> 1 | M7: =SUMIFS('Исходные данные'!$J$2:$J$966,'Исходные данные'!$D$2:$D$966,L$1,'Исходные данные'!$F$2:$F$966,$A7) -> 0 | N7: =SUMIFS('Исходные данные'!$I$2:$I$966,'Исходные данные'!$D$2:$D$966,N$1,'Исходные данные'!$F$2:$F$966,$A7) -> 0 | O7: =SUMIFS('Исходные данные'!$J$2:$J$966,'Исходные данные'!$D$2:$D$966,N$1,'Исходные данные'!$F$2:$F$966,$A7) -> 0 | P7: =SUMIFS('Исходные данные'!$I$2:$I$966,'Исходные данные'!$D$2:$D$966,P$1,'Исходные данные'!$F$2:$F$966,$A7) -> 0 | Q7: =SUMIFS('Исходные данные'!$J$2:$J$966,'Исходные данные'!$D$2:$D$966,P$1,'Исходные данные'!$F$2:$F$966,$A7) -> 0 | R7: =SUMIFS('Исходные данные'!$I$2:$I$966,'Исходные данные'!$D$2:$D$966,R$1,'Исходные данные'!$F$2:$F$966,$A7) -> 1 | S7: =SUMIFS('Исходные данные'!$J$2:$J$966,'Исходные данные'!$D$2:$D$966,R$1,'Исходные данные'!$F$2:$F$966,$A7) -> 0 | T7: =SUMIFS('Исходные данные'!$I$2:$I$966,'Исходные данные'!$D$2:$D$966,T$1,'Исходные данные'!$F$2:$F$966,$A7) -> 0 | U7: =SUMIFS('Исходные данные'!$J$2:$J$966,'Исходные данные'!$D$2:$D$966,T$1,'Исходные данные'!$F$2:$F$966,$A7) -> 0 | V7: =SUMIFS('Исходные данные'!$I$2:$I$966,'Исходные данные'!$D$2:$D$966,V$1,'Исходные данные'!$F$2:$F$966,$A7) -> 0 | W7: =SUMIFS('Исходные данные'!$J$2:$J$966,'Исходные данные'!$D$2:$D$966,V$1,'Исходные данные'!$F$2:$F$966,$A7) -> 0 | X7: =SUMIFS('Исходные данные'!$I$2:$I$966,'Исходные данные'!$D$2:$D$966,X$1,'Исходные данные'!$F$2:$F$966,$A7) -> 1 | Y7: =SUMIFS('Исходные данные'!$J$2:$J$966,'Исходные данные'!$D$2:$D$966,X$1,'Исходные данные'!$F$2:$F$966,$A7) -> 0 | Z7: =SUMIFS('Исходные данные'!$I$2:$I$966,'Исходные данные'!$D$2:$D$966,Z$1,'Исходные данные'!$F$2:$F$966,$A7) -> 0 | AA7: =SUMIFS('Исходные данные'!$J$2:$J$966,'Исходные данные'!$D$2:$D$966,Z$1,'Исходные данные'!$F$2:$F$966,$A7) -> 0 | AB7: =SUMIFS('Исходные данные'!$I$2:$I$966,'Исходные данные'!$D$2:$D$966,AB$1,'Исходные данные'!$F$2:$F$966,$A7) -> 0 | AC7: =SUMIFS('Исходные данные'!$J$2:$J$966,'Исходные данные'!$D$2:$D$966,AB$1,'Исходные данные'!$F$2:$F$966,$A7) -> 0 | AD7: =SUMIFS('Исходные данные'!$I$2:$I$966,'Исходные данные'!$D$2:$D$966,AD$1,'Исходные данные'!$F$2:$F$966,$A7) -> 0 | AE7: =SUMIFS('Исходные данные'!$J$2:$J$966,'Исходные данные'!$D$2:$D$966,AD$1,'Исходные данные'!$F$2:$F$966,$A7) -> 0 | AF7: =SUMIFS('Исходные данные'!$I$2:$I$966,'Исходные данные'!$D$2:$D$966,AF$1,'Исходные данные'!$F$2:$F$966,$A7) -> 3 | AG7: =SUMIFS('Исходные данные'!$J$2:$J$966,'Исходные данные'!$D$2:$D$966,AF$1,'Исходные данные'!$F$2:$F$966,$A7) -> 0 | AH7: =SUMIFS('Исходные данные'!$I$2:$I$966,'Исходные данные'!$D$2:$D$966,AH$1,'Исходные данные'!$F$2:$F$966,$A7) -> 4 | AI7: =SUMIFS('Исходные данные'!$J$2:$J$966,'Исходные данные'!$D$2:$D$966,AH$1,'Исходные данные'!$F$2:$F$966,$A7) -> 4 | AJ7: =SUMIFS('Исходные данные'!$I$2:$I$966,'Исходные данные'!$D$2:$D$966,AJ$1,'Исходные данные'!$F$2:$F$966,$A7) -> 3 | AK7: =SUMIFS('Исходные данные'!$J$2:$J$966,'Исходные данные'!$D$2:$D$966,AJ$1,'Исходные данные'!$F$2:$F$966,$A7) -> 3 | AL7: =SUMIFS('Исходные данные'!$I$2:$I$966,'Исходные данные'!$D$2:$D$966,AL$1,'Исходные данные'!$F$2:$F$966,$A7) -> 0 | AM7: =SUMIFS('Исходные данные'!$J$2:$J$966,'Исходные данные'!$D$2:$D$966,AL$1,'Исходные данные'!$F$2:$F$966,$A7) -> 0 | AN7: =SUMIFS('Исходные данные'!$I$2:$I$966,'Исходные данные'!$D$2:$D$966,AN$1,'Исходные данные'!$F$2:$F$966,$A7) -> 0 | AO7: =SUMIFS('Исходные данные'!$J$2:$J$966,'Исходные данные'!$D$2:$D$966,AN$1,'Исходные данные'!$F$2:$F$966,$A7) -> 0 | AP7: =SUMIFS('Исходные данные'!$I$2:$I$966,'Исходные данные'!$D$2:$D$966,AP$1,'Исходные данные'!$F$2:$F$966,$A7) -> 0 | AQ7: =SUMIFS('Исходные данные'!$J$2:$J$966,'Исходные данные'!$D$2:$D$966,AP$1,'Исходные данные'!$F$2:$F$966,$A7) -> 0 | AR7: =SUMIFS('Исходные данные'!$I$2:$I$966,'Исходные данные'!$D$2:$D$966,AR$1,'Исходные данные'!$F$2:$F$966,$A7) -> 0 | AS7: =SUMIFS('Исходные данные'!$J$2:$J$966,'Исходные данные'!$D$2:$D$966,AR$1,'Исходные данные'!$F$2:$F$966,$A7) -> 0 | AT7: =SUMIFS('Исходные данные'!$I$2:$I$966,'Исходные данные'!$D$2:$D$966,AT$1,'Исходные данные'!$F$2:$F$966,$A7) -> 0 | AU7: =SUMIFS('Исходные данные'!$J$2:$J$966,'Исходные данные'!$D$2:$D$966,AT$1,'Исходные данные'!$F$2:$F$966,$A7) -> 0 | AV7: =SUMIFS('Исходные данные'!$I$2:$I$966,'Исходные данные'!$D$2:$D$966,AV$1,'Исходные данные'!$F$2:$F$966,$A7) -> 0 | AW7: =SUMIFS('Исходные данные'!$J$2:$J$966,'Исходные данные'!$D$2:$D$966,AV$1,'Исходные данные'!$F$2:$F$966,$A7) -> 0 | AX7: =SUMIFS('Исходные данные'!$I$2:$I$966,'Исходные данные'!$D$2:$D$966,AX$1,'Исходные данные'!$F$2:$F$966,$A7) -> 0 | AY7: =SUMIFS('Исходные данные'!$J$2:$J$966,'Исходные данные'!$D$2:$D$966,AX$1,'Исходные данные'!$F$2:$F$966,$A7) -> 0 | AZ7: =SUMIFS('Исходные данные'!$I$2:$I$966,'Исходные данные'!$D$2:$D$966,AZ$1,'Исходные данные'!$F$2:$F$966,$A7) -> 0 | BA7: =SUMIFS('Исходные данные'!$J$2:$J$966,'Исходные данные'!$D$2:$D$966,AZ$1,'Исходные данные'!$F$2:$F$966,$A7) -> 0 | BB7: =SUMIFS('Исходные данные'!$I$2:$I$966,'Исходные данные'!$D$2:$D$966,BB$1,'Исходные данные'!$F$2:$F$966,$A7) -> 0 | BC7: =SUMIFS('Исходные данные'!$J$2:$J$966,'Исходные данные'!$D$2:$D$966,BB$1,'Исходные данные'!$F$2:$F$966,$A7) -> 0 | BD7: =SUMIFS('Исходные данные'!$I$2:$I$966,'Исходные данные'!$D$2:$D$966,BD$1,'Исходные данные'!$F$2:$F$966,$A7) -> 0 | BE7: =SUMIFS('Исходные данные'!$J$2:$J$966,'Исходные данные'!$D$2:$D$966,BD$1,'Исходные данные'!$F$2:$F$966,$A7) -> 0 | BF7: =SUMIFS('Исходные данные'!$I$2:$I$966,'Исходные данные'!$D$2:$D$966,BF$1,'Исходные данные'!$F$2:$F$966,$A7) -> 0 | BG7: =SUMIFS('Исходные данные'!$J$2:$J$966,'Исходные данные'!$D$2:$D$966,BF$1,'Исходные данные'!$F$2:$F$966,$A7) -> 0 | BH7: =SUMIFS('Исходные данные'!$I$2:$I$966,'Исходные данные'!$D$2:$D$966,BH$1,'Исходные данные'!$F$2:$F$966,$A7) -> 0 | BI7: =SUMIFS('Исходные данные'!$J$2:$J$966,'Исходные данные'!$D$2:$D$966,BH$1,'Исходные данные'!$F$2:$F$966,$A7) -> 0 | BJ7: =SUMIFS('Исходные данные'!$I$2:$I$966,'Исходные данные'!$D$2:$D$966,BJ$1,'Исходные данные'!$F$2:$F$966,$A7) -> 0 | BK7: =SUMIFS('Исходные данные'!$J$2:$J$966,'Исходные данные'!$D$2:$D$966,BJ$1,'Исходные данные'!$F$2:$F$966,$A7) -> 0 | BL7: =SUMIFS('Исходные данные'!$I$2:$I$966,'Исходные данные'!$D$2:$D$966,BL$1,'Исходные данные'!$F$2:$F$966,$A7) -> 0 | BM7: =SUMIFS('Исходные данные'!$J$2:$J$966,'Исходные данные'!$D$2:$D$966,BL$1,'Исходные данные'!$F$2:$F$966,$A7) -> 0 | BN7: =SUMIFS('Исходные данные'!$I$2:$I$966,'Исходные данные'!$D$2:$D$966,BN$1,'Исходные данные'!$F$2:$F$966,$A7) -> 0 | BO7: =SUMIFS('Исходные данные'!$J$2:$J$966,'Исходные данные'!$D$2:$D$966,BN$1,'Исходные данные'!$F$2:$F$966,$A7) -> 0 | BP7: =SUMIFS('Исходные данные'!$I$2:$I$966,'Исходные данные'!$D$2:$D$966,BP$1,'Исходные данные'!$F$2:$F$966,$A7) -> 0 | BQ7: =SUMIFS('Исходные данные'!$J$2:$J$966,'Исходные данные'!$D$2:$D$966,BP$1,'Исходные данные'!$F$2:$F$966,$A7) -> 0 | BR7: =SUMIFS('Исходные данные'!$I$2:$I$966,'Исходные данные'!$D$2:$D$966,BR$1,'Исходные данные'!$F$2:$F$966,$A7) -> 0 | BS7: =SUMIFS('Исходные данные'!$J$2:$J$966,'Исходные данные'!$D$2:$D$966,BR$1,'Исходные данные'!$F$2:$F$966,$A7) -> 0 | BT7: =SUMIFS('Исходные данные'!$I$2:$I$966,'Исходные данные'!$D$2:$D$966,BT$1,'Исходные данные'!$F$2:$F$966,$A7) -> 0 | BU7: =SUMIFS('Исходные данные'!$J$2:$J$966,'Исходные данные'!$D$2:$D$966,BT$1,'Исходные данные'!$F$2:$F$966,$A7) -> 0 | BV7: =SUMIFS('Исходные данные'!$I$2:$I$966,'Исходные данные'!$D$2:$D$966,BV$1,'Исходные данные'!$F$2:$F$966,$A7) -> 0 | BW7: =SUMIFS('Исходные данные'!$J$2:$J$966,'Исходные данные'!$D$2:$D$966,BV$1,'Исходные данные'!$F$2:$F$966,$A7) -> 0 | BX7: =SUMIFS('Исходные данные'!$I$2:$I$966,'Исходные данные'!$D$2:$D$966,BX$1,'Исходные данные'!$F$2:$F$966,$A7) -> 0 | BY7: =SUMIFS('Исходные данные'!$J$2:$J$966,'Исходные данные'!$D$2:$D$966,BX$1,'Исходные данные'!$F$2:$F$966,$A7) -> 0 | BZ7: =SUMIFS('Исходные данные'!$I$2:$I$966,'Исходные данные'!$D$2:$D$966,BZ$1,'Исходные данные'!$F$2:$F$966,$A7) -> 0 | CA7: =SUMIFS('Исходные данные'!$J$2:$J$966,'Исходные данные'!$D$2:$D$966,BZ$1,'Исходные данные'!$F$2:$F$966,$A7) -> 0 | CB7: =SUMIFS('Исходные данные'!$I$2:$I$966,'Исходные данные'!$D$2:$D$966,CB$1,'Исходные данные'!$F$2:$F$966,$A7) -> 0 | CC7: =SUMIFS('Исходные данные'!$J$2:$J$966,'Исходные данные'!$D$2:$D$966,CB$1,'Исходные данные'!$F$2:$F$966,$A7) -> 0 | CD7: =SUMIFS('Исходные данные'!$I$2:$I$966,'Исходные данные'!$D$2:$D$966,CD$1,'Исходные данные'!$F$2:$F$966,$A7) -> 0 | CE7: =SUMIFS('Исходные данные'!$J$2:$J$966,'Исходные данные'!$D$2:$D$966,CD$1,'Исходные данные'!$F$2:$F$966,$A7) -> 0 | CF7: =SUMIFS('Исходные данные'!$I$2:$I$966,'Исходные данные'!$D$2:$D$966,CF$1,'Исходные данные'!$F$2:$F$966,$A7) -> 0 | CG7: =SUMIFS('Исходные данные'!$J$2:$J$966,'Исходные данные'!$D$2:$D$966,CF$1,'Исходные данные'!$F$2:$F$966,$A7) -> 0 | CH7: =SUMIFS('Исходные данные'!$I$2:$I$966,'Исходные данные'!$D$2:$D$966,CH$1,'Исходные данные'!$F$2:$F$966,$A7) -> 0 | CI7: =SUMIFS('Исходные данные'!$J$2:$J$966,'Исходные данные'!$D$2:$D$966,CH$1,'Исходные данные'!$F$2:$F$966,$A7) -> 0 | CJ7: =SUMIFS('Исходные данные'!$I$2:$I$966,'Исходные данные'!$D$2:$D$966,CJ$1,'Исходные данные'!$F$2:$F$966,$A7) -> 0 | CK7: =SUMIFS('Исходные данные'!$J$2:$J$966,'Исходные данные'!$D$2:$D$966,CJ$1,'Исходные данные'!$F$2:$F$966,$A7) -> 0 | CL7: =SUMIFS('Исходные данные'!$I$2:$I$966,'Исходные данные'!$D$2:$D$966,CL$1,'Исходные данные'!$F$2:$F$966,$A7) -> 0 | CM7: =SUMIFS('Исходные данные'!$J$2:$J$966,'Исходные данные'!$D$2:$D$966,CL$1,'Исходные данные'!$F$2:$F$966,$A7) -> 0 | CN7: =SUMIFS('Исходные данные'!$I$2:$I$966,'Исходные данные'!$D$2:$D$966,CN$1,'Исходные данные'!$F$2:$F$966,$A7) -> 0 | CO7: =SUMIFS('Исходные данные'!$J$2:$J$966,'Исходные данные'!$D$2:$D$966,CN$1,'Исходные данные'!$F$2:$F$966,$A7) -> 0 | CP7: =SUMIFS('Исходные данные'!$I$2:$I$966,'Исходные данные'!$D$2:$D$966,CP$1,'Исходные данные'!$F$2:$F$966,$A7) -> 0 | CQ7: =SUMIFS('Исходные данные'!$J$2:$J$966,'Исходные данные'!$D$2:$D$966,CP$1,'Исходные данные'!$F$2:$F$966,$A7) -> 0
A8: 27 | B8: Манипулятор | C8: 19 | D8: =F8+G8 -> 19 | E8: =D8-C8 -> 0 | F8: =SUMIFS($H8:$CQ8,$H$2:$CQ$2,"День") -> 14 | G8: =SUMIFS($H8:$CQ8,$H$2:$CQ$2,"Ночь") -> 5 | H8: =SUMIFS('Исходные данные'!$I$2:$I$966,'Исходные данные'!$D$2:$D$966,H$1,'Исходные данные'!$F$2:$F$966,$A8) -> 1 | I8: =SUMIFS('Исходные данные'!$J$2:$J$966,'Исходные данные'!$D$2:$D$966,H$1,'Исходные данные'!$F$2:$F$966,$A8) -> 0 | J8: =SUMIFS('Исходные данные'!$I$2:$I$966,'Исходные данные'!$D$2:$D$966,J$1,'Исходные данные'!$F$2:$F$966,$A8) -> 1 | K8: =SUMIFS('Исходные данные'!$J$2:$J$966,'Исходные данные'!$D$2:$D$966,J$1,'Исходные данные'!$F$2:$F$966,$A8) -> 0 | L8: =SUMIFS('Исходные данные'!$I$2:$I$966,'Исходные данные'!$D$2:$D$966,L$1,'Исходные данные'!$F$2:$F$966,$A8) -> 1 | M8: =SUMIFS('Исходные данные'!$J$2:$J$966,'Исходные данные'!$D$2:$D$966,L$1,'Исходные данные'!$F$2:$F$966,$A8) -> 0 | N8: =SUMIFS('Исходные данные'!$I$2:$I$966,'Исходные данные'!$D$2:$D$966,N$1,'Исходные данные'!$F$2:$F$966,$A8) -> 0 | O8: =SUMIFS('Исходные данные'!$J$2:$J$966,'Исходные данные'!$D$2:$D$966,N$1,'Исходные данные'!$F$2:$F$966,$A8) -> 0 | P8: =SUMIFS('Исходные данные'!$I$2:$I$966,'Исходные данные'!$D$2:$D$966,P$1,'Исходные данные'!$F$2:$F$966,$A8) -> 1 | Q8: =SUMIFS('Исходные данные'!$J$2:$J$966,'Исходные данные'!$D$2:$D$966,P$1,'Исходные данные'!$F$2:$F$966,$A8) -> 0 | R8: =SUMIFS('Исходные данные'!$I$2:$I$966,'Исходные данные'!$D$2:$D$966,R$1,'Исходные данные'!$F$2:$F$966,$A8) -> 1 | S8: =SUMIFS('Исходные данные'!$J$2:$J$966,'Исходные данные'!$D$2:$D$966,R$1,'Исходные данные'!$F$2:$F$966,$A8) -> 0 | T8: =SUMIFS('Исходные данные'!$I$2:$I$966,'Исходные данные'!$D$2:$D$966,T$1,'Исходные данные'!$F$2:$F$966,$A8) -> 0 | U8: =SUMIFS('Исходные данные'!$J$2:$J$966,'Исходные данные'!$D$2:$D$966,T$1,'Исходные данные'!$F$2:$F$966,$A8) -> 0 | V8: =SUMIFS('Исходные данные'!$I$2:$I$966,'Исходные данные'!$D$2:$D$966,V$1,'Исходные данные'!$F$2:$F$966,$A8) -> 1 | W8: =SUMIFS('Исходные данные'!$J$2:$J$966,'Исходные данные'!$D$2:$D$966,V$1,'Исходные данные'!$F$2:$F$966,$A8) -> 0 | X8: =SUMIFS('Исходные данные'!$I$2:$I$966,'Исходные данные'!$D$2:$D$966,X$1,'Исходные данные'!$F$2:$F$966,$A8) -> 0 | Y8: =SUMIFS('Исходные данные'!$J$2:$J$966,'Исходные данные'!$D$2:$D$966,X$1,'Исходные данные'!$F$2:$F$966,$A8) -> 0 | Z8: =SUMIFS('Исходные данные'!$I$2:$I$966,'Исходные данные'!$D$2:$D$966,Z$1,'Исходные данные'!$F$2:$F$966,$A8) -> 1 | AA8: =SUMIFS('Исходные данные'!$J$2:$J$966,'Исходные данные'!$D$2:$D$966,Z$1,'Исходные данные'!$F$2:$F$966,$A8) -> 0 | AB8: =SUMIFS('Исходные данные'!$I$2:$I$966,'Исходные данные'!$D$2:$D$966,AB$1,'Исходные данные'!$F$2:$F$966,$A8) -> 0 | AC8: =SUMIFS('Исходные данные'!$J$2:$J$966,'Исходные данные'!$D$2:$D$966,AB$1,'Исходные данные'!$F$2:$F$966,$A8) -> 0 | AD8: =SUMIFS('Исходные данные'!$I$2:$I$966,'Исходные данные'!$D$2:$D$966,AD$1,'Исходные данные'!$F$2:$F$966,$A8) -> 1 | AE8: =SUMIFS('Исходные данные'!$J$2:$J$966,'Исходные данные'!$D$2:$D$966,AD$1,'Исходные данные'!$F$2:$F$966,$A8) -> 0 | AF8: =SUMIFS('Исходные данные'!$I$2:$I$966,'Исходные данные'!$D$2:$D$966,AF$1,'Исходные данные'!$F$2:$F$966,$A8) -> 0 | AG8: =SUMIFS('Исходные данные'!$J$2:$J$966,'Исходные данные'!$D$2:$D$966,AF$1,'Исходные данные'!$F$2:$F$966,$A8) -> 0 | AH8: =SUMIFS('Исходные данные'!$I$2:$I$966,'Исходные данные'!$D$2:$D$966,AH$1,'Исходные данные'!$F$2:$F$966,$A8) -> 3 | AI8: =SUMIFS('Исходные данные'!$J$2:$J$966,'Исходные данные'!$D$2:$D$966,AH$1,'Исходные данные'!$F$2:$F$966,$A8) -> 3 | AJ8: =SUMIFS('Исходные данные'!$I$2:$I$966,'Исходные данные'!$D$2:$D$966,AJ$1,'Исходные данные'!$F$2:$F$966,$A8) -> 3 | AK8: =SUMIFS('Исходные данные'!$J$2:$J$966,'Исходные данные'!$D$2:$D$966,AJ$1,'Исходные данные'!$F$2:$F$966,$A8) -> 2 | AL8: =SUMIFS('Исходные данные'!$I$2:$I$966,'Исходные данные'!$D$2:$D$966,AL$1,'Исходные данные'!$F$2:$F$966,$A8) -> 0 | AM8: =SUMIFS('Исходные данные'!$J$2:$J$966,'Исходные данные'!$D$2:$D$966,AL$1,'Исходные данные'!$F$2:$F$966,$A8) -> 0 | AN8: =SUMIFS('Исходные данные'!$I$2:$I$966,'Исходные данные'!$D$2:$D$966,AN$1,'Исходные данные'!$F$2:$F$966,$A8) -> 0 | AO8: =SUMIFS('Исходные данные'!$J$2:$J$966,'Исходные данные'!$D$2:$D$966,AN$1,'Исходные данные'!$F$2:$F$966,$A8) -> 0 | AP8: =SUMIFS('Исходные данные'!$I$2:$I$966,'Исходные данные'!$D$2:$D$966,AP$1,'Исходные данные'!$F$2:$F$966,$A8) -> 0 | AQ8: =SUMIFS('Исходные данные'!$J$2:$J$966,'Исходные данные'!$D$2:$D$966,AP$1,'Исходные данные'!$F$2:$F$966,$A8) -> 0 | AR8: =SUMIFS('Исходные данные'!$I$2:$I$966,'Исходные данные'!$D$2:$D$966,AR$1,'Исходные данные'!$F$2:$F$966,$A8) -> 0 | AS8: =SUMIFS('Исходные данные'!$J$2:$J$966,'Исходные данные'!$D$2:$D$966,AR$1,'Исходные данные'!$F$2:$F$966,$A8) -> 0 | AT8: =SUMIFS('Исходные данные'!$I$2:$I$966,'Исходные данные'!$D$2:$D$966,AT$1,'Исходные данные'!$F$2:$F$966,$A8) -> 0 | AU8: =SUMIFS('Исходные данные'!$J$2:$J$966,'Исходные данные'!$D$2:$D$966,AT$1,'Исходные данные'!$F$2:$F$966,$A8) -> 0 | AV8: =SUMIFS('Исходные данные'!$I$2:$I$966,'Исходные данные'!$D$2:$D$966,AV$1,'Исходные данные'!$F$2:$F$966,$A8) -> 0 | AW8: =SUMIFS('Исходные данные'!$J$2:$J$966,'Исходные данные'!$D$2:$D$966,AV$1,'Исходные данные'!$F$2:$F$966,$A8) -> 0 | AX8: =SUMIFS('Исходные данные'!$I$2:$I$966,'Исходные данные'!$D$2:$D$966,AX$1,'Исходные данные'!$F$2:$F$966,$A8) -> 0 | AY8: =SUMIFS('Исходные данные'!$J$2:$J$966,'Исходные данные'!$D$2:$D$966,AX$1,'Исходные данные'!$F$2:$F$966,$A8) -> 0 | AZ8: =SUMIFS('Исходные данные'!$I$2:$I$966,'Исходные данные'!$D$2:$D$966,AZ$1,'Исходные данные'!$F$2:$F$966,$A8) -> 0 | BA8: =SUMIFS('Исходные данные'!$J$2:$J$966,'Исходные данные'!$D$2:$D$966,AZ$1,'Исходные данные'!$F$2:$F$966,$A8) -> 0 | BB8: =SUMIFS('Исходные данные'!$I$2:$I$966,'Исходные данные'!$D$2:$D$966,BB$1,'Исходные данные'!$F$2:$F$966,$A8) -> 0 | BC8: =SUMIFS('Исходные данные'!$J$2:$J$966,'Исходные данные'!$D$2:$D$966,BB$1,'Исходные данные'!$F$2:$F$966,$A8) -> 0 | BD8: =SUMIFS('Исходные данные'!$I$2:$I$966,'Исходные данные'!$D$2:$D$966,BD$1,'Исходные данные'!$F$2:$F$966,$A8) -> 0 | BE8: =SUMIFS('Исходные данные'!$J$2:$J$966,'Исходные данные'!$D$2:$D$966,BD$1,'Исходные данные'!$F$2:$F$966,$A8) -> 0 | BF8: =SUMIFS('Исходные данные'!$I$2:$I$966,'Исходные данные'!$D$2:$D$966,BF$1,'Исходные данные'!$F$2:$F$966,$A8) -> 0 | BG8: =SUMIFS('Исходные данные'!$J$2:$J$966,'Исходные данные'!$D$2:$D$966,BF$1,'Исходные данные'!$F$2:$F$966,$A8) -> 0 | BH8: =SUMIFS('Исходные данные'!$I$2:$I$966,'Исходные данные'!$D$2:$D$966,BH$1,'Исходные данные'!$F$2:$F$966,$A8) -> 0 | BI8: =SUMIFS('Исходные данные'!$J$2:$J$966,'Исходные данные'!$D$2:$D$966,BH$1,'Исходные данные'!$F$2:$F$966,$A8) -> 0 | BJ8: =SUMIFS('Исходные данные'!$I$2:$I$966,'Исходные данные'!$D$2:$D$966,BJ$1,'Исходные данные'!$F$2:$F$966,$A8) -> 0 | BK8: =SUMIFS('Исходные данные'!$J$2:$J$966,'Исходные данные'!$D$2:$D$966,BJ$1,'Исходные данные'!$F$2:$F$966,$A8) -> 0 | BL8: =SUMIFS('Исходные данные'!$I$2:$I$966,'Исходные данные'!$D$2:$D$966,BL$1,'Исходные данные'!$F$2:$F$966,$A8) -> 0 | BM8: =SUMIFS('Исходные данные'!$J$2:$J$966,'Исходные данные'!$D$2:$D$966,BL$1,'Исходные данные'!$F$2:$F$966,$A8) -> 0 | BN8: =SUMIFS('Исходные данные'!$I$2:$I$966,'Исходные данные'!$D$2:$D$966,BN$1,'Исходные данные'!$F$2:$F$966,$A8) -> 0 | BO8: =SUMIFS('Исходные данные'!$J$2:$J$966,'Исходные данные'!$D$2:$D$966,BN$1,'Исходные данные'!$F$2:$F$966,$A8) -> 0 | BP8: =SUMIFS('Исходные данные'!$I$2:$I$966,'Исходные данные'!$D$2:$D$966,BP$1,'Исходные данные'!$F$2:$F$966,$A8) -> 0 | BQ8: =SUMIFS('Исходные данные'!$J$2:$J$966,'Исходные данные'!$D$2:$D$966,BP$1,'Исходные данные'!$F$2:$F$966,$A8) -> 0 | BR8: =SUMIFS('Исходные данные'!$I$2:$I$966,'Исходные данные'!$D$2:$D$966,BR$1,'Исходные данные'!$F$2:$F$966,$A8) -> 0 | BS8: =SUMIFS('Исходные данные'!$J$2:$J$966,'Исходные данные'!$D$2:$D$966,BR$1,'Исходные данные'!$F$2:$F$966,$A8) -> 0 | BT8: =SUMIFS('Исходные данные'!$I$2:$I$966,'Исходные данные'!$D$2:$D$966,BT$1,'Исходные данные'!$F$2:$F$966,$A8) -> 0 | BU8: =SUMIFS('Исходные данные'!$J$2:$J$966,'Исходные данные'!$D$2:$D$966,BT$1,'Исходные данные'!$F$2:$F$966,$A8) -> 0 | BV8: =SUMIFS('Исходные данные'!$I$2:$I$966,'Исходные данные'!$D$2:$D$966,BV$1,'Исходные данные'!$F$2:$F$966,$A8) -> 0 | BW8: =SUMIFS('Исходные данные'!$J$2:$J$966,'Исходные данные'!$D$2:$D$966,BV$1,'Исходные данные'!$F$2:$F$966,$A8) -> 0 | BX8: =SUMIFS('Исходные данные'!$I$2:$I$966,'Исходные данные'!$D$2:$D$966,BX$1,'Исходные данные'!$F$2:$F$966,$A8) -> 0 | BY8: =SUMIFS('Исходные данные'!$J$2:$J$966,'Исходные данные'!$D$2:$D$966,BX$1,'Исходные данные'!$F$2:$F$966,$A8) -> 0 | BZ8: =SUMIFS('Исходные данные'!$I$2:$I$966,'Исходные данные'!$D$2:$D$966,BZ$1,'Исходные данные'!$F$2:$F$966,$A8) -> 0 | CA8: =SUMIFS('Исходные данные'!$J$2:$J$966,'Исходные данные'!$D$2:$D$966,BZ$1,'Исходные данные'!$F$2:$F$966,$A8) -> 0 | CB8: =SUMIFS('Исходные данные'!$I$2:$I$966,'Исходные данные'!$D$2:$D$966,CB$1,'Исходные данные'!$F$2:$F$966,$A8) -> 0 | CC8: =SUMIFS('Исходные данные'!$J$2:$J$966,'Исходные данные'!$D$2:$D$966,CB$1,'Исходные данные'!$F$2:$F$966,$A8) -> 0 | CD8: =SUMIFS('Исходные данные'!$I$2:$I$966,'Исходные данные'!$D$2:$D$966,CD$1,'Исходные данные'!$F$2:$F$966,$A8) -> 0 | CE8: =SUMIFS('Исходные данные'!$J$2:$J$966,'Исходные данные'!$D$2:$D$966,CD$1,'Исходные данные'!$F$2:$F$966,$A8) -> 0 | CF8: =SUMIFS('Исходные данные'!$I$2:$I$966,'Исходные данные'!$D$2:$D$966,CF$1,'Исходные данные'!$F$2:$F$966,$A8) -> 0 | CG8: =SUMIFS('Исходные данные'!$J$2:$J$966,'Исходные данные'!$D$2:$D$966,CF$1,'Исходные данные'!$F$2:$F$966,$A8) -> 0 | CH8: =SUMIFS('Исходные данные'!$I$2:$I$966,'Исходные данные'!$D$2:$D$966,CH$1,'Исходные данные'!$F$2:$F$966,$A8) -> 0 | CI8: =SUMIFS('Исходные данные'!$J$2:$J$966,'Исходные данные'!$D$2:$D$966,CH$1,'Исходные данные'!$F$2:$F$966,$A8) -> 0 | CJ8: =SUMIFS('Исходные данные'!$I$2:$I$966,'Исходные данные'!$D$2:$D$966,CJ$1,'Исходные данные'!$F$2:$F$966,$A8) -> 0 | CK8: =SUMIFS('Исходные данные'!$J$2:$J$966,'Исходные данные'!$D$2:$D$966,CJ$1,'Исходные данные'!$F$2:$F$966,$A8) -> 0 | CL8: =SUMIFS('Исходные данные'!$I$2:$I$966,'Исходные данные'!$D$2:$D$966,CL$1,'Исходные данные'!$F$2:$F$966,$A8) -> 0 | CM8: =SUMIFS('Исходные данные'!$J$2:$J$966,'Исходные данные'!$D$2:$D$966,CL$1,'Исходные данные'!$F$2:$F$966,$A8) -> 0 | CN8: =SUMIFS('Исходные данные'!$I$2:$I$966,'Исходные данные'!$D$2:$D$966,CN$1,'Исходные данные'!$F$2:$F$966,$A8) -> 0 | CO8: =SUMIFS('Исходные данные'!$J$2:$J$966,'Исходные данные'!$D$2:$D$966,CN$1,'Исходные данные'!$F$2:$F$966,$A8) -> 0 | CP8: =SUMIFS('Исходные данные'!$I$2:$I$966,'Исходные данные'!$D$2:$D$966,CP$1,'Исходные данные'!$F$2:$F$966,$A8) -> 0 | CQ8: =SUMIFS('Исходные данные'!$J$2:$J$966,'Исходные данные'!$D$2:$D$966,CP$1,'Исходные данные'!$F$2:$F$966,$A8) -> 0
A9: 31 | B9: ЦА-320 | C9: 43 | D9: =F9+G9 -> 42 | E9: =D9-C9 -> -1 | F9: =SUMIFS($H9:$CQ9,$H$2:$CQ$2,"День") -> 26 | G9: =SUMIFS($H9:$CQ9,$H$2:$CQ$2,"Ночь") -> 16 | H9: =SUMIFS('Исходные данные'!$I$2:$I$966,'Исходные данные'!$D$2:$D$966,H$1,'Исходные данные'!$F$2:$F$966,$A9) -> 2 | I9: =SUMIFS('Исходные данные'!$J$2:$J$966,'Исходные данные'!$D$2:$D$966,H$1,'Исходные данные'!$F$2:$F$966,$A9) -> 1 | J9: =SUMIFS('Исходные данные'!$I$2:$I$966,'Исходные данные'!$D$2:$D$966,J$1,'Исходные данные'!$F$2:$F$966,$A9) -> 2 | K9: =SUMIFS('Исходные данные'!$J$2:$J$966,'Исходные данные'!$D$2:$D$966,J$1,'Исходные данные'!$F$2:$F$966,$A9) -> 0 | L9: =SUMIFS('Исходные данные'!$I$2:$I$966,'Исходные данные'!$D$2:$D$966,L$1,'Исходные данные'!$F$2:$F$966,$A9) -> 11 | M9: =SUMIFS('Исходные данные'!$J$2:$J$966,'Исходные данные'!$D$2:$D$966,L$1,'Исходные данные'!$F$2:$F$966,$A9) -> 3 | N9: =SUMIFS('Исходные данные'!$I$2:$I$966,'Исходные данные'!$D$2:$D$966,N$1,'Исходные данные'!$F$2:$F$966,$A9) -> 0 | O9: =SUMIFS('Исходные данные'!$J$2:$J$966,'Исходные данные'!$D$2:$D$966,N$1,'Исходные данные'!$F$2:$F$966,$A9) -> 0 | P9: =SUMIFS('Исходные данные'!$I$2:$I$966,'Исходные данные'!$D$2:$D$966,P$1,'Исходные данные'!$F$2:$F$966,$A9) -> 0 | Q9: =SUMIFS('Исходные данные'!$J$2:$J$966,'Исходные данные'!$D$2:$D$966,P$1,'Исходные данные'!$F$2:$F$966,$A9) -> 0 | R9: =SUMIFS('Исходные данные'!$I$2:$I$966,'Исходные данные'!$D$2:$D$966,R$1,'Исходные данные'!$F$2:$F$966,$A9) -> 0 | S9: =SUMIFS('Исходные данные'!$J$2:$J$966,'Исходные данные'!$D$2:$D$966,R$1,'Исходные данные'!$F$2:$F$966,$A9) -> 0 | T9: =SUMIFS('Исходные данные'!$I$2:$I$966,'Исходные данные'!$D$2:$D$966,T$1,'Исходные данные'!$F$2:$F$966,$A9) -> 0 | U9: =SUMIFS('Исходные данные'!$J$2:$J$966,'Исходные данные'!$D$2:$D$966,T$1,'Исходные данные'!$F$2:$F$966,$A9) -> 0 | V9: =SUMIFS('Исходные данные'!$I$2:$I$966,'Исходные данные'!$D$2:$D$966,V$1,'Исходные данные'!$F$2:$F$966,$A9) -> 0 | W9: =SUMIFS('Исходные данные'!$J$2:$J$966,'Исходные данные'!$D$2:$D$966,V$1,'Исходные данные'!$F$2:$F$966,$A9) -> 0 | X9: =SUMIFS('Исходные данные'!$I$2:$I$966,'Исходные данные'!$D$2:$D$966,X$1,'Исходные данные'!$F$2:$F$966,$A9) -> 0 | Y9: =SUMIFS('Исходные данные'!$J$2:$J$966,'Исходные данные'!$D$2:$D$966,X$1,'Исходные данные'!$F$2:$F$966,$A9) -> 0 | Z9: =SUMIFS('Исходные данные'!$I$2:$I$966,'Исходные данные'!$D$2:$D$966,Z$1,'Исходные данные'!$F$2:$F$966,$A9) -> 0 | AA9: =SUMIFS('Исходные данные'!$J$2:$J$966,'Исходные данные'!$D$2:$D$966,Z$1,'Исходные данные'!$F$2:$F$966,$A9) -> 0 | AB9: =SUMIFS('Исходные данные'!$I$2:$I$966,'Исходные данные'!$D$2:$D$966,AB$1,'Исходные данные'!$F$2:$F$966,$A9) -> 0 | AC9: =SUMIFS('Исходные данные'!$J$2:$J$966,'Исходные данные'!$D$2:$D$966,AB$1,'Исходные данные'!$F$2:$F$966,$A9) -> 0 | AD9: =SUMIFS('Исходные данные'!$I$2:$I$966,'Исходные данные'!$D$2:$D$966,AD$1,'Исходные данные'!$F$2:$F$966,$A9) -> 0 | AE9: =SUMIFS('Исходные данные'!$J$2:$J$966,'Исходные данные'!$D$2:$D$966,AD$1,'Исходные данные'!$F$2:$F$966,$A9) -> 0 | AF9: =SUMIFS('Исходные данные'!$I$2:$I$966,'Исходные данные'!$D$2:$D$966,AF$1,'Исходные данные'!$F$2:$F$966,$A9) -> 0 | AG9: =SUMIFS('Исходные данные'!$J$2:$J$966,'Исходные данные'!$D$2:$D$966,AF$1,'Исходные данные'!$F$2:$F$966,$A9) -> 0 | AH9: =SUMIFS('Исходные данные'!$I$2:$I$966,'Исходные данные'!$D$2:$D$966,AH$1,'Исходные данные'!$F$2:$F$966,$A9) -> 6 | AI9: =SUMIFS('Исходные данные'!$J$2:$J$966,'Исходные данные'!$D$2:$D$966,AH$1,'Исходные данные'!$F$2:$F$966,$A9) -> 7 | AJ9: =SUMIFS('Исходные данные'!$I$2:$I$966,'Исходные данные'!$D$2:$D$966,AJ$1,'Исходные данные'!$F$2:$F$966,$A9) -> 5 | AK9: =SUMIFS('Исходные данные'!$J$2:$J$966,'Исходные данные'!$D$2:$D$966,AJ$1,'Исходные данные'!$F$2:$F$966,$A9) -> 5 | AL9: =SUMIFS('Исходные данные'!$I$2:$I$966,'Исходные данные'!$D$2:$D$966,AL$1,'Исходные данные'!$F$2:$F$966,$A9) -> 0 | AM9: =SUMIFS('Исходные данные'!$J$2:$J$966,'Исходные данные'!$D$2:$D$966,AL$1,'Исходные данные'!$F$2:$F$966,$A9) -> 0 | AN9: =SUMIFS('Исходные данные'!$I$2:$I$966,'Исходные данные'!$D$2:$D$966,AN$1,'Исходные данные'!$F$2:$F$966,$A9) -> 0 | AO9: =SUMIFS('Исходные данные'!$J$2:$J$966,'Исходные данные'!$D$2:$D$966,AN$1,'Исходные данные'!$F$2:$F$966,$A9) -> 0 | AP9: =SUMIFS('Исходные данные'!$I$2:$I$966,'Исходные данные'!$D$2:$D$966,AP$1,'Исходные данные'!$F$2:$F$966,$A9) -> 0 | AQ9: =SUMIFS('Исходные данные'!$J$2:$J$966,'Исходные данные'!$D$2:$D$966,AP$1,'Исходные данные'!$F$2:$F$966,$A9) -> 0 | AR9: =SUMIFS('Исходные данные'!$I$2:$I$966,'Исходные данные'!$D$2:$D$966,AR$1,'Исходные данные'!$F$2:$F$966,$A9) -> 0 | AS9: =SUMIFS('Исходные данные'!$J$2:$J$966,'Исходные данные'!$D$2:$D$966,AR$1,'Исходные данные'!$F$2:$F$966,$A9) -> 0 | AT9: =SUMIFS('Исходные данные'!$I$2:$I$966,'Исходные данные'!$D$2:$D$966,AT$1,'Исходные данные'!$F$2:$F$966,$A9) -> 0 | AU9: =SUMIFS('Исходные данные'!$J$2:$J$966,'Исходные данные'!$D$2:$D$966,AT$1,'Исходные данные'!$F$2:$F$966,$A9) -> 0 | AV9: =SUMIFS('Исходные данные'!$I$2:$I$966,'Исходные данные'!$D$2:$D$966,AV$1,'Исходные данные'!$F$2:$F$966,$A9) -> 0 | AW9: =SUMIFS('Исходные данные'!$J$2:$J$966,'Исходные данные'!$D$2:$D$966,AV$1,'Исходные данные'!$F$2:$F$966,$A9) -> 0 | AX9: =SUMIFS('Исходные данные'!$I$2:$I$966,'Исходные данные'!$D$2:$D$966,AX$1,'Исходные данные'!$F$2:$F$966,$A9) -> 0 | AY9: =SUMIFS('Исходные данные'!$J$2:$J$966,'Исходные данные'!$D$2:$D$966,AX$1,'Исходные данные'!$F$2:$F$966,$A9) -> 0 | AZ9: =SUMIFS('Исходные данные'!$I$2:$I$966,'Исходные данные'!$D$2:$D$966,AZ$1,'Исходные данные'!$F$2:$F$966,$A9) -> 0 | BA9: =SUMIFS('Исходные данные'!$J$2:$J$966,'Исходные данные'!$D$2:$D$966,AZ$1,'Исходные данные'!$F$2:$F$966,$A9) -> 0 | BB9: =SUMIFS('Исходные данные'!$I$2:$I$966,'Исходные данные'!$D$2:$D$966,BB$1,'Исходные данные'!$F$2:$F$966,$A9) -> 0 | BC9: =SUMIFS('Исходные данные'!$J$2:$J$966,'Исходные данные'!$D$2:$D$966,BB$1,'Исходные данные'!$F$2:$F$966,$A9) -> 0 | BD9: =SUMIFS('Исходные данные'!$I$2:$I$966,'Исходные данные'!$D$2:$D$966,BD$1,'Исходные данные'!$F$2:$F$966,$A9) -> 0 | BE9: =SUMIFS('Исходные данные'!$J$2:$J$966,'Исходные данные'!$D$2:$D$966,BD$1,'Исходные данные'!$F$2:$F$966,$A9) -> 0 | BF9: =SUMIFS('Исходные данные'!$I$2:$I$966,'Исходные данные'!$D$2:$D$966,BF$1,'Исходные данные'!$F$2:$F$966,$A9) -> 0 | BG9: =SUMIFS('Исходные данные'!$J$2:$J$966,'Исходные данные'!$D$2:$D$966,BF$1,'Исходные данные'!$F$2:$F$966,$A9) -> 0 | BH9: =SUMIFS('Исходные данные'!$I$2:$I$966,'Исходные данные'!$D$2:$D$966,BH$1,'Исходные данные'!$F$2:$F$966,$A9) -> 0 | BI9: =SUMIFS('Исходные данные'!$J$2:$J$966,'Исходные данные'!$D$2:$D$966,BH$1,'Исходные данные'!$F$2:$F$966,$A9) -> 0 | BJ9: =SUMIFS('Исходные данные'!$I$2:$I$966,'Исходные данные'!$D$2:$D$966,BJ$1,'Исходные данные'!$F$2:$F$966,$A9) -> 0 | BK9: =SUMIFS('Исходные данные'!$J$2:$J$966,'Исходные данные'!$D$2:$D$966,BJ$1,'Исходные данные'!$F$2:$F$966,$A9) -> 0 | BL9: =SUMIFS('Исходные данные'!$I$2:$I$966,'Исходные данные'!$D$2:$D$966,BL$1,'Исходные данные'!$F$2:$F$966,$A9) -> 0 | BM9: =SUMIFS('Исходные данные'!$J$2:$J$966,'Исходные данные'!$D$2:$D$966,BL$1,'Исходные данные'!$F$2:$F$966,$A9) -> 0 | BN9: =SUMIFS('Исходные данные'!$I$2:$I$966,'Исходные данные'!$D$2:$D$966,BN$1,'Исходные данные'!$F$2:$F$966,$A9) -> 0 | BO9: =SUMIFS('Исходные данные'!$J$2:$J$966,'Исходные данные'!$D$2:$D$966,BN$1,'Исходные данные'!$F$2:$F$966,$A9) -> 0 | BP9: =SUMIFS('Исходные данные'!$I$2:$I$966,'Исходные данные'!$D$2:$D$966,BP$1,'Исходные данные'!$F$2:$F$966,$A9) -> 0 | BQ9: =SUMIFS('Исходные данные'!$J$2:$J$966,'Исходные данные'!$D$2:$D$966,BP$1,'Исходные данные'!$F$2:$F$966,$A9) -> 0 | BR9: =SUMIFS('Исходные данные'!$I$2:$I$966,'Исходные данные'!$D$2:$D$966,BR$1,'Исходные данные'!$F$2:$F$966,$A9) -> 0 | BS9: =SUMIFS('Исходные данные'!$J$2:$J$966,'Исходные данные'!$D$2:$D$966,BR$1,'Исходные данные'!$F$2:$F$966,$A9) -> 0 | BT9: =SUMIFS('Исходные данные'!$I$2:$I$966,'Исходные данные'!$D$2:$D$966,BT$1,'Исходные данные'!$F$2:$F$966,$A9) -> 0 | BU9: =SUMIFS('Исходные данные'!$J$2:$J$966,'Исходные данные'!$D$2:$D$966,BT$1,'Исходные данные'!$F$2:$F$966,$A9) -> 0 | BV9: =SUMIFS('Исходные данные'!$I$2:$I$966,'Исходные данные'!$D$2:$D$966,BV$1,'Исходные данные'!$F$2:$F$966,$A9) -> 0 | BW9: =SUMIFS('Исходные данные'!$J$2:$J$966,'Исходные данные'!$D$2:$D$966,BV$1,'Исходные данные'!$F$2:$F$966,$A9) -> 0 | BX9: =SUMIFS('Исходные данные'!$I$2:$I$966,'Исходные данные'!$D$2:$D$966,BX$1,'Исходные данные'!$F$2:$F$966,$A9) -> 0 | BY9: =SUMIFS('Исходные данные'!$J$2:$J$966,'Исходные данные'!$D$2:$D$966,BX$1,'Исходные данные'!$F$2:$F$966,$A9) -> 0 | BZ9: =SUMIFS('Исходные данные'!$I$2:$I$966,'Исходные данные'!$D$2:$D$966,BZ$1,'Исходные данные'!$F$2:$F$966,$A9) -> 0 | CA9: =SUMIFS('Исходные данные'!$J$2:$J$966,'Исходные данные'!$D$2:$D$966,BZ$1,'Исходные данные'!$F$2:$F$966,$A9) -> 0 | CB9: =SUMIFS('Исходные данные'!$I$2:$I$966,'Исходные данные'!$D$2:$D$966,CB$1,'Исходные данные'!$F$2:$F$966,$A9) -> 0 | CC9: =SUMIFS('Исходные данные'!$J$2:$J$966,'Исходные данные'!$D$2:$D$966,CB$1,'Исходные данные'!$F$2:$F$966,$A9) -> 0 | CD9: =SUMIFS('Исходные данные'!$I$2:$I$966,'Исходные данные'!$D$2:$D$966,CD$1,'Исходные данные'!$F$2:$F$966,$A9) -> 0 | CE9: =SUMIFS('Исходные данные'!$J$2:$J$966,'Исходные данные'!$D$2:$D$966,CD$1,'Исходные данные'!$F$2:$F$966,$A9) -> 0 | CF9: =SUMIFS('Исходные данные'!$I$2:$I$966,'Исходные данные'!$D$2:$D$966,CF$1,'Исходные данные'!$F$2:$F$966,$A9) -> 0 | CG9: =SUMIFS('Исходные данные'!$J$2:$J$966,'Исходные данные'!$D$2:$D$966,CF$1,'Исходные данные'!$F$2:$F$966,$A9) -> 0 | CH9: =SUMIFS('Исходные данные'!$I$2:$I$966,'Исходные данные'!$D$2:$D$966,CH$1,'Исходные данные'!$F$2:$F$966,$A9) -> 0 | CI9: =SUMIFS('Исходные данные'!$J$2:$J$966,'Исходные данные'!$D$2:$D$966,CH$1,'Исходные данные'!$F$2:$F$966,$A9) -> 0 | CJ9: =SUMIFS('Исходные данные'!$I$2:$I$966,'Исходные данные'!$D$2:$D$966,CJ$1,'Исходные данные'!$F$2:$F$966,$A9) -> 0 | CK9: =SUMIFS('Исходные данные'!$J$2:$J$966,'Исходные данные'!$D$2:$D$966,CJ$1,'Исходные данные'!$F$2:$F$966,$A9) -> 0 | CL9: =SUMIFS('Исходные данные'!$I$2:$I$966,'Исходные данные'!$D$2:$D$966,CL$1,'Исходные данные'!$F$2:$F$966,$A9) -> 0 | CM9: =SUMIFS('Исходные данные'!$J$2:$J$966,'Исходные данные'!$D$2:$D$966,CL$1,'Исходные данные'!$F$2:$F$966,$A9) -> 0 | CN9: =SUMIFS('Исходные данные'!$I$2:$I$966,'Исходные данные'!$D$2:$D$966,CN$1,'Исходные данные'!$F$2:$F$966,$A9) -> 0 | CO9: =SUMIFS('Исходные данные'!$J$2:$J$966,'Исходные данные'!$D$2:$D$966,CN$1,'Исходные данные'!$F$2:$F$966,$A9) -> 0 | CP9: =SUMIFS('Исходные данные'!$I$2:$I$966,'Исходные данные'!$D$2:$D$966,CP$1,'Исходные данные'!$F$2:$F$966,$A9) -> 0 | CQ9: =SUMIFS('Исходные данные'!$J$2:$J$966,'Исходные данные'!$D$2:$D$966,CP$1,'Исходные данные'!$F$2:$F$966,$A9) -> 0
A10: 35 | B10: АЦН | C10: 52 | D10: =F10+G10 -> 51 | E10: =D10-C10 -> -1 | F10: =SUMIFS($H10:$CQ10,$H$2:$CQ$2,"День") -> 32 | G10: =SUMIFS($H10:$CQ10,$H$2:$CQ$2,"Ночь") -> 19 | H10: =SUMIFS('Исходные данные'!$I$2:$I$966,'Исходные данные'!$D$2:$D$966,H$1,'Исходные данные'!$F$2:$F$966,$A10) -> 4 | I10: =SUMIFS('Исходные данные'!$J$2:$J$966,'Исходные данные'!$D$2:$D$966,H$1,'Исходные данные'!$F$2:$F$966,$A10) -> 2 | J10: =SUMIFS('Исходные данные'!$I$2:$I$966,'Исходные данные'!$D$2:$D$966,J$1,'Исходные данные'!$F$2:$F$966,$A10) -> 2 | K10: =SUMIFS('Исходные данные'!$J$2:$J$966,'Исходные данные'!$D$2:$D$966,J$1,'Исходные данные'!$F$2:$F$966,$A10) -> 0 | L10: =SUMIFS('Исходные данные'!$I$2:$I$966,'Исходные данные'!$D$2:$D$966,L$1,'Исходные данные'!$F$2:$F$966,$A10) -> 12 | M10: =SUMIFS('Исходные данные'!$J$2:$J$966,'Исходные данные'!$D$2:$D$966,L$1,'Исходные данные'!$F$2:$F$966,$A10) -> 3 | N10: =SUMIFS('Исходные данные'!$I$2:$I$966,'Исходные данные'!$D$2:$D$966,N$1,'Исходные данные'!$F$2:$F$966,$A10) -> 0 | O10: =SUMIFS('Исходные данные'!$J$2:$J$966,'Исходные данные'!$D$2:$D$966,N$1,'Исходные данные'!$F$2:$F$966,$A10) -> 0 | P10: =SUMIFS('Исходные данные'!$I$2:$I$966,'Исходные данные'!$D$2:$D$966,P$1,'Исходные данные'!$F$2:$F$966,$A10) -> 0 | Q10: =SUMIFS('Исходные данные'!$J$2:$J$966,'Исходные данные'!$D$2:$D$966,P$1,'Исходные данные'!$F$2:$F$966,$A10) -> 0 | R10: =SUMIFS('Исходные данные'!$I$2:$I$966,'Исходные данные'!$D$2:$D$966,R$1,'Исходные данные'!$F$2:$F$966,$A10) -> 0 | S10: =SUMIFS('Исходные данные'!$J$2:$J$966,'Исходные данные'!$D$2:$D$966,R$1,'Исходные данные'!$F$2:$F$966,$A10) -> 0 | T10: =SUMIFS('Исходные данные'!$I$2:$I$966,'Исходные данные'!$D$2:$D$966,T$1,'Исходные данные'!$F$2:$F$966,$A10) -> 2 | U10: =SUMIFS('Исходные данные'!$J$2:$J$966,'Исходные данные'!$D$2:$D$966,T$1,'Исходные данные'!$F$2:$F$966,$A10) -> 1 | V10: =SUMIFS('Исходные данные'!$I$2:$I$966,'Исходные данные'!$D$2:$D$966,V$1,'Исходные данные'!$F$2:$F$966,$A10) -> 0 | W10: =SUMIFS('Исходные данные'!$J$2:$J$966,'Исходные данные'!$D$2:$D$966,V$1,'Исходные данные'!$F$2:$F$966,$A10) -> 0 | X10: =SUMIFS('Исходные данные'!$I$2:$I$966,'Исходные данные'!$D$2:$D$966,X$1,'Исходные данные'!$F$2:$F$966,$A10) -> 0 | Y10: =SUMIFS('Исходные данные'!$J$2:$J$966,'Исходные данные'!$D$2:$D$966,X$1,'Исходные данные'!$F$2:$F$966,$A10) -> 0 | Z10: =SUMIFS('Исходные данные'!$I$2:$I$966,'Исходные данные'!$D$2:$D$966,Z$1,'Исходные данные'!$F$2:$F$966,$A10) -> 0 | AA10: =SUMIFS('Исходные данные'!$J$2:$J$966,'Исходные данные'!$D$2:$D$966,Z$1,'Исходные данные'!$F$2:$F$966,$A10) -> 0 | AB10: =SUMIFS('Исходные данные'!$I$2:$I$966,'Исходные данные'!$D$2:$D$966,AB$1,'Исходные данные'!$F$2:$F$966,$A10) -> 0 | AC10: =SUMIFS('Исходные данные'!$J$2:$J$966,'Исходные данные'!$D$2:$D$966,AB$1,'Исходные данные'!$F$2:$F$966,$A10) -> 0 | AD10: =SUMIFS('Исходные данные'!$I$2:$I$966,'Исходные данные'!$D$2:$D$966,AD$1,'Исходные данные'!$F$2:$F$966,$A10) -> 0 | AE10: =SUMIFS('Исходные данные'!$J$2:$J$966,'Исходные данные'!$D$2:$D$966,AD$1,'Исходные данные'!$F$2:$F$966,$A10) -> 0 | AF10: =SUMIFS('Исходные данные'!$I$2:$I$966,'Исходные данные'!$D$2:$D$966,AF$1,'Исходные данные'!$F$2:$F$966,$A10) -> 0 | AG10: =SUMIFS('Исходные данные'!$J$2:$J$966,'Исходные данные'!$D$2:$D$966,AF$1,'Исходные данные'!$F$2:$F$966,$A10) -> 0 | AH10: =SUMIFS('Исходные данные'!$I$2:$I$966,'Исходные данные'!$D$2:$D$966,AH$1,'Исходные данные'!$F$2:$F$966,$A10) -> 6 | AI10: =SUMIFS('Исходные данные'!$J$2:$J$966,'Исходные данные'!$D$2:$D$966,AH$1,'Исходные данные'!$F$2:$F$966,$A10) -> 7 | AJ10: =SUMIFS('Исходные данные'!$I$2:$I$966,'Исходные данные'!$D$2:$D$966,AJ$1,'Исходные данные'!$F$2:$F$966,$A10) -> 5 | AK10: =SUMIFS('Исходные данные'!$J$2:$J$966,'Исходные данные'!$D$2:$D$966,AJ$1,'Исходные данные'!$F$2:$F$966,$A10) -> 5 | AL10: =SUMIFS('Исходные данные'!$I$2:$I$966,'Исходные данные'!$D$2:$D$966,AL$1,'Исходные данные'!$F$2:$F$966,$A10) -> 0 | AM10: =SUMIFS('Исходные данные'!$J$2:$J$966,'Исходные данные'!$D$2:$D$966,AL$1,'Исходные данные'!$F$2:$F$966,$A10) -> 0 | AN10: =SUMIFS('Исходные данные'!$I$2:$I$966,'Исходные данные'!$D$2:$D$966,AN$1,'Исходные данные'!$F$2:$F$966,$A10) -> 0 | AO10: =SUMIFS('Исходные данные'!$J$2:$J$966,'Исходные данные'!$D$2:$D$966,AN$1,'Исходные данные'!$F$2:$F$966,$A10) -> 0 | AP10: =SUMIFS('Исходные данные'!$I$2:$I$966,'Исходные данные'!$D$2:$D$966,AP$1,'Исходные данные'!$F$2:$F$966,$A10) -> 0 | AQ10: =SUMIFS('Исходные данные'!$J$2:$J$966,'Исходные данные'!$D$2:$D$966,AP$1,'Исходные данные'!$F$2:$F$966,$A10) -> 0 | AR10: =SUMIFS('Исходные данные'!$I$2:$I$966,'Исходные данные'!$D$2:$D$966,AR$1,'Исходные данные'!$F$2:$F$966,$A10) -> 0 | AS10: =SUMIFS('Исходные данные'!$J$2:$J$966,'Исходные данные'!$D$2:$D$966,AR$1,'Исходные данные'!$F$2:$F$966,$A10) -> 0 | AT10: =SUMIFS('Исходные данные'!$I$2:$I$966,'Исходные данные'!$D$2:$D$966,AT$1,'Исходные данные'!$F$2:$F$966,$A10) -> 0 | AU10: =SUMIFS('Исходные данные'!$J$2:$J$966,'Исходные данные'!$D$2:$D$966,AT$1,'Исходные данные'!$F$2:$F$966,$A10) -> 0 | AV10: =SUMIFS('Исходные данные'!$I$2:$I$966,'Исходные данные'!$D$2:$D$966,AV$1,'Исходные данные'!$F$2:$F$966,$A10) -> 1 | AW10: =SUMIFS('Исходные данные'!$J$2:$J$966,'Исходные данные'!$D$2:$D$966,AV$1,'Исходные данные'!$F$2:$F$966,$A10) -> 1 | AX10: =SUMIFS('Исходные данные'!$I$2:$I$966,'Исходные данные'!$D$2:$D$966,AX$1,'Исходные данные'!$F$2:$F$966,$A10) -> 0 | AY10: =SUMIFS('Исходные данные'!$J$2:$J$966,'Исходные данные'!$D$2:$D$966,AX$1,'Исходные данные'!$F$2:$F$966,$A10) -> 0 | AZ10: =SUMIFS('Исходные данные'!$I$2:$I$966,'Исходные данные'!$D$2:$D$966,AZ$1,'Исходные данные'!$F$2:$F$966,$A10) -> 0 | BA10: =SUMIFS('Исходные данные'!$J$2:$J$966,'Исходные данные'!$D$2:$D$966,AZ$1,'Исходные данные'!$F$2:$F$966,$A10) -> 0 | BB10: =SUMIFS('Исходные данные'!$I$2:$I$966,'Исходные данные'!$D$2:$D$966,BB$1,'Исходные данные'!$F$2:$F$966,$A10) -> 0 | BC10: =SUMIFS('Исходные данные'!$J$2:$J$966,'Исходные данные'!$D$2:$D$966,BB$1,'Исходные данные'!$F$2:$F$966,$A10) -> 0 | BD10: =SUMIFS('Исходные данные'!$I$2:$I$966,'Исходные данные'!$D$2:$D$966,BD$1,'Исходные данные'!$F$2:$F$966,$A10) -> 0 | BE10: =SUMIFS('Исходные данные'!$J$2:$J$966,'Исходные данные'!$D$2:$D$966,BD$1,'Исходные данные'!$F$2:$F$966,$A10) -> 0 | BF10: =SUMIFS('Исходные данные'!$I$2:$I$966,'Исходные данные'!$D$2:$D$966,BF$1,'Исходные данные'!$F$2:$F$966,$A10) -> 0 | BG10: =SUMIFS('Исходные данные'!$J$2:$J$966,'Исходные данные'!$D$2:$D$966,BF$1,'Исходные данные'!$F$2:$F$966,$A10) -> 0 | BH10: =SUMIFS('Исходные данные'!$I$2:$I$966,'Исходные данные'!$D$2:$D$966,BH$1,'Исходные данные'!$F$2:$F$966,$A10) -> 0 | BI10: =SUMIFS('Исходные данные'!$J$2:$J$966,'Исходные данные'!$D$2:$D$966,BH$1,'Исходные данные'!$F$2:$F$966,$A10) -> 0 | BJ10: =SUMIFS('Исходные данные'!$I$2:$I$966,'Исходные данные'!$D$2:$D$966,BJ$1,'Исходные данные'!$F$2:$F$966,$A10) -> 0 | BK10: =SUMIFS('Исходные данные'!$J$2:$J$966,'Исходные данные'!$D$2:$D$966,BJ$1,'Исходные данные'!$F$2:$F$966,$A10) -> 0 | BL10: =SUMIFS('Исходные данные'!$I$2:$I$966,'Исходные данные'!$D$2:$D$966,BL$1,'Исходные данные'!$F$2:$F$966,$A10) -> 0 | BM10: =SUMIFS('Исходные данные'!$J$2:$J$966,'Исходные данные'!$D$2:$D$966,BL$1,'Исходные данные'!$F$2:$F$966,$A10) -> 0 | BN10: =SUMIFS('Исходные данные'!$I$2:$I$966,'Исходные данные'!$D$2:$D$966,BN$1,'Исходные данные'!$F$2:$F$966,$A10) -> 0 | BO10: =SUMIFS('Исходные данные'!$J$2:$J$966,'Исходные данные'!$D$2:$D$966,BN$1,'Исходные данные'!$F$2:$F$966,$A10) -> 0 | BP10: =SUMIFS('Исходные данные'!$I$2:$I$966,'Исходные данные'!$D$2:$D$966,BP$1,'Исходные данные'!$F$2:$F$966,$A10) -> 0 | BQ10: =SUMIFS('Исходные данные'!$J$2:$J$966,'Исходные данные'!$D$2:$D$966,BP$1,'Исходные данные'!$F$2:$F$966,$A10) -> 0 | BR10: =SUMIFS('Исходные данные'!$I$2:$I$966,'Исходные данные'!$D$2:$D$966,BR$1,'Исходные данные'!$F$2:$F$966,$A10) -> 0 | BS10: =SUMIFS('Исходные данные'!$J$2:$J$966,'Исходные данные'!$D$2:$D$966,BR$1,'Исходные данные'!$F$2:$F$966,$A10) -> 0 | BT10: =SUMIFS('Исходные данные'!$I$2:$I$966,'Исходные данные'!$D$2:$D$966,BT$1,'Исходные данные'!$F$2:$F$966,$A10) -> 0 | BU10: =SUMIFS('Исходные данные'!$J$2:$J$966,'Исходные данные'!$D$2:$D$966,BT$1,'Исходные данные'!$F$2:$F$966,$A10) -> 0 | BV10: =SUMIFS('Исходные данные'!$I$2:$I$966,'Исходные данные'!$D$2:$D$966,BV$1,'Исходные данные'!$F$2:$F$966,$A10) -> 0 | BW10: =SUMIFS('Исходные данные'!$J$2:$J$966,'Исходные данные'!$D$2:$D$966,BV$1,'Исходные данные'!$F$2:$F$966,$A10) -> 0 | BX10: =SUMIFS('Исходные данные'!$I$2:$I$966,'Исходные данные'!$D$2:$D$966,BX$1,'Исходные данные'!$F$2:$F$966,$A10) -> 0 | BY10: =SUMIFS('Исходные данные'!$J$2:$J$966,'Исходные данные'!$D$2:$D$966,BX$1,'Исходные данные'!$F$2:$F$966,$A10) -> 0 | BZ10: =SUMIFS('Исходные данные'!$I$2:$I$966,'Исходные данные'!$D$2:$D$966,BZ$1,'Исходные данные'!$F$2:$F$966,$A10) -> 0 | CA10: =SUMIFS('Исходные данные'!$J$2:$J$966,'Исходные данные'!$D$2:$D$966,BZ$1,'Исходные данные'!$F$2:$F$966,$A10) -> 0 | CB10: =SUMIFS('Исходные данные'!$I$2:$I$966,'Исходные данные'!$D$2:$D$966,CB$1,'Исходные данные'!$F$2:$F$966,$A10) -> 0 | CC10: =SUMIFS('Исходные данные'!$J$2:$J$966,'Исходные данные'!$D$2:$D$966,CB$1,'Исходные данные'!$F$2:$F$966,$A10) -> 0 | CD10: =SUMIFS('Исходные данные'!$I$2:$I$966,'Исходные данные'!$D$2:$D$966,CD$1,'Исходные данные'!$F$2:$F$966,$A10) -> 0 | CE10: =SUMIFS('Исходные данные'!$J$2:$J$966,'Исходные данные'!$D$2:$D$966,CD$1,'Исходные данные'!$F$2:$F$966,$A10) -> 0 | CF10: =SUMIFS('Исходные данные'!$I$2:$I$966,'Исходные данные'!$D$2:$D$966,CF$1,'Исходные данные'!$F$2:$F$966,$A10) -> 0 | CG10: =SUMIFS('Исходные данные'!$J$2:$J$966,'Исходные данные'!$D$2:$D$966,CF$1,'Исходные данные'!$F$2:$F$966,$A10) -> 0 | CH10: =SUMIFS('Исходные данные'!$I$2:$I$966,'Исходные данные'!$D$2:$D$966,CH$1,'Исходные данные'!$F$2:$F$966,$A10) -> 0 | CI10: =SUMIFS('Исходные данные'!$J$2:$J$966,'Исходные данные'!$D$2:$D$966,CH$1,'Исходные данные'!$F$2:$F$966,$A10) -> 0 | CJ10: =SUMIFS('Исходные данные'!$I$2:$I$966,'Исходные данные'!$D$2:$D$966,CJ$1,'Исходные данные'!$F$2:$F$966,$A10) -> 0 | CK10: =SUMIFS('Исходные данные'!$J$2:$J$966,'Исходные данные'!$D$2:$D$966,CJ$1,'Исходные данные'!$F$2:$F$966,$A10) -> 0 | CL10: =SUMIFS('Исходные данные'!$I$2:$I$966,'Исходные данные'!$D$2:$D$966,CL$1,'Исходные данные'!$F$2:$F$966,$A10) -> 0 | CM10: =SUMIFS('Исходные данные'!$J$2:$J$966,'Исходные данные'!$D$2:$D$966,CL$1,'Исходные данные'!$F$2:$F$966,$A10) -> 0 | CN10: =SUMIFS('Исходные данные'!$I$2:$I$966,'Исходные данные'!$D$2:$D$966,CN$1,'Исходные данные'!$F$2:$F$966,$A10) -> 0 | CO10: =SUMIFS('Исходные данные'!$J$2:$J$966,'Исходные данные'!$D$2:$D$966,CN$1,'Исходные данные'!$F$2:$F$966,$A10) -> 0 | CP10: =SUMIFS('Исходные данные'!$I$2:$I$966,'Исходные данные'!$D$2:$D$966,CP$1,'Исходные данные'!$F$2:$F$966,$A10) -> 0 | CQ10: =SUMIFS('Исходные данные'!$J$2:$J$966,'Исходные данные'!$D$2:$D$966,CP$1,'Исходные данные'!$F$2:$F$966,$A10) -> 0
A11: 50 | B11: Бульдозер | C11: 4 | D11: =F11+G11 -> 2 | E11: =D11-C11 -> -2 | F11: =SUMIFS($H11:$CQ11,$H$2:$CQ$2,"День") -> 2 | G11: =SUMIFS($H11:$CQ11,$H$2:$CQ$2,"Ночь") -> 0 | H11: =SUMIFS('Исходные данные'!$I$2:$I$966,'Исходные данные'!$D$2:$D$966,H$1,'Исходные данные'!$F$2:$F$966,$A11) -> 0 | I11: =SUMIFS('Исходные данные'!$J$2:$J$966,'Исходные данные'!$D$2:$D$966,H$1,'Исходные данные'!$F$2:$F$966,$A11) -> 0 | J11: =SUMIFS('Исходные данные'!$I$2:$I$966,'Исходные данные'!$D$2:$D$966,J$1,'Исходные данные'!$F$2:$F$966,$A11) -> 0 | K11: =SUMIFS('Исходные данные'!$J$2:$J$966,'Исходные данные'!$D$2:$D$966,J$1,'Исходные данные'!$F$2:$F$966,$A11) -> 0 | L11: =SUMIFS('Исходные данные'!$I$2:$I$966,'Исходные данные'!$D$2:$D$966,L$1,'Исходные данные'!$F$2:$F$966,$A11) -> 0 | M11: =SUMIFS('Исходные данные'!$J$2:$J$966,'Исходные данные'!$D$2:$D$966,L$1,'Исходные данные'!$F$2:$F$966,$A11) -> 0 | N11: =SUMIFS('Исходные данные'!$I$2:$I$966,'Исходные данные'!$D$2:$D$966,N$1,'Исходные данные'!$F$2:$F$966,$A11) -> 0 | O11: =SUMIFS('Исходные данные'!$J$2:$J$966,'Исходные данные'!$D$2:$D$966,N$1,'Исходные данные'!$F$2:$F$966,$A11) -> 0 | P11: =SUMIFS('Исходные данные'!$I$2:$I$966,'Исходные данные'!$D$2:$D$966,P$1,'Исходные данные'!$F$2:$F$966,$A11) -> 0 | Q11: =SUMIFS('Исходные данные'!$J$2:$J$966,'Исходные данные'!$D$2:$D$966,P$1,'Исходные данные'!$F$2:$F$966,$A11) -> 0 | R11: =SUMIFS('Исходные данные'!$I$2:$I$966,'Исходные данные'!$D$2:$D$966,R$1,'Исходные данные'!$F$2:$F$966,$A11) -> 0 | S11: =SUMIFS('Исходные данные'!$J$2:$J$966,'Исходные данные'!$D$2:$D$966,R$1,'Исходные данные'!$F$2:$F$966,$A11) -> 0 | T11: =SUMIFS('Исходные данные'!$I$2:$I$966,'Исходные данные'!$D$2:$D$966,T$1,'Исходные данные'!$F$2:$F$966,$A11) -> 2 | U11: =SUMIFS('Исходные данные'!$J$2:$J$966,'Исходные данные'!$D$2:$D$966,T$1,'Исходные данные'!$F$2:$F$966,$A11) -> 0 | V11: =SUMIFS('Исходные данные'!$I$2:$I$966,'Исходные данные'!$D$2:$D$966,V$1,'Исходные данные'!$F$2:$F$966,$A11) -> 0 | W11: =SUMIFS('Исходные данные'!$J$2:$J$966,'Исходные данные'!$D$2:$D$966,V$1,'Исходные данные'!$F$2:$F$966,$A11) -> 0 | X11: =SUMIFS('Исходные данные'!$I$2:$I$966,'Исходные данные'!$D$2:$D$966,X$1,'Исходные данные'!$F$2:$F$966,$A11) -> 0 | Y11: =SUMIFS('Исходные данные'!$J$2:$J$966,'Исходные данные'!$D$2:$D$966,X$1,'Исходные данные'!$F$2:$F$966,$A11) -> 0 | Z11: =SUMIFS('Исходные данные'!$I$2:$I$966,'Исходные данные'!$D$2:$D$966,Z$1,'Исходные данные'!$F$2:$F$966,$A11) -> 0 | AA11: =SUMIFS('Исходные данные'!$J$2:$J$966,'Исходные данные'!$D$2:$D$966,Z$1,'Исходные данные'!$F$2:$F$966,$A11) -> 0 | AB11: =SUMIFS('Исходные данные'!$I$2:$I$966,'Исходные данные'!$D$2:$D$966,AB$1,'Исходные данные'!$F$2:$F$966,$A11) -> 0 | AC11: =SUMIFS('Исходные данные'!$J$2:$J$966,'Исходные данные'!$D$2:$D$966,AB$1,'Исходные данные'!$F$2:$F$966,$A11) -> 0 | AD11: =SUMIFS('Исходные данные'!$I$2:$I$966,'Исходные данные'!$D$2:$D$966,AD$1,'Исходные данные'!$F$2:$F$966,$A11) -> 0 | AE11: =SUMIFS('Исходные данные'!$J$2:$J$966,'Исходные данные'!$D$2:$D$966,AD$1,'Исходные данные'!$F$2:$F$966,$A11) -> 0 | AF11: =SUMIFS('Исходные данные'!$I$2:$I$966,'Исходные данные'!$D$2:$D$966,AF$1,'Исходные данные'!$F$2:$F$966,$A11) -> 0 | AG11: =SUMIFS('Исходные данные'!$J$2:$J$966,'Исходные данные'!$D$2:$D$966,AF$1,'Исходные данные'!$F$2:$F$966,$A11) -> 0 | AH11: =SUMIFS('Исходные данные'!$I$2:$I$966,'Исходные данные'!$D$2:$D$966,AH$1,'Исходные данные'!$F$2:$F$966,$A11) -> 0 | AI11: =SUMIFS('Исходные данные'!$J$2:$J$966,'Исходные данные'!$D$2:$D$966,AH$1,'Исходные данные'!$F$2:$F$966,$A11) -> 0 | AJ11: =SUMIFS('Исходные данные'!$I$2:$I$966,'Исходные данные'!$D$2:$D$966,AJ$1,'Исходные данные'!$F$2:$F$966,$A11) -> 0 | AK11: =SUMIFS('Исходные данные'!$J$2:$J$966,'Исходные данные'!$D$2:$D$966,AJ$1,'Исходные данные'!$F$2:$F$966,$A11) -> 0 | AL11: =SUMIFS('Исходные данные'!$I$2:$I$966,'Исходные данные'!$D$2:$D$966,AL$1,'Исходные данные'!$F$2:$F$966,$A11) -> 0 | AM11: =SUMIFS('Исходные данные'!$J$2:$J$966,'Исходные данные'!$D$2:$D$966,AL$1,'Исходные данные'!$F$2:$F$966,$A11) -> 0 | AN11: =SUMIFS('Исходные данные'!$I$2:$I$966,'Исходные данные'!$D$2:$D$966,AN$1,'Исходные данные'!$F$2:$F$966,$A11) -> 0 | AO11: =SUMIFS('Исходные данные'!$J$2:$J$966,'Исходные данные'!$D$2:$D$966,AN$1,'Исходные данные'!$F$2:$F$966,$A11) -> 0 | AP11: =SUMIFS('Исходные данные'!$I$2:$I$966,'Исходные данные'!$D$2:$D$966,AP$1,'Исходные данные'!$F$2:$F$966,$A11) -> 0 | AQ11: =SUMIFS('Исходные данные'!$J$2:$J$966,'Исходные данные'!$D$2:$D$966,AP$1,'Исходные данные'!$F$2:$F$966,$A11) -> 0 | AR11: =SUMIFS('Исходные данные'!$I$2:$I$966,'Исходные данные'!$D$2:$D$966,AR$1,'Исходные данные'!$F$2:$F$966,$A11) -> 0 | AS11: =SUMIFS('Исходные данные'!$J$2:$J$966,'Исходные данные'!$D$2:$D$966,AR$1,'Исходные данные'!$F$2:$F$966,$A11) -> 0 | AT11: =SUMIFS('Исходные данные'!$I$2:$I$966,'Исходные данные'!$D$2:$D$966,AT$1,'Исходные данные'!$F$2:$F$966,$A11) -> 0 | AU11: =SUMIFS('Исходные данные'!$J$2:$J$966,'Исходные данные'!$D$2:$D$966,AT$1,'Исходные данные'!$F$2:$F$966,$A11) -> 0 | AV11: =SUMIFS('Исходные данные'!$I$2:$I$966,'Исходные данные'!$D$2:$D$966,AV$1,'Исходные данные'!$F$2:$F$966,$A11) -> 0 | AW11: =SUMIFS('Исходные данные'!$J$2:$J$966,'Исходные данные'!$D$2:$D$966,AV$1,'Исходные данные'!$F$2:$F$966,$A11) -> 0 | AX11: =SUMIFS('Исходные данные'!$I$2:$I$966,'Исходные данные'!$D$2:$D$966,AX$1,'Исходные данные'!$F$2:$F$966,$A11) -> 0 | AY11: =SUMIFS('Исходные данные'!$J$2:$J$966,'Исходные данные'!$D$2:$D$966,AX$1,'Исходные данные'!$F$2:$F$966,$A11) -> 0 | AZ11: =SUMIFS('Исходные данные'!$I$2:$I$966,'Исходные данные'!$D$2:$D$966,AZ$1,'Исходные данные'!$F$2:$F$966,$A11) -> 0 | BA11: =SUMIFS('Исходные данные'!$J$2:$J$966,'Исходные данные'!$D$2:$D$966,AZ$1,'Исходные данные'!$F$2:$F$966,$A11) -> 0 | BB11: =SUMIFS('Исходные данные'!$I$2:$I$966,'Исходные данные'!$D$2:$D$966,BB$1,'Исходные данные'!$F$2:$F$966,$A11) -> 0 | BC11: =SUMIFS('Исходные данные'!$J$2:$J$966,'Исходные данные'!$D$2:$D$966,BB$1,'Исходные данные'!$F$2:$F$966,$A11) -> 0 | BD11: =SUMIFS('Исходные данные'!$I$2:$I$966,'Исходные данные'!$D$2:$D$966,BD$1,'Исходные данные'!$F$2:$F$966,$A11) -> 0 | BE11: =SUMIFS('Исходные данные'!$J$2:$J$966,'Исходные данные'!$D$2:$D$966,BD$1,'Исходные данные'!$F$2:$F$966,$A11) -> 0 | BF11: =SUMIFS('Исходные данные'!$I$2:$I$966,'Исходные данные'!$D$2:$D$966,BF$1,'Исходные данные'!$F$2:$F$966,$A11) -> 0 | BG11: =SUMIFS('Исходные данные'!$J$2:$J$966,'Исходные данные'!$D$2:$D$966,BF$1,'Исходные данные'!$F$2:$F$966,$A11) -> 0 | BH11: =SUMIFS('Исходные данные'!$I$2:$I$966,'Исходные данные'!$D$2:$D$966,BH$1,'Исходные данные'!$F$2:$F$966,$A11) -> 0 | BI11: =SUMIFS('Исходные данные'!$J$2:$J$966,'Исходные данные'!$D$2:$D$966,BH$1,'Исходные данные'!$F$2:$F$966,$A11) -> 0 | BJ11: =SUMIFS('Исходные данные'!$I$2:$I$966,'Исходные данные'!$D$2:$D$966,BJ$1,'Исходные данные'!$F$2:$F$966,$A11) -> 0 | BK11: =SUMIFS('Исходные данные'!$J$2:$J$966,'Исходные данные'!$D$2:$D$966,BJ$1,'Исходные данные'!$F$2:$F$966,$A11) -> 0 | BL11: =SUMIFS('Исходные данные'!$I$2:$I$966,'Исходные данные'!$D$2:$D$966,BL$1,'Исходные данные'!$F$2:$F$966,$A11) -> 0 | BM11: =SUMIFS('Исходные данные'!$J$2:$J$966,'Исходные данные'!$D$2:$D$966,BL$1,'Исходные данные'!$F$2:$F$966,$A11) -> 0 | BN11: =SUMIFS('Исходные данные'!$I$2:$I$966,'Исходные данные'!$D$2:$D$966,BN$1,'Исходные данные'!$F$2:$F$966,$A11) -> 0 | BO11: =SUMIFS('Исходные данные'!$J$2:$J$966,'Исходные данные'!$D$2:$D$966,BN$1,'Исходные данные'!$F$2:$F$966,$A11) -> 0 | BP11: =SUMIFS('Исходные данные'!$I$2:$I$966,'Исходные данные'!$D$2:$D$966,BP$1,'Исходные данные'!$F$2:$F$966,$A11) -> 0 | BQ11: =SUMIFS('Исходные данные'!$J$2:$J$966,'Исходные данные'!$D$2:$D$966,BP$1,'Исходные данные'!$F$2:$F$966,$A11) -> 0 | BR11: =SUMIFS('Исходные данные'!$I$2:$I$966,'Исходные данные'!$D$2:$D$966,BR$1,'Исходные данные'!$F$2:$F$966,$A11) -> 0 | BS11: =SUMIFS('Исходные данные'!$J$2:$J$966,'Исходные данные'!$D$2:$D$966,BR$1,'Исходные данные'!$F$2:$F$966,$A11) -> 0 | BT11: =SUMIFS('Исходные данные'!$I$2:$I$966,'Исходные данные'!$D$2:$D$966,BT$1,'Исходные данные'!$F$2:$F$966,$A11) -> 0 | BU11: =SUMIFS('Исходные данные'!$J$2:$J$966,'Исходные данные'!$D$2:$D$966,BT$1,'Исходные данные'!$F$2:$F$966,$A11) -> 0 | BV11: =SUMIFS('Исходные данные'!$I$2:$I$966,'Исходные данные'!$D$2:$D$966,BV$1,'Исходные данные'!$F$2:$F$966,$A11) -> 0 | BW11: =SUMIFS('Исходные данные'!$J$2:$J$966,'Исходные данные'!$D$2:$D$966,BV$1,'Исходные данные'!$F$2:$F$966,$A11) -> 0 | BX11: =SUMIFS('Исходные данные'!$I$2:$I$966,'Исходные данные'!$D$2:$D$966,BX$1,'Исходные данные'!$F$2:$F$966,$A11) -> 0 | BY11: =SUMIFS('Исходные данные'!$J$2:$J$966,'Исходные данные'!$D$2:$D$966,BX$1,'Исходные данные'!$F$2:$F$966,$A11) -> 0 | BZ11: =SUMIFS('Исходные данные'!$I$2:$I$966,'Исходные данные'!$D$2:$D$966,BZ$1,'Исходные данные'!$F$2:$F$966,$A11) -> 0 | CA11: =SUMIFS('Исходные данные'!$J$2:$J$966,'Исходные данные'!$D$2:$D$966,BZ$1,'Исходные данные'!$F$2:$F$966,$A11) -> 0 | CB11: =SUMIFS('Исходные данные'!$I$2:$I$966,'Исходные данные'!$D$2:$D$966,CB$1,'Исходные данные'!$F$2:$F$966,$A11) -> 0 | CC11: =SUMIFS('Исходные данные'!$J$2:$J$966,'Исходные данные'!$D$2:$D$966,CB$1,'Исходные данные'!$F$2:$F$966,$A11) -> 0 | CD11: =SUMIFS('Исходные данные'!$I$2:$I$966,'Исходные данные'!$D$2:$D$966,CD$1,'Исходные данные'!$F$2:$F$966,$A11) -> 0 | CE11: =SUMIFS('Исходные данные'!$J$2:$J$966,'Исходные данные'!$D$2:$D$966,CD$1,'Исходные данные'!$F$2:$F$966,$A11) -> 0 | CF11: =SUMIFS('Исходные данные'!$I$2:$I$966,'Исходные данные'!$D$2:$D$966,CF$1,'Исходные данные'!$F$2:$F$966,$A11) -> 0 | CG11: =SUMIFS('Исходные данные'!$J$2:$J$966,'Исходные данные'!$D$2:$D$966,CF$1,'Исходные данные'!$F$2:$F$966,$A11) -> 0 | CH11: =SUMIFS('Исходные данные'!$I$2:$I$966,'Исходные данные'!$D$2:$D$966,CH$1,'Исходные данные'!$F$2:$F$966,$A11) -> 0 | CI11: =SUMIFS('Исходные данные'!$J$2:$J$966,'Исходные данные'!$D$2:$D$966,CH$1,'Исходные данные'!$F$2:$F$966,$A11) -> 0 | CJ11: =SUMIFS('Исходные данные'!$I$2:$I$966,'Исходные данные'!$D$2:$D$966,CJ$1,'Исходные данные'!$F$2:$F$966,$A11) -> 0 | CK11: =SUMIFS('Исходные данные'!$J$2:$J$966,'Исходные данные'!$D$2:$D$966,CJ$1,'Исходные данные'!$F$2:$F$966,$A11) -> 0 | CL11: =SUMIFS('Исходные данные'!$I$2:$I$966,'Исходные данные'!$D$2:$D$966,CL$1,'Исходные данные'!$F$2:$F$966,$A11) -> 0 | CM11: =SUMIFS('Исходные данные'!$J$2:$J$966,'Исходные данные'!$D$2:$D$966,CL$1,'Исходные данные'!$F$2:$F$966,$A11) -> 0 | CN11: =SUMIFS('Исходные данные'!$I$2:$I$966,'Исходные данные'!$D$2:$D$966,CN$1,'Исходные данные'!$F$2:$F$966,$A11) -> 0 | CO11: =SUMIFS('Исходные данные'!$J$2:$J$966,'Исходные данные'!$D$2:$D$966,CN$1,'Исходные данные'!$F$2:$F$966,$A11) -> 0 | CP11: =SUMIFS('Исходные данные'!$I$2:$I$966,'Исходные данные'!$D$2:$D$966,CP$1,'Исходные данные'!$F$2:$F$966,$A11) -> 0 | CQ11: =SUMIFS('Исходные данные'!$J$2:$J$966,'Исходные данные'!$D$2:$D$966,CP$1,'Исходные данные'!$F$2:$F$966,$A11) -> 0
A12: 23 | B12: Седельный тягач с лебедкой | C12: 3 | D12: =F12+G12 -> 3 | E12: =D12-C12 -> 0 | F12: =SUMIFS($H12:$CQ12,$H$2:$CQ$2,"День") -> 3 | G12: =SUMIFS($H12:$CQ12,$H$2:$CQ$2,"Ночь") -> 0 | H12: =SUMIFS('Исходные данные'!$I$2:$I$966,'Исходные данные'!$D$2:$D$966,H$1,'Исходные данные'!$F$2:$F$966,$A12) -> 0 | I12: =SUMIFS('Исходные данные'!$J$2:$J$966,'Исходные данные'!$D$2:$D$966,H$1,'Исходные данные'!$F$2:$F$966,$A12) -> 0 | J12: =SUMIFS('Исходные данные'!$I$2:$I$966,'Исходные данные'!$D$2:$D$966,J$1,'Исходные данные'!$F$2:$F$966,$A12) -> 0 | K12: =SUMIFS('Исходные данные'!$J$2:$J$966,'Исходные данные'!$D$2:$D$966,J$1,'Исходные данные'!$F$2:$F$966,$A12) -> 0 | L12: =SUMIFS('Исходные данные'!$I$2:$I$966,'Исходные данные'!$D$2:$D$966,L$1,'Исходные данные'!$F$2:$F$966,$A12) -> 0 | M12: =SUMIFS('Исходные данные'!$J$2:$J$966,'Исходные данные'!$D$2:$D$966,L$1,'Исходные данные'!$F$2:$F$966,$A12) -> 0 | N12: =SUMIFS('Исходные данные'!$I$2:$I$966,'Исходные данные'!$D$2:$D$966,N$1,'Исходные данные'!$F$2:$F$966,$A12) -> 0 | O12: =SUMIFS('Исходные данные'!$J$2:$J$966,'Исходные данные'!$D$2:$D$966,N$1,'Исходные данные'!$F$2:$F$966,$A12) -> 0 | P12: =SUMIFS('Исходные данные'!$I$2:$I$966,'Исходные данные'!$D$2:$D$966,P$1,'Исходные данные'!$F$2:$F$966,$A12) -> 0 | Q12: =SUMIFS('Исходные данные'!$J$2:$J$966,'Исходные данные'!$D$2:$D$966,P$1,'Исходные данные'!$F$2:$F$966,$A12) -> 0 | R12: =SUMIFS('Исходные данные'!$I$2:$I$966,'Исходные данные'!$D$2:$D$966,R$1,'Исходные данные'!$F$2:$F$966,$A12) -> 0 | S12: =SUMIFS('Исходные данные'!$J$2:$J$966,'Исходные данные'!$D$2:$D$966,R$1,'Исходные данные'!$F$2:$F$966,$A12) -> 0 | T12: =SUMIFS('Исходные данные'!$I$2:$I$966,'Исходные данные'!$D$2:$D$966,T$1,'Исходные данные'!$F$2:$F$966,$A12) -> 0 | U12: =SUMIFS('Исходные данные'!$J$2:$J$966,'Исходные данные'!$D$2:$D$966,T$1,'Исходные данные'!$F$2:$F$966,$A12) -> 0 | V12: =SUMIFS('Исходные данные'!$I$2:$I$966,'Исходные данные'!$D$2:$D$966,V$1,'Исходные данные'!$F$2:$F$966,$A12) -> 1 | W12: =SUMIFS('Исходные данные'!$J$2:$J$966,'Исходные данные'!$D$2:$D$966,V$1,'Исходные данные'!$F$2:$F$966,$A12) -> 0 | X12: =SUMIFS('Исходные данные'!$I$2:$I$966,'Исходные данные'!$D$2:$D$966,X$1,'Исходные данные'!$F$2:$F$966,$A12) -> 1 | Y12: =SUMIFS('Исходные данные'!$J$2:$J$966,'Исходные данные'!$D$2:$D$966,X$1,'Исходные данные'!$F$2:$F$966,$A12) -> 0 | Z12: =SUMIFS('Исходные данные'!$I$2:$I$966,'Исходные данные'!$D$2:$D$966,Z$1,'Исходные данные'!$F$2:$F$966,$A12) -> 0 | AA12: =SUMIFS('Исходные данные'!$J$2:$J$966,'Исходные данные'!$D$2:$D$966,Z$1,'Исходные данные'!$F$2:$F$966,$A12) -> 0 | AB12: =SUMIFS('Исходные данные'!$I$2:$I$966,'Исходные данные'!$D$2:$D$966,AB$1,'Исходные данные'!$F$2:$F$966,$A12) -> 0 | AC12: =SUMIFS('Исходные данные'!$J$2:$J$966,'Исходные данные'!$D$2:$D$966,AB$1,'Исходные данные'!$F$2:$F$966,$A12) -> 0 | AD12: =SUMIFS('Исходные данные'!$I$2:$I$966,'Исходные данные'!$D$2:$D$966,AD$1,'Исходные данные'!$F$2:$F$966,$A12) -> 0 | AE12: =SUMIFS('Исходные данные'!$J$2:$J$966,'Исходные данные'!$D$2:$D$966,AD$1,'Исходные данные'!$F$2:$F$966,$A12) -> 0 | AF12: =SUMIFS('Исходные данные'!$I$2:$I$966,'Исходные данные'!$D$2:$D$966,AF$1,'Исходные данные'!$F$2:$F$966,$A12) -> 0 | AG12: =SUMIFS('Исходные данные'!$J$2:$J$966,'Исходные данные'!$D$2:$D$966,AF$1,'Исходные данные'!$F$2:$F$966,$A12) -> 0 | AH12: =SUMIFS('Исходные данные'!$I$2:$I$966,'Исходные данные'!$D$2:$D$966,AH$1,'Исходные данные'!$F$2:$F$966,$A12) -> 0 | AI12: =SUMIFS('Исходные данные'!$J$2:$J$966,'Исходные данные'!$D$2:$D$966,AH$1,'Исходные данные'!$F$2:$F$966,$A12) -> 0 | AJ12: =SUMIFS('Исходные данные'!$I$2:$I$966,'Исходные данные'!$D$2:$D$966,AJ$1,'Исходные данные'!$F$2:$F$966,$A12) -> 0 | AK12: =SUMIFS('Исходные данные'!$J$2:$J$966,'Исходные данные'!$D$2:$D$966,AJ$1,'Исходные данные'!$F$2:$F$966,$A12) -> 0 | AL12: =SUMIFS('Исходные данные'!$I$2:$I$966,'Исходные данные'!$D$2:$D$966,AL$1,'Исходные данные'!$F$2:$F$966,$A12) -> 1 | AM12: =SUMIFS('Исходные данные'!$J$2:$J$966,'Исходные данные'!$D$2:$D$966,AL$1,'Исходные данные'!$F$2:$F$966,$A12) -> 0 | AN12: =SUMIFS('Исходные данные'!$I$2:$I$966,'Исходные данные'!$D$2:$D$966,AN$1,'Исходные данные'!$F$2:$F$966,$A12) -> 0 | AO12: =SUMIFS('Исходные данные'!$J$2:$J$966,'Исходные данные'!$D$2:$D$966,AN$1,'Исходные данные'!$F$2:$F$966,$A12) -> 0 | AP12: =SUMIFS('Исходные данные'!$I$2:$I$966,'Исходные данные'!$D$2:$D$966,AP$1,'Исходные данные'!$F$2:$F$966,$A12) -> 0 | AQ12: =SUMIFS('Исходные данные'!$J$2:$J$966,'Исходные данные'!$D$2:$D$966,AP$1,'Исходные данные'!$F$2:$F$966,$A12) -> 0 | AR12: =SUMIFS('Исходные данные'!$I$2:$I$966,'Исходные данные'!$D$2:$D$966,AR$1,'Исходные данные'!$F$2:$F$966,$A12) -> 0 | AS12: =SUMIFS('Исходные данные'!$J$2:$J$966,'Исходные данные'!$D$2:$D$966,AR$1,'Исходные данные'!$F$2:$F$966,$A12) -> 0 | AT12: =SUMIFS('Исходные данные'!$I$2:$I$966,'Исходные данные'!$D$2:$D$966,AT$1,'Исходные данные'!$F$2:$F$966,$A12) -> 0 | AU12: =SUMIFS('Исходные данные'!$J$2:$J$966,'Исходные данные'!$D$2:$D$966,AT$1,'Исходные данные'!$F$2:$F$966,$A12) -> 0 | AV12: =SUMIFS('Исходные данные'!$I$2:$I$966,'Исходные данные'!$D$2:$D$966,AV$1,'Исходные данные'!$F$2:$F$966,$A12) -> 0 | AW12: =SUMIFS('Исходные данные'!$J$2:$J$966,'Исходные данные'!$D$2:$D$966,AV$1,'Исходные данные'!$F$2:$F$966,$A12) -> 0 | AX12: =SUMIFS('Исходные данные'!$I$2:$I$966,'Исходные данные'!$D$2:$D$966,AX$1,'Исходные данные'!$F$2:$F$966,$A12) -> 0 | AY12: =SUMIFS('Исходные данные'!$J$2:$J$966,'Исходные данные'!$D$2:$D$966,AX$1,'Исходные данные'!$F$2:$F$966,$A12) -> 0 | AZ12: =SUMIFS('Исходные данные'!$I$2:$I$966,'Исходные данные'!$D$2:$D$966,AZ$1,'Исходные данные'!$F$2:$F$966,$A12) -> 0 | BA12: =SUMIFS('Исходные данные'!$J$2:$J$966,'Исходные данные'!$D$2:$D$966,AZ$1,'Исходные данные'!$F$2:$F$966,$A12) -> 0 | BB12: =SUMIFS('Исходные данные'!$I$2:$I$966,'Исходные данные'!$D$2:$D$966,BB$1,'Исходные данные'!$F$2:$F$966,$A12) -> 0 | BC12: =SUMIFS('Исходные данные'!$J$2:$J$966,'Исходные данные'!$D$2:$D$966,BB$1,'Исходные данные'!$F$2:$F$966,$A12) -> 0 | BD12: =SUMIFS('Исходные данные'!$I$2:$I$966,'Исходные данные'!$D$2:$D$966,BD$1,'Исходные данные'!$F$2:$F$966,$A12) -> 0 | BE12: =SUMIFS('Исходные данные'!$J$2:$J$966,'Исходные данные'!$D$2:$D$966,BD$1,'Исходные данные'!$F$2:$F$966,$A12) -> 0 | BF12: =SUMIFS('Исходные данные'!$I$2:$I$966,'Исходные данные'!$D$2:$D$966,BF$1,'Исходные данные'!$F$2:$F$966,$A12) -> 0 | BG12: =SUMIFS('Исходные данные'!$J$2:$J$966,'Исходные данные'!$D$2:$D$966,BF$1,'Исходные данные'!$F$2:$F$966,$A12) -> 0 | BH12: =SUMIFS('Исходные данные'!$I$2:$I$966,'Исходные данные'!$D$2:$D$966,BH$1,'Исходные данные'!$F$2:$F$966,$A12) -> 0 | BI12: =SUMIFS('Исходные данные'!$J$2:$J$966,'Исходные данные'!$D$2:$D$966,BH$1,'Исходные данные'!$F$2:$F$966,$A12) -> 0 | BJ12: =SUMIFS('Исходные данные'!$I$2:$I$966,'Исходные данные'!$D$2:$D$966,BJ$1,'Исходные данные'!$F$2:$F$966,$A12) -> 0 | BK12: =SUMIFS('Исходные данные'!$J$2:$J$966,'Исходные данные'!$D$2:$D$966,BJ$1,'Исходные данные'!$F$2:$F$966,$A12) -> 0 | BL12: =SUMIFS('Исходные данные'!$I$2:$I$966,'Исходные данные'!$D$2:$D$966,BL$1,'Исходные данные'!$F$2:$F$966,$A12) -> 0 | BM12: =SUMIFS('Исходные данные'!$J$2:$J$966,'Исходные данные'!$D$2:$D$966,BL$1,'Исходные данные'!$F$2:$F$966,$A12) -> 0 | BN12: =SUMIFS('Исходные данные'!$I$2:$I$966,'Исходные данные'!$D$2:$D$966,BN$1,'Исходные данные'!$F$2:$F$966,$A12) -> 0 | BO12: =SUMIFS('Исходные данные'!$J$2:$J$966,'Исходные данные'!$D$2:$D$966,BN$1,'Исходные данные'!$F$2:$F$966,$A12) -> 0 | BP12: =SUMIFS('Исходные данные'!$I$2:$I$966,'Исходные данные'!$D$2:$D$966,BP$1,'Исходные данные'!$F$2:$F$966,$A12) -> 0 | BQ12: =SUMIFS('Исходные данные'!$J$2:$J$966,'Исходные данные'!$D$2:$D$966,BP$1,'Исходные данные'!$F$2:$F$966,$A12) -> 0 | BR12: =SUMIFS('Исходные данные'!$I$2:$I$966,'Исходные данные'!$D$2:$D$966,BR$1,'Исходные данные'!$F$2:$F$966,$A12) -> 0 | BS12: =SUMIFS('Исходные данные'!$J$2:$J$966,'Исходные данные'!$D$2:$D$966,BR$1,'Исходные данные'!$F$2:$F$966,$A12) -> 0 | BT12: =SUMIFS('Исходные данные'!$I$2:$I$966,'Исходные данные'!$D$2:$D$966,BT$1,'Исходные данные'!$F$2:$F$966,$A12) -> 0 | BU12: =SUMIFS('Исходные данные'!$J$2:$J$966,'Исходные данные'!$D$2:$D$966,BT$1,'Исходные данные'!$F$2:$F$966,$A12) -> 0 | BV12: =SUMIFS('Исходные данные'!$I$2:$I$966,'Исходные данные'!$D$2:$D$966,BV$1,'Исходные данные'!$F$2:$F$966,$A12) -> 0 | BW12: =SUMIFS('Исходные данные'!$J$2:$J$966,'Исходные данные'!$D$2:$D$966,BV$1,'Исходные данные'!$F$2:$F$966,$A12) -> 0 | BX12: =SUMIFS('Исходные данные'!$I$2:$I$966,'Исходные данные'!$D$2:$D$966,BX$1,'Исходные данные'!$F$2:$F$966,$A12) -> 0 | BY12: =SUMIFS('Исходные данные'!$J$2:$J$966,'Исходные данные'!$D$2:$D$966,BX$1,'Исходные данные'!$F$2:$F$966,$A12) -> 0 | BZ12: =SUMIFS('Исходные данные'!$I$2:$I$966,'Исходные данные'!$D$2:$D$966,BZ$1,'Исходные данные'!$F$2:$F$966,$A12) -> 0 | CA12: =SUMIFS('Исходные данные'!$J$2:$J$966,'Исходные данные'!$D$2:$D$966,BZ$1,'Исходные данные'!$F$2:$F$966,$A12) -> 0 | CB12: =SUMIFS('Исходные данные'!$I$2:$I$966,'Исходные данные'!$D$2:$D$966,CB$1,'Исходные данные'!$F$2:$F$966,$A12) -> 0 | CC12: =SUMIFS('Исходные данные'!$J$2:$J$966,'Исходные данные'!$D$2:$D$966,CB$1,'Исходные данные'!$F$2:$F$966,$A12) -> 0 | CD12: =SUMIFS('Исходные данные'!$I$2:$I$966,'Исходные данные'!$D$2:$D$966,CD$1,'Исходные данные'!$F$2:$F$966,$A12) -> 0 | CE12: =SUMIFS('Исходные данные'!$J$2:$J$966,'Исходные данные'!$D$2:$D$966,CD$1,'Исходные данные'!$F$2:$F$966,$A12) -> 0 | CF12: =SUMIFS('Исходные данные'!$I$2:$I$966,'Исходные данные'!$D$2:$D$966,CF$1,'Исходные данные'!$F$2:$F$966,$A12) -> 0 | CG12: =SUMIFS('Исходные данные'!$J$2:$J$966,'Исходные данные'!$D$2:$D$966,CF$1,'Исходные данные'!$F$2:$F$966,$A12) -> 0 | CH12: =SUMIFS('Исходные данные'!$I$2:$I$966,'Исходные данные'!$D$2:$D$966,CH$1,'Исходные данные'!$F$2:$F$966,$A12) -> 0 | CI12: =SUMIFS('Исходные данные'!$J$2:$J$966,'Исходные данные'!$D$2:$D$966,CH$1,'Исходные данные'!$F$2:$F$966,$A12) -> 0 | CJ12: =SUMIFS('Исходные данные'!$I$2:$I$966,'Исходные данные'!$D$2:$D$966,CJ$1,'Исходные данные'!$F$2:$F$966,$A12) -> 0 | CK12: =SUMIFS('Исходные данные'!$J$2:$J$966,'Исходные данные'!$D$2:$D$966,CJ$1,'Исходные данные'!$F$2:$F$966,$A12) -> 0 | CL12: =SUMIFS('Исходные данные'!$I$2:$I$966,'Исходные данные'!$D$2:$D$966,CL$1,'Исходные данные'!$F$2:$F$966,$A12) -> 0 | CM12: =SUMIFS('Исходные данные'!$J$2:$J$966,'Исходные данные'!$D$2:$D$966,CL$1,'Исходные данные'!$F$2:$F$966,$A12) -> 0 | CN12: =SUMIFS('Исходные данные'!$I$2:$I$966,'Исходные данные'!$D$2:$D$966,CN$1,'Исходные данные'!$F$2:$F$966,$A12) -> 0 | CO12: =SUMIFS('Исходные данные'!$J$2:$J$966,'Исходные данные'!$D$2:$D$966,CN$1,'Исходные данные'!$F$2:$F$966,$A12) -> 0 | CP12: =SUMIFS('Исходные данные'!$I$2:$I$966,'Исходные данные'!$D$2:$D$966,CP$1,'Исходные данные'!$F$2:$F$966,$A12) -> 0 | CQ12: =SUMIFS('Исходные данные'!$J$2:$J$966,'Исходные данные'!$D$2:$D$966,CP$1,'Исходные данные'!$F$2:$F$966,$A12) -> 0
A13: 13 | B13: Toyota/Jac пикап | C13: 217 | D13: =F13+G13 -> 217 | E13: =D13-C13 -> 0 | F13: =SUMIFS($H13:$CQ13,$H$2:$CQ$2,"День") -> 166 | G13: =SUMIFS($H13:$CQ13,$H$2:$CQ$2,"Ночь") -> 51 | H13: =SUMIFS('Исходные данные'!$I$2:$I$966,'Исходные данные'!$D$2:$D$966,H$1,'Исходные данные'!$F$2:$F$966,$A13) -> 12 | I13: =SUMIFS('Исходные данные'!$J$2:$J$966,'Исходные данные'!$D$2:$D$966,H$1,'Исходные данные'!$F$2:$F$966,$A13) -> 6 | J13: =SUMIFS('Исходные данные'!$I$2:$I$966,'Исходные данные'!$D$2:$D$966,J$1,'Исходные данные'!$F$2:$F$966,$A13) -> 9 | K13: =SUMIFS('Исходные данные'!$J$2:$J$966,'Исходные данные'!$D$2:$D$966,J$1,'Исходные данные'!$F$2:$F$966,$A13) -> 6 | L13: =SUMIFS('Исходные данные'!$I$2:$I$966,'Исходные данные'!$D$2:$D$966,L$1,'Исходные данные'!$F$2:$F$966,$A13) -> 14 | M13: =SUMIFS('Исходные данные'!$J$2:$J$966,'Исходные данные'!$D$2:$D$966,L$1,'Исходные данные'!$F$2:$F$966,$A13) -> 7 | N13: =SUMIFS('Исходные данные'!$I$2:$I$966,'Исходные данные'!$D$2:$D$966,N$1,'Исходные данные'!$F$2:$F$966,$A13) -> 1 | O13: =SUMIFS('Исходные данные'!$J$2:$J$966,'Исходные данные'!$D$2:$D$966,N$1,'Исходные данные'!$F$2:$F$966,$A13) -> 0 | P13: =SUMIFS('Исходные данные'!$I$2:$I$966,'Исходные данные'!$D$2:$D$966,P$1,'Исходные данные'!$F$2:$F$966,$A13) -> 13 | Q13: =SUMIFS('Исходные данные'!$J$2:$J$966,'Исходные данные'!$D$2:$D$966,P$1,'Исходные данные'!$F$2:$F$966,$A13) -> 1 | R13: =SUMIFS('Исходные данные'!$I$2:$I$966,'Исходные данные'!$D$2:$D$966,R$1,'Исходные данные'!$F$2:$F$966,$A13) -> 17 | S13: =SUMIFS('Исходные данные'!$J$2:$J$966,'Исходные данные'!$D$2:$D$966,R$1,'Исходные данные'!$F$2:$F$966,$A13) -> 4 | T13: =SUMIFS('Исходные данные'!$I$2:$I$966,'Исходные данные'!$D$2:$D$966,T$1,'Исходные данные'!$F$2:$F$966,$A13) -> 6 | U13: =SUMIFS('Исходные данные'!$J$2:$J$966,'Исходные данные'!$D$2:$D$966,T$1,'Исходные данные'!$F$2:$F$966,$A13) -> 0 | V13: =SUMIFS('Исходные данные'!$I$2:$I$966,'Исходные данные'!$D$2:$D$966,V$1,'Исходные данные'!$F$2:$F$966,$A13) -> 4 | W13: =SUMIFS('Исходные данные'!$J$2:$J$966,'Исходные данные'!$D$2:$D$966,V$1,'Исходные данные'!$F$2:$F$966,$A13) -> 0 | X13: =SUMIFS('Исходные данные'!$I$2:$I$966,'Исходные данные'!$D$2:$D$966,X$1,'Исходные данные'!$F$2:$F$966,$A13) -> 3 | Y13: =SUMIFS('Исходные данные'!$J$2:$J$966,'Исходные данные'!$D$2:$D$966,X$1,'Исходные данные'!$F$2:$F$966,$A13) -> 0 | Z13: =SUMIFS('Исходные данные'!$I$2:$I$966,'Исходные данные'!$D$2:$D$966,Z$1,'Исходные данные'!$F$2:$F$966,$A13) -> 9 | AA13: =SUMIFS('Исходные данные'!$J$2:$J$966,'Исходные данные'!$D$2:$D$966,Z$1,'Исходные данные'!$F$2:$F$966,$A13) -> 0 | AB13: =SUMIFS('Исходные данные'!$I$2:$I$966,'Исходные данные'!$D$2:$D$966,AB$1,'Исходные данные'!$F$2:$F$966,$A13) -> 6 | AC13: =SUMIFS('Исходные данные'!$J$2:$J$966,'Исходные данные'!$D$2:$D$966,AB$1,'Исходные данные'!$F$2:$F$966,$A13) -> 2 | AD13: =SUMIFS('Исходные данные'!$I$2:$I$966,'Исходные данные'!$D$2:$D$966,AD$1,'Исходные данные'!$F$2:$F$966,$A13) -> 7 | AE13: =SUMIFS('Исходные данные'!$J$2:$J$966,'Исходные данные'!$D$2:$D$966,AD$1,'Исходные данные'!$F$2:$F$966,$A13) -> 3 | AF13: =SUMIFS('Исходные данные'!$I$2:$I$966,'Исходные данные'!$D$2:$D$966,AF$1,'Исходные данные'!$F$2:$F$966,$A13) -> 1 | AG13: =SUMIFS('Исходные данные'!$J$2:$J$966,'Исходные данные'!$D$2:$D$966,AF$1,'Исходные данные'!$F$2:$F$966,$A13) -> 0 | AH13: =SUMIFS('Исходные данные'!$I$2:$I$966,'Исходные данные'!$D$2:$D$966,AH$1,'Исходные данные'!$F$2:$F$966,$A13) -> 14 | AI13: =SUMIFS('Исходные данные'!$J$2:$J$966,'Исходные данные'!$D$2:$D$966,AH$1,'Исходные данные'!$F$2:$F$966,$A13) -> 9 | AJ13: =SUMIFS('Исходные данные'!$I$2:$I$966,'Исходные данные'!$D$2:$D$966,AJ$1,'Исходные данные'!$F$2:$F$966,$A13) -> 5 | AK13: =SUMIFS('Исходные данные'!$J$2:$J$966,'Исходные данные'!$D$2:$D$966,AJ$1,'Исходные данные'!$F$2:$F$966,$A13) -> 3 | AL13: =SUMIFS('Исходные данные'!$I$2:$I$966,'Исходные данные'!$D$2:$D$966,AL$1,'Исходные данные'!$F$2:$F$966,$A13) -> 2 | AM13: =SUMIFS('Исходные данные'!$J$2:$J$966,'Исходные данные'!$D$2:$D$966,AL$1,'Исходные данные'!$F$2:$F$966,$A13) -> 1 | AN13: =SUMIFS('Исходные данные'!$I$2:$I$966,'Исходные данные'!$D$2:$D$966,AN$1,'Исходные данные'!$F$2:$F$966,$A13) -> 5 | AO13: =SUMIFS('Исходные данные'!$J$2:$J$966,'Исходные данные'!$D$2:$D$966,AN$1,'Исходные данные'!$F$2:$F$966,$A13) -> 2 | AP13: =SUMIFS('Исходные данные'!$I$2:$I$966,'Исходные данные'!$D$2:$D$966,AP$1,'Исходные данные'!$F$2:$F$966,$A13) -> 6 | AQ13: =SUMIFS('Исходные данные'!$J$2:$J$966,'Исходные данные'!$D$2:$D$966,AP$1,'Исходные данные'!$F$2:$F$966,$A13) -> 4 | AR13: =SUMIFS('Исходные данные'!$I$2:$I$966,'Исходные данные'!$D$2:$D$966,AR$1,'Исходные данные'!$F$2:$F$966,$A13) -> 7 | AS13: =SUMIFS('Исходные данные'!$J$2:$J$966,'Исходные данные'!$D$2:$D$966,AR$1,'Исходные данные'!$F$2:$F$966,$A13) -> 1 | AT13: =SUMIFS('Исходные данные'!$I$2:$I$966,'Исходные данные'!$D$2:$D$966,AT$1,'Исходные данные'!$F$2:$F$966,$A13) -> 2 | AU13: =SUMIFS('Исходные данные'!$J$2:$J$966,'Исходные данные'!$D$2:$D$966,AT$1,'Исходные данные'!$F$2:$F$966,$A13) -> 0 | AV13: =SUMIFS('Исходные данные'!$I$2:$I$966,'Исходные данные'!$D$2:$D$966,AV$1,'Исходные данные'!$F$2:$F$966,$A13) -> 1 | AW13: =SUMIFS('Исходные данные'!$J$2:$J$966,'Исходные данные'!$D$2:$D$966,AV$1,'Исходные данные'!$F$2:$F$966,$A13) -> 0 | AX13: =SUMIFS('Исходные данные'!$I$2:$I$966,'Исходные данные'!$D$2:$D$966,AX$1,'Исходные данные'!$F$2:$F$966,$A13) -> 3 | AY13: =SUMIFS('Исходные данные'!$J$2:$J$966,'Исходные данные'!$D$2:$D$966,AX$1,'Исходные данные'!$F$2:$F$966,$A13) -> 0 | AZ13: =SUMIFS('Исходные данные'!$I$2:$I$966,'Исходные данные'!$D$2:$D$966,AZ$1,'Исходные данные'!$F$2:$F$966,$A13) -> 5 | BA13: =SUMIFS('Исходные данные'!$J$2:$J$966,'Исходные данные'!$D$2:$D$966,AZ$1,'Исходные данные'!$F$2:$F$966,$A13) -> 0 | BB13: =SUMIFS('Исходные данные'!$I$2:$I$966,'Исходные данные'!$D$2:$D$966,BB$1,'Исходные данные'!$F$2:$F$966,$A13) -> 5 | BC13: =SUMIFS('Исходные данные'!$J$2:$J$966,'Исходные данные'!$D$2:$D$966,BB$1,'Исходные данные'!$F$2:$F$966,$A13) -> 1 | BD13: =SUMIFS('Исходные данные'!$I$2:$I$966,'Исходные данные'!$D$2:$D$966,BD$1,'Исходные данные'!$F$2:$F$966,$A13) -> 0 | BE13: =SUMIFS('Исходные данные'!$J$2:$J$966,'Исходные данные'!$D$2:$D$966,BD$1,'Исходные данные'!$F$2:$F$966,$A13) -> 0 | BF13: =SUMIFS('Исходные данные'!$I$2:$I$966,'Исходные данные'!$D$2:$D$966,BF$1,'Исходные данные'!$F$2:$F$966,$A13) -> 2 | BG13: =SUMIFS('Исходные данные'!$J$2:$J$966,'Исходные данные'!$D$2:$D$966,BF$1,'Исходные данные'!$F$2:$F$966,$A13) -> 0 | BH13: =SUMIFS('Исходные данные'!$I$2:$I$966,'Исходные данные'!$D$2:$D$966,BH$1,'Исходные данные'!$F$2:$F$966,$A13) -> 0 | BI13: =SUMIFS('Исходные данные'!$J$2:$J$966,'Исходные данные'!$D$2:$D$966,BH$1,'Исходные данные'!$F$2:$F$966,$A13) -> 0 | BJ13: =SUMIFS('Исходные данные'!$I$2:$I$966,'Исходные данные'!$D$2:$D$966,BJ$1,'Исходные данные'!$F$2:$F$966,$A13) -> 2 | BK13: =SUMIFS('Исходные данные'!$J$2:$J$966,'Исходные данные'!$D$2:$D$966,BJ$1,'Исходные данные'!$F$2:$F$966,$A13) -> 0 | BL13: =SUMIFS('Исходные данные'!$I$2:$I$966,'Исходные данные'!$D$2:$D$966,BL$1,'Исходные данные'!$F$2:$F$966,$A13) -> 0 | BM13: =SUMIFS('Исходные данные'!$J$2:$J$966,'Исходные данные'!$D$2:$D$966,BL$1,'Исходные данные'!$F$2:$F$966,$A13) -> 0 | BN13: =SUMIFS('Исходные данные'!$I$2:$I$966,'Исходные данные'!$D$2:$D$966,BN$1,'Исходные данные'!$F$2:$F$966,$A13) -> 0 | BO13: =SUMIFS('Исходные данные'!$J$2:$J$966,'Исходные данные'!$D$2:$D$966,BN$1,'Исходные данные'!$F$2:$F$966,$A13) -> 0 | BP13: =SUMIFS('Исходные данные'!$I$2:$I$966,'Исходные данные'!$D$2:$D$966,BP$1,'Исходные данные'!$F$2:$F$966,$A13) -> 0 | BQ13: =SUMIFS('Исходные данные'!$J$2:$J$966,'Исходные данные'!$D$2:$D$966,BP$1,'Исходные данные'!$F$2:$F$966,$A13) -> 0 | BR13: =SUMIFS('Исходные данные'!$I$2:$I$966,'Исходные данные'!$D$2:$D$966,BR$1,'Исходные данные'!$F$2:$F$966,$A13) -> 1 | BS13: =SUMIFS('Исходные данные'!$J$2:$J$966,'Исходные данные'!$D$2:$D$966,BR$1,'Исходные данные'!$F$2:$F$966,$A13) -> 0 | BT13: =SUMIFS('Исходные данные'!$I$2:$I$966,'Исходные данные'!$D$2:$D$966,BT$1,'Исходные данные'!$F$2:$F$966,$A13) -> 1 | BU13: =SUMIFS('Исходные данные'!$J$2:$J$966,'Исходные данные'!$D$2:$D$966,BT$1,'Исходные данные'!$F$2:$F$966,$A13) -> 0 | BV13: =SUMIFS('Исходные данные'!$I$2:$I$966,'Исходные данные'!$D$2:$D$966,BV$1,'Исходные данные'!$F$2:$F$966,$A13) -> 0 | BW13: =SUMIFS('Исходные данные'!$J$2:$J$966,'Исходные данные'!$D$2:$D$966,BV$1,'Исходные данные'!$F$2:$F$966,$A13) -> 0 | BX13: =SUMIFS('Исходные данные'!$I$2:$I$966,'Исходные данные'!$D$2:$D$966,BX$1,'Исходные данные'!$F$2:$F$966,$A13) -> 0 | BY13: =SUMIFS('Исходные данные'!$J$2:$J$966,'Исходные данные'!$D$2:$D$966,BX$1,'Исходные данные'!$F$2:$F$966,$A13) -> 0 | BZ13: =SUMIFS('Исходные данные'!$I$2:$I$966,'Исходные данные'!$D$2:$D$966,BZ$1,'Исходные данные'!$F$2:$F$966,$A13) -> 0 | CA13: =SUMIFS('Исходные данные'!$J$2:$J$966,'Исходные данные'!$D$2:$D$966,BZ$1,'Исходные данные'!$F$2:$F$966,$A13) -> 0 | CB13: =SUMIFS('Исходные данные'!$I$2:$I$966,'Исходные данные'!$D$2:$D$966,CB$1,'Исходные данные'!$F$2:$F$966,$A13) -> 0 | CC13: =SUMIFS('Исходные данные'!$J$2:$J$966,'Исходные данные'!$D$2:$D$966,CB$1,'Исходные данные'!$F$2:$F$966,$A13) -> 0 | CD13: =SUMIFS('Исходные данные'!$I$2:$I$966,'Исходные данные'!$D$2:$D$966,CD$1,'Исходные данные'!$F$2:$F$966,$A13) -> 1 | CE13: =SUMIFS('Исходные данные'!$J$2:$J$966,'Исходные данные'!$D$2:$D$966,CD$1,'Исходные данные'!$F$2:$F$966,$A13) -> 0 | CF13: =SUMIFS('Исходные данные'!$I$2:$I$966,'Исходные данные'!$D$2:$D$966,CF$1,'Исходные данные'!$F$2:$F$966,$A13) -> 1 | CG13: =SUMIFS('Исходные данные'!$J$2:$J$966,'Исходные данные'!$D$2:$D$966,CF$1,'Исходные данные'!$F$2:$F$966,$A13) -> 1 | CH13: =SUMIFS('Исходные данные'!$I$2:$I$966,'Исходные данные'!$D$2:$D$966,CH$1,'Исходные данные'!$F$2:$F$966,$A13) -> 0 | CI13: =SUMIFS('Исходные данные'!$J$2:$J$966,'Исходные данные'!$D$2:$D$966,CH$1,'Исходные данные'!$F$2:$F$966,$A13) -> 0 | CJ13: =SUMIFS('Исходные данные'!$I$2:$I$966,'Исходные данные'!$D$2:$D$966,CJ$1,'Исходные данные'!$F$2:$F$966,$A13) -> 0 | CK13: =SUMIFS('Исходные данные'!$J$2:$J$966,'Исходные данные'!$D$2:$D$966,CJ$1,'Исходные данные'!$F$2:$F$966,$A13) -> 0 | CL13: =SUMIFS('Исходные данные'!$I$2:$I$966,'Исходные данные'!$D$2:$D$966,CL$1,'Исходные данные'!$F$2:$F$966,$A13) -> 0 | CM13: =SUMIFS('Исходные данные'!$J$2:$J$966,'Исходные данные'!$D$2:$D$966,CL$1,'Исходные данные'!$F$2:$F$966,$A13) -> 0 | CN13: =SUMIFS('Исходные данные'!$I$2:$I$966,'Исходные данные'!$D$2:$D$966,CN$1,'Исходные данные'!$F$2:$F$966,$A13) -> 0 | CO13: =SUMIFS('Исходные данные'!$J$2:$J$966,'Исходные данные'!$D$2:$D$966,CN$1,'Исходные данные'!$F$2:$F$966,$A13) -> 0 | CP13: =SUMIFS('Исходные данные'!$I$2:$I$966,'Исходные данные'!$D$2:$D$966,CP$1,'Исходные данные'!$F$2:$F$966,$A13) -> 1 | CQ13: =SUMIFS('Исходные данные'!$J$2:$J$966,'Исходные данные'!$D$2:$D$966,CP$1,'Исходные данные'!$F$2:$F$966,$A13) -> 0
A14: 13.1 | B14: Toyota/Jac пикап самовождение | C14: 60 | D14: =F14+G14 -> 61 | E14: =D14-C14 -> 1 | F14: =SUMIFS($H14:$CQ14,$H$2:$CQ$2,"День") -> 55 | G14: =SUMIFS($H14:$CQ14,$H$2:$CQ$2,"Ночь") -> 6 | H14: =SUMIFS('Исходные данные'!$I$2:$I$966,'Исходные данные'!$D$2:$D$966,H$1,'Исходные данные'!$F$2:$F$966,$A14) -> 8 | I14: =SUMIFS('Исходные данные'!$J$2:$J$966,'Исходные данные'!$D$2:$D$966,H$1,'Исходные данные'!$F$2:$F$966,$A14) -> 2 | J14: =SUMIFS('Исходные данные'!$I$2:$I$966,'Исходные данные'!$D$2:$D$966,J$1,'Исходные данные'!$F$2:$F$966,$A14) -> 8 | K14: =SUMIFS('Исходные данные'!$J$2:$J$966,'Исходные данные'!$D$2:$D$966,J$1,'Исходные данные'!$F$2:$F$966,$A14) -> 0 | L14: =SUMIFS('Исходные данные'!$I$2:$I$966,'Исходные данные'!$D$2:$D$966,L$1,'Исходные данные'!$F$2:$F$966,$A14) -> 8 | M14: =SUMIFS('Исходные данные'!$J$2:$J$966,'Исходные данные'!$D$2:$D$966,L$1,'Исходные данные'!$F$2:$F$966,$A14) -> 0 | N14: =SUMIFS('Исходные данные'!$I$2:$I$966,'Исходные данные'!$D$2:$D$966,N$1,'Исходные данные'!$F$2:$F$966,$A14) -> 0 | O14: =SUMIFS('Исходные данные'!$J$2:$J$966,'Исходные данные'!$D$2:$D$966,N$1,'Исходные данные'!$F$2:$F$966,$A14) -> 0 | P14: =SUMIFS('Исходные данные'!$I$2:$I$966,'Исходные данные'!$D$2:$D$966,P$1,'Исходные данные'!$F$2:$F$966,$A14) -> 0 | Q14: =SUMIFS('Исходные данные'!$J$2:$J$966,'Исходные данные'!$D$2:$D$966,P$1,'Исходные данные'!$F$2:$F$966,$A14) -> 0 | R14: =SUMIFS('Исходные данные'!$I$2:$I$966,'Исходные данные'!$D$2:$D$966,R$1,'Исходные данные'!$F$2:$F$966,$A14) -> 1 | S14: =SUMIFS('Исходные данные'!$J$2:$J$966,'Исходные данные'!$D$2:$D$966,R$1,'Исходные данные'!$F$2:$F$966,$A14) -> 0 | T14: =SUMIFS('Исходные данные'!$I$2:$I$966,'Исходные данные'!$D$2:$D$966,T$1,'Исходные данные'!$F$2:$F$966,$A14) -> 1 | U14: =SUMIFS('Исходные данные'!$J$2:$J$966,'Исходные данные'!$D$2:$D$966,T$1,'Исходные данные'!$F$2:$F$966,$A14) -> 0 | V14: =SUMIFS('Исходные данные'!$I$2:$I$966,'Исходные данные'!$D$2:$D$966,V$1,'Исходные данные'!$F$2:$F$966,$A14) -> 2 | W14: =SUMIFS('Исходные данные'!$J$2:$J$966,'Исходные данные'!$D$2:$D$966,V$1,'Исходные данные'!$F$2:$F$966,$A14) -> 0 | X14: =SUMIFS('Исходные данные'!$I$2:$I$966,'Исходные данные'!$D$2:$D$966,X$1,'Исходные данные'!$F$2:$F$966,$A14) -> 0 | Y14: =SUMIFS('Исходные данные'!$J$2:$J$966,'Исходные данные'!$D$2:$D$966,X$1,'Исходные данные'!$F$2:$F$966,$A14) -> 0 | Z14: =SUMIFS('Исходные данные'!$I$2:$I$966,'Исходные данные'!$D$2:$D$966,Z$1,'Исходные данные'!$F$2:$F$966,$A14) -> 0 | AA14: =SUMIFS('Исходные данные'!$J$2:$J$966,'Исходные данные'!$D$2:$D$966,Z$1,'Исходные данные'!$F$2:$F$966,$A14) -> 0 | AB14: =SUMIFS('Исходные данные'!$I$2:$I$966,'Исходные данные'!$D$2:$D$966,AB$1,'Исходные данные'!$F$2:$F$966,$A14) -> 1 | AC14: =SUMIFS('Исходные данные'!$J$2:$J$966,'Исходные данные'!$D$2:$D$966,AB$1,'Исходные данные'!$F$2:$F$966,$A14) -> 0 | AD14: =SUMIFS('Исходные данные'!$I$2:$I$966,'Исходные данные'!$D$2:$D$966,AD$1,'Исходные данные'!$F$2:$F$966,$A14) -> 0 | AE14: =SUMIFS('Исходные данные'!$J$2:$J$966,'Исходные данные'!$D$2:$D$966,AD$1,'Исходные данные'!$F$2:$F$966,$A14) -> 0 | AF14: =SUMIFS('Исходные данные'!$I$2:$I$966,'Исходные данные'!$D$2:$D$966,AF$1,'Исходные данные'!$F$2:$F$966,$A14) -> 1 | AG14: =SUMIFS('Исходные данные'!$J$2:$J$966,'Исходные данные'!$D$2:$D$966,AF$1,'Исходные данные'!$F$2:$F$966,$A14) -> 0 | AH14: =SUMIFS('Исходные данные'!$I$2:$I$966,'Исходные данные'!$D$2:$D$966,AH$1,'Исходные данные'!$F$2:$F$966,$A14) -> 0 | AI14: =SUMIFS('Исходные данные'!$J$2:$J$966,'Исходные данные'!$D$2:$D$966,AH$1,'Исходные данные'!$F$2:$F$966,$A14) -> 0 | AJ14: =SUMIFS('Исходные данные'!$I$2:$I$966,'Исходные данные'!$D$2:$D$966,AJ$1,'Исходные данные'!$F$2:$F$966,$A14) -> 0 | AK14: =SUMIFS('Исходные данные'!$J$2:$J$966,'Исходные данные'!$D$2:$D$966,AJ$1,'Исходные данные'!$F$2:$F$966,$A14) -> 0 | AL14: =SUMIFS('Исходные данные'!$I$2:$I$966,'Исходные данные'!$D$2:$D$966,AL$1,'Исходные данные'!$F$2:$F$966,$A14) -> 6 | AM14: =SUMIFS('Исходные данные'!$J$2:$J$966,'Исходные данные'!$D$2:$D$966,AL$1,'Исходные данные'!$F$2:$F$966,$A14) -> 0 | AN14: =SUMIFS('Исходные данные'!$I$2:$I$966,'Исходные данные'!$D$2:$D$966,AN$1,'Исходные данные'!$F$2:$F$966,$A14) -> 0 | AO14: =SUMIFS('Исходные данные'!$J$2:$J$966,'Исходные данные'!$D$2:$D$966,AN$1,'Исходные данные'!$F$2:$F$966,$A14) -> 0 | AP14: =SUMIFS('Исходные данные'!$I$2:$I$966,'Исходные данные'!$D$2:$D$966,AP$1,'Исходные данные'!$F$2:$F$966,$A14) -> 0 | AQ14: =SUMIFS('Исходные данные'!$J$2:$J$966,'Исходные данные'!$D$2:$D$966,AP$1,'Исходные данные'!$F$2:$F$966,$A14) -> 0 | AR14: =SUMIFS('Исходные данные'!$I$2:$I$966,'Исходные данные'!$D$2:$D$966,AR$1,'Исходные данные'!$F$2:$F$966,$A14) -> 0 | AS14: =SUMIFS('Исходные данные'!$J$2:$J$966,'Исходные данные'!$D$2:$D$966,AR$1,'Исходные данные'!$F$2:$F$966,$A14) -> 0 | AT14: =SUMIFS('Исходные данные'!$I$2:$I$966,'Исходные данные'!$D$2:$D$966,AT$1,'Исходные данные'!$F$2:$F$966,$A14) -> 0 | AU14: =SUMIFS('Исходные данные'!$J$2:$J$966,'Исходные данные'!$D$2:$D$966,AT$1,'Исходные данные'!$F$2:$F$966,$A14) -> 0 | AV14: =SUMIFS('Исходные данные'!$I$2:$I$966,'Исходные данные'!$D$2:$D$966,AV$1,'Исходные данные'!$F$2:$F$966,$A14) -> 1 | AW14: =SUMIFS('Исходные данные'!$J$2:$J$966,'Исходные данные'!$D$2:$D$966,AV$1,'Исходные данные'!$F$2:$F$966,$A14) -> 0 | AX14: =SUMIFS('Исходные данные'!$I$2:$I$966,'Исходные данные'!$D$2:$D$966,AX$1,'Исходные данные'!$F$2:$F$966,$A14) -> 0 | AY14: =SUMIFS('Исходные данные'!$J$2:$J$966,'Исходные данные'!$D$2:$D$966,AX$1,'Исходные данные'!$F$2:$F$966,$A14) -> 0 | AZ14: =SUMIFS('Исходные данные'!$I$2:$I$966,'Исходные данные'!$D$2:$D$966,AZ$1,'Исходные данные'!$F$2:$F$966,$A14) -> 2 | BA14: =SUMIFS('Исходные данные'!$J$2:$J$966,'Исходные данные'!$D$2:$D$966,AZ$1,'Исходные данные'!$F$2:$F$966,$A14) -> 0 | BB14: =SUMIFS('Исходные данные'!$I$2:$I$966,'Исходные данные'!$D$2:$D$966,BB$1,'Исходные данные'!$F$2:$F$966,$A14) -> 0 | BC14: =SUMIFS('Исходные данные'!$J$2:$J$966,'Исходные данные'!$D$2:$D$966,BB$1,'Исходные данные'!$F$2:$F$966,$A14) -> 0 | BD14: =SUMIFS('Исходные данные'!$I$2:$I$966,'Исходные данные'!$D$2:$D$966,BD$1,'Исходные данные'!$F$2:$F$966,$A14) -> 2 | BE14: =SUMIFS('Исходные данные'!$J$2:$J$966,'Исходные данные'!$D$2:$D$966,BD$1,'Исходные данные'!$F$2:$F$966,$A14) -> 1 | BF14: =SUMIFS('Исходные данные'!$I$2:$I$966,'Исходные данные'!$D$2:$D$966,BF$1,'Исходные данные'!$F$2:$F$966,$A14) -> 0 | BG14: =SUMIFS('Исходные данные'!$J$2:$J$966,'Исходные данные'!$D$2:$D$966,BF$1,'Исходные данные'!$F$2:$F$966,$A14) -> 0 | BH14: =SUMIFS('Исходные данные'!$I$2:$I$966,'Исходные данные'!$D$2:$D$966,BH$1,'Исходные данные'!$F$2:$F$966,$A14) -> 2 | BI14: =SUMIFS('Исходные данные'!$J$2:$J$966,'Исходные данные'!$D$2:$D$966,BH$1,'Исходные данные'!$F$2:$F$966,$A14) -> 0 | BJ14: =SUMIFS('Исходные данные'!$I$2:$I$966,'Исходные данные'!$D$2:$D$966,BJ$1,'Исходные данные'!$F$2:$F$966,$A14) -> 0 | BK14: =SUMIFS('Исходные данные'!$J$2:$J$966,'Исходные данные'!$D$2:$D$966,BJ$1,'Исходные данные'!$F$2:$F$966,$A14) -> 0 | BL14: =SUMIFS('Исходные данные'!$I$2:$I$966,'Исходные данные'!$D$2:$D$966,BL$1,'Исходные данные'!$F$2:$F$966,$A14) -> 0 | BM14: =SUMIFS('Исходные данные'!$J$2:$J$966,'Исходные данные'!$D$2:$D$966,BL$1,'Исходные данные'!$F$2:$F$966,$A14) -> 0 | BN14: =SUMIFS('Исходные данные'!$I$2:$I$966,'Исходные данные'!$D$2:$D$966,BN$1,'Исходные данные'!$F$2:$F$966,$A14) -> 2 | BO14: =SUMIFS('Исходные данные'!$J$2:$J$966,'Исходные данные'!$D$2:$D$966,BN$1,'Исходные данные'!$F$2:$F$966,$A14) -> 0 | BP14: =SUMIFS('Исходные данные'!$I$2:$I$966,'Исходные данные'!$D$2:$D$966,BP$1,'Исходные данные'!$F$2:$F$966,$A14) -> 1 | BQ14: =SUMIFS('Исходные данные'!$J$2:$J$966,'Исходные данные'!$D$2:$D$966,BP$1,'Исходные данные'!$F$2:$F$966,$A14) -> 0 | BR14: =SUMIFS('Исходные данные'!$I$2:$I$966,'Исходные данные'!$D$2:$D$966,BR$1,'Исходные данные'!$F$2:$F$966,$A14) -> 0 | BS14: =SUMIFS('Исходные данные'!$J$2:$J$966,'Исходные данные'!$D$2:$D$966,BR$1,'Исходные данные'!$F$2:$F$966,$A14) -> 0 | BT14: =SUMIFS('Исходные данные'!$I$2:$I$966,'Исходные данные'!$D$2:$D$966,BT$1,'Исходные данные'!$F$2:$F$966,$A14) -> 0 | BU14: =SUMIFS('Исходные данные'!$J$2:$J$966,'Исходные данные'!$D$2:$D$966,BT$1,'Исходные данные'!$F$2:$F$966,$A14) -> 0 | BV14: =SUMIFS('Исходные данные'!$I$2:$I$966,'Исходные данные'!$D$2:$D$966,BV$1,'Исходные данные'!$F$2:$F$966,$A14) -> 4 | BW14: =SUMIFS('Исходные данные'!$J$2:$J$966,'Исходные данные'!$D$2:$D$966,BV$1,'Исходные данные'!$F$2:$F$966,$A14) -> 1 | BX14: =SUMIFS('Исходные данные'!$I$2:$I$966,'Исходные данные'!$D$2:$D$966,BX$1,'Исходные данные'!$F$2:$F$966,$A14) -> 0 | BY14: =SUMIFS('Исходные данные'!$J$2:$J$966,'Исходные данные'!$D$2:$D$966,BX$1,'Исходные данные'!$F$2:$F$966,$A14) -> 0 | BZ14: =SUMIFS('Исходные данные'!$I$2:$I$966,'Исходные данные'!$D$2:$D$966,BZ$1,'Исходные данные'!$F$2:$F$966,$A14) -> 0 | CA14: =SUMIFS('Исходные данные'!$J$2:$J$966,'Исходные данные'!$D$2:$D$966,BZ$1,'Исходные данные'!$F$2:$F$966,$A14) -> 0 | CB14: =SUMIFS('Исходные данные'!$I$2:$I$966,'Исходные данные'!$D$2:$D$966,CB$1,'Исходные данные'!$F$2:$F$966,$A14) -> 3 | CC14: =SUMIFS('Исходные данные'!$J$2:$J$966,'Исходные данные'!$D$2:$D$966,CB$1,'Исходные данные'!$F$2:$F$966,$A14) -> 1 | CD14: =SUMIFS('Исходные данные'!$I$2:$I$966,'Исходные данные'!$D$2:$D$966,CD$1,'Исходные данные'!$F$2:$F$966,$A14) -> 0 | CE14: =SUMIFS('Исходные данные'!$J$2:$J$966,'Исходные данные'!$D$2:$D$966,CD$1,'Исходные данные'!$F$2:$F$966,$A14) -> 0 | CF14: =SUMIFS('Исходные данные'!$I$2:$I$966,'Исходные данные'!$D$2:$D$966,CF$1,'Исходные данные'!$F$2:$F$966,$A14) -> 0 | CG14: =SUMIFS('Исходные данные'!$J$2:$J$966,'Исходные данные'!$D$2:$D$966,CF$1,'Исходные данные'!$F$2:$F$966,$A14) -> 0 | CH14: =SUMIFS('Исходные данные'!$I$2:$I$966,'Исходные данные'!$D$2:$D$966,CH$1,'Исходные данные'!$F$2:$F$966,$A14) -> 0 | CI14: =SUMIFS('Исходные данные'!$J$2:$J$966,'Исходные данные'!$D$2:$D$966,CH$1,'Исходные данные'!$F$2:$F$966,$A14) -> 0 | CJ14: =SUMIFS('Исходные данные'!$I$2:$I$966,'Исходные данные'!$D$2:$D$966,CJ$1,'Исходные данные'!$F$2:$F$966,$A14) -> 1 | CK14: =SUMIFS('Исходные данные'!$J$2:$J$966,'Исходные данные'!$D$2:$D$966,CJ$1,'Исходные данные'!$F$2:$F$966,$A14) -> 0 | CL14: =SUMIFS('Исходные данные'!$I$2:$I$966,'Исходные данные'!$D$2:$D$966,CL$1,'Исходные данные'!$F$2:$F$966,$A14) -> 0 | CM14: =SUMIFS('Исходные данные'!$J$2:$J$966,'Исходные данные'!$D$2:$D$966,CL$1,'Исходные данные'!$F$2:$F$966,$A14) -> 1 | CN14: =SUMIFS('Исходные данные'!$I$2:$I$966,'Исходные данные'!$D$2:$D$966,CN$1,'Исходные данные'!$F$2:$F$966,$A14) -> 1 | CO14: =SUMIFS('Исходные данные'!$J$2:$J$966,'Исходные данные'!$D$2:$D$966,CN$1,'Исходные данные'!$F$2:$F$966,$A14) -> 0 | CP14: =SUMIFS('Исходные данные'!$I$2:$I$966,'Исходные данные'!$D$2:$D$966,CP$1,'Исходные данные'!$F$2:$F$966,$A14) -> 0 | CQ14: =SUMIFS('Исходные данные'!$J$2:$J$966,'Исходные данные'!$D$2:$D$966,CP$1,'Исходные данные'!$F$2:$F$966,$A14) -> 0
... A55: 43 | B55: Траншеекопатель | C55: 0 | D55: =F55+G55 -> 0 | E55: =D55-C55 -> 0 | F55: =SUMIFS($H55:$CQ55,$H$2:$CQ$2,"День") -> 0 | G55: =SUMIFS($H55:$CQ55,$H$2:$CQ$2,"Ночь") -> 0 | H55: =SUMIFS('Исходные данные'!$I$2:$I$966,'Исходные данные'!$D$2:$D$966,H$1,'Исходные данные'!$F$2:$F$966,$A55) -> 0 | I55: =SUMIFS('Исходные данные'!$J$2:$J$966,'Исходные данные'!$D$2:$D$966,H$1,'Исходные данные'!$F$2:$F$966,$A55) -> 0 | J55: =SUMIFS('Исходные данные'!$I$2:$I$966,'Исходные данные'!$D$2:$D$966,J$1,'Исходные данные'!$F$2:$F$966,$A55) -> 0 | K55: =SUMIFS('Исходные данные'!$J$2:$J$966,'Исходные данные'!$D$2:$D$966,J$1,'Исходные данные'!$F$2:$F$966,$A55) -> 0 | L55: =SUMIFS('Исходные данные'!$I$2:$I$966,'Исходные данные'!$D$2:$D$966,L$1,'Исходные данные'!$F$2:$F$966,$A55) -> 0 | M55: =SUMIFS('Исходные данные'!$J$2:$J$966,'Исходные данные'!$D$2:$D$966,L$1,'Исходные данные'!$F$2:$F$966,$A55) -> 0 | N55: =SUMIFS('Исходные данные'!$I$2:$I$966,'Исходные данные'!$D$2:$D$966,N$1,'Исходные данные'!$F$2:$F$966,$A55) -> 0 | O55: =SUMIFS('Исходные данные'!$J$2:$J$966,'Исходные данные'!$D$2:$D$966,N$1,'Исходные данные'!$F$2:$F$966,$A55) -> 0 | P55: =SUMIFS('Исходные данные'!$I$2:$I$966,'Исходные данные'!$D$2:$D$966,P$1,'Исходные данные'!$F$2:$F$966,$A55) -> 0 | Q55: =SUMIFS('Исходные данные'!$J$2:$J$966,'Исходные данные'!$D$2:$D$966,P$1,'Исходные данные'!$F$2:$F$966,$A55) -> 0 | R55: =SUMIFS('Исходные данные'!$I$2:$I$966,'Исходные данные'!$D$2:$D$966,R$1,'Исходные данные'!$F$2:$F$966,$A55) -> 0 | S55: =SUMIFS('Исходные данные'!$J$2:$J$966,'Исходные данные'!$D$2:$D$966,R$1,'Исходные данные'!$F$2:$F$966,$A55) -> 0 | T55: =SUMIFS('Исходные данные'!$I$2:$I$966,'Исходные данные'!$D$2:$D$966,T$1,'Исходные данные'!$F$2:$F$966,$A55) -> 0 | U55: =SUMIFS('Исходные данные'!$J$2:$J$966,'Исходные данные'!$D$2:$D$966,T$1,'Исходные данные'!$F$2:$F$966,$A55) -> 0 | V55: =SUMIFS('Исходные данные'!$I$2:$I$966,'Исходные данные'!$D$2:$D$966,V$1,'Исходные данные'!$F$2:$F$966,$A55) -> 0 | W55: =SUMIFS('Исходные данные'!$J$2:$J$966,'Исходные данные'!$D$2:$D$966,V$1,'Исходные данные'!$F$2:$F$966,$A55) -> 0 | X55: =SUMIFS('Исходные данные'!$I$2:$I$966,'Исходные данные'!$D$2:$D$966,X$1,'Исходные данные'!$F$2:$F$966,$A55) -> 0 | Y55: =SUMIFS('Исходные данные'!$J$2:$J$966,'Исходные данные'!$D$2:$D$966,X$1,'Исходные данные'!$F$2:$F$966,$A55) -> 0 | Z55: =SUMIFS('Исходные данные'!$I$2:$I$966,'Исходные данные'!$D$2:$D$966,Z$1,'Исходные данные'!$F$2:$F$966,$A55) -> 0 | AA55: =SUMIFS('Исходные данные'!$J$2:$J$966,'Исходные данные'!$D$2:$D$966,Z$1,'Исходные данные'!$F$2:$F$966,$A55) -> 0 | AB55: =SUMIFS('Исходные данные'!$I$2:$I$966,'Исходные данные'!$D$2:$D$966,AB$1,'Исходные данные'!$F$2:$F$966,$A55) -> 0 | AC55: =SUMIFS('Исходные данные'!$J$2:$J$966,'Исходные данные'!$D$2:$D$966,AB$1,'Исходные данные'!$F$2:$F$966,$A55) -> 0 | AD55: =SUMIFS('Исходные данные'!$I$2:$I$966,'Исходные данные'!$D$2:$D$966,AD$1,'Исходные данные'!$F$2:$F$966,$A55) -> 0 | AE55: =SUMIFS('Исходные данные'!$J$2:$J$966,'Исходные данные'!$D$2:$D$966,AD$1,'Исходные данные'!$F$2:$F$966,$A55) -> 0 | AF55: =SUMIFS('Исходные данные'!$I$2:$I$966,'Исходные данные'!$D$2:$D$966,AF$1,'Исходные данные'!$F$2:$F$966,$A55) -> 0 | AG55: =SUMIFS('Исходные данные'!$J$2:$J$966,'Исходные данные'!$D$2:$D$966,AF$1,'Исходные данные'!$F$2:$F$966,$A55) -> 0 | AH55: =SUMIFS('Исходные данные'!$I$2:$I$966,'Исходные данные'!$D$2:$D$966,AH$1,'Исходные данные'!$F$2:$F$966,$A55) -> 0 | AI55: =SUMIFS('Исходные данные'!$J$2:$J$966,'Исходные данные'!$D$2:$D$966,AH$1,'Исходные данные'!$F$2:$F$966,$A55) -> 0 | AJ55: =SUMIFS('Исходные данные'!$I$2:$I$966,'Исходные данные'!$D$2:$D$966,AJ$1,'Исходные данные'!$F$2:$F$966,$A55) -> 0 | AK55: =SUMIFS('Исходные данные'!$J$2:$J$966,'Исходные данные'!$D$2:$D$966,AJ$1,'Исходные данные'!$F$2:$F$966,$A55) -> 0 | AL55: =SUMIFS('Исходные данные'!$I$2:$I$966,'Исходные данные'!$D$2:$D$966,AL$1,'Исходные данные'!$F$2:$F$966,$A55) -> 0 | AM55: =SUMIFS('Исходные данные'!$J$2:$J$966,'Исходные данные'!$D$2:$D$966,AL$1,'Исходные данные'!$F$2:$F$966,$A55) -> 0 | AN55: =SUMIFS('Исходные данные'!$I$2:$I$966,'Исходные данные'!$D$2:$D$966,AN$1,'Исходные данные'!$F$2:$F$966,$A55) -> 0 | AO55: =SUMIFS('Исходные данные'!$J$2:$J$966,'Исходные данные'!$D$2:$D$966,AN$1,'Исходные данные'!$F$2:$F$966,$A55) -> 0 | AP55: =SUMIFS('Исходные данные'!$I$2:$I$966,'Исходные данные'!$D$2:$D$966,AP$1,'Исходные данные'!$F$2:$F$966,$A55) -> 0 | AQ55: =SUMIFS('Исходные данные'!$J$2:$J$966,'Исходные данные'!$D$2:$D$966,AP$1,'Исходные данные'!$F$2:$F$966,$A55) -> 0 | AR55: =SUMIFS('Исходные данные'!$I$2:$I$966,'Исходные данные'!$D$2:$D$966,AR$1,'Исходные данные'!$F$2:$F$966,$A55) -> 0 | AS55: =SUMIFS('Исходные данные'!$J$2:$J$966,'Исходные данные'!$D$2:$D$966,AR$1,'Исходные данные'!$F$2:$F$966,$A55) -> 0 | AT55: =SUMIFS('Исходные данные'!$I$2:$I$966,'Исходные данные'!$D$2:$D$966,AT$1,'Исходные данные'!$F$2:$F$966,$A55) -> 0 | AU55: =SUMIFS('Исходные данные'!$J$2:$J$966,'Исходные данные'!$D$2:$D$966,AT$1,'Исходные данные'!$F$2:$F$966,$A55) -> 0 | AV55: =SUMIFS('Исходные данные'!$I$2:$I$966,'Исходные данные'!$D$2:$D$966,AV$1,'Исходные данные'!$F$2:$F$966,$A55) -> 0 | AW55: =SUMIFS('Исходные данные'!$J$2:$J$966,'Исходные данные'!$D$2:$D$966,AV$1,'Исходные данные'!$F$2:$F$966,$A55) -> 0 | AX55: =SUMIFS('Исходные данные'!$I$2:$I$966,'Исходные данные'!$D$2:$D$966,AX$1,'Исходные данные'!$F$2:$F$966,$A55) -> 0 | AY55: =SUMIFS('Исходные данные'!$J$2:$J$966,'Исходные данные'!$D$2:$D$966,AX$1,'Исходные данные'!$F$2:$F$966,$A55) -> 0 | AZ55: =SUMIFS('Исходные данные'!$I$2:$I$966,'Исходные данные'!$D$2:$D$966,AZ$1,'Исходные данные'!$F$2:$F$966,$A55) -> 0 | BA55: =SUMIFS('Исходные данные'!$J$2:$J$966,'Исходные данные'!$D$2:$D$966,AZ$1,'Исходные данные'!$F$2:$F$966,$A55) -> 0 | BB55: =SUMIFS('Исходные данные'!$I$2:$I$966,'Исходные данные'!$D$2:$D$966,BB$1,'Исходные данные'!$F$2:$F$966,$A55) -> 0 | BC55: =SUMIFS('Исходные данные'!$J$2:$J$966,'Исходные данные'!$D$2:$D$966,BB$1,'Исходные данные'!$F$2:$F$966,$A55) -> 0 | BD55: =SUMIFS('Исходные данные'!$I$2:$I$966,'Исходные данные'!$D$2:$D$966,BD$1,'Исходные данные'!$F$2:$F$966,$A55) -> 0 | BE55: =SUMIFS('Исходные данные'!$J$2:$J$966,'Исходные данные'!$D$2:$D$966,BD$1,'Исходные данные'!$F$2:$F$966,$A55) -> 0 | BF55: =SUMIFS('Исходные данные'!$I$2:$I$966,'Исходные данные'!$D$2:$D$966,BF$1,'Исходные данные'!$F$2:$F$966,$A55) -> 0 | BG55: =SUMIFS('Исходные данные'!$J$2:$J$966,'Исходные данные'!$D$2:$D$966,BF$1,'Исходные данные'!$F$2:$F$966,$A55) -> 0 | BH55: =SUMIFS('Исходные данные'!$I$2:$I$966,'Исходные данные'!$D$2:$D$966,BH$1,'Исходные данные'!$F$2:$F$966,$A55) -> 0 | BI55: =SUMIFS('Исходные данные'!$J$2:$J$966,'Исходные данные'!$D$2:$D$966,BH$1,'Исходные данные'!$F$2:$F$966,$A55) -> 0 | BJ55: =SUMIFS('Исходные данные'!$I$2:$I$966,'Исходные данные'!$D$2:$D$966,BJ$1,'Исходные данные'!$F$2:$F$966,$A55) -> 0 | BK55: =SUMIFS('Исходные данные'!$J$2:$J$966,'Исходные данные'!$D$2:$D$966,BJ$1,'Исходные данные'!$F$2:$F$966,$A55) -> 0 | BL55: =SUMIFS('Исходные данные'!$I$2:$I$966,'Исходные данные'!$D$2:$D$966,BL$1,'Исходные данные'!$F$2:$F$966,$A55) -> 0 | BM55: =SUMIFS('Исходные данные'!$J$2:$J$966,'Исходные данные'!$D$2:$D$966,BL$1,'Исходные данные'!$F$2:$F$966,$A55) -> 0 | BN55: =SUMIFS('Исходные данные'!$I$2:$I$966,'Исходные данные'!$D$2:$D$966,BN$1,'Исходные данные'!$F$2:$F$966,$A55) -> 0 | BO55: =SUMIFS('Исходные данные'!$J$2:$J$966,'Исходные данные'!$D$2:$D$966,BN$1,'Исходные данные'!$F$2:$F$966,$A55) -> 0 | BP55: =SUMIFS('Исходные данные'!$I$2:$I$966,'Исходные данные'!$D$2:$D$966,BP$1,'Исходные данные'!$F$2:$F$966,$A55) -> 0 | BQ55: =SUMIFS('Исходные данные'!$J$2:$J$966,'Исходные данные'!$D$2:$D$966,BP$1,'Исходные данные'!$F$2:$F$966,$A55) -> 0 | BR55: =SUMIFS('Исходные данные'!$I$2:$I$966,'Исходные данные'!$D$2:$D$966,BR$1,'Исходные данные'!$F$2:$F$966,$A55) -> 0 | BS55: =SUMIFS('Исходные данные'!$J$2:$J$966,'Исходные данные'!$D$2:$D$966,BR$1,'Исходные данные'!$F$2:$F$966,$A55) -> 0 | BT55: =SUMIFS('Исходные данные'!$I$2:$I$966,'Исходные данные'!$D$2:$D$966,BT$1,'Исходные данные'!$F$2:$F$966,$A55) -> 0 | BU55: =SUMIFS('Исходные данные'!$J$2:$J$966,'Исходные данные'!$D$2:$D$966,BT$1,'Исходные данные'!$F$2:$F$966,$A55) -> 0 | BV55: =SUMIFS('Исходные данные'!$I$2:$I$966,'Исходные данные'!$D$2:$D$966,BV$1,'Исходные данные'!$F$2:$F$966,$A55) -> 0 | BW55: =SUMIFS('Исходные данные'!$J$2:$J$966,'Исходные данные'!$D$2:$D$966,BV$1,'Исходные данные'!$F$2:$F$966,$A55) -> 0 | BX55: =SUMIFS('Исходные данные'!$I$2:$I$966,'Исходные данные'!$D$2:$D$966,BX$1,'Исходные данные'!$F$2:$F$966,$A55) -> 0 | BY55: =SUMIFS('Исходные данные'!$J$2:$J$966,'Исходные данные'!$D$2:$D$966,BX$1,'Исходные данные'!$F$2:$F$966,$A55) -> 0 | BZ55: =SUMIFS('Исходные данные'!$I$2:$I$966,'Исходные данные'!$D$2:$D$966,BZ$1,'Исходные данные'!$F$2:$F$966,$A55) -> 0 | CA55: =SUMIFS('Исходные данные'!$J$2:$J$966,'Исходные данные'!$D$2:$D$966,BZ$1,'Исходные данные'!$F$2:$F$966,$A55) -> 0 | CB55: =SUMIFS('Исходные данные'!$I$2:$I$966,'Исходные данные'!$D$2:$D$966,CB$1,'Исходные данные'!$F$2:$F$966,$A55) -> 0 | CC55: =SUMIFS('Исходные данные'!$J$2:$J$966,'Исходные данные'!$D$2:$D$966,CB$1,'Исходные данные'!$F$2:$F$966,$A55) -> 0 | CD55: =SUMIFS('Исходные данные'!$I$2:$I$966,'Исходные данные'!$D$2:$D$966,CD$1,'Исходные данные'!$F$2:$F$966,$A55) -> 0 | CE55: =SUMIFS('Исходные данные'!$J$2:$J$966,'Исходные данные'!$D$2:$D$966,CD$1,'Исходные данные'!$F$2:$F$966,$A55) -> 0 | CF55: =SUMIFS('Исходные данные'!$I$2:$I$966,'Исходные данные'!$D$2:$D$966,CF$1,'Исходные данные'!$F$2:$F$966,$A55) -> 0 | CG55: =SUMIFS('Исходные данные'!$J$2:$J$966,'Исходные данные'!$D$2:$D$966,CF$1,'Исходные данные'!$F$2:$F$966,$A55) -> 0 | CH55: =SUMIFS('Исходные данные'!$I$2:$I$966,'Исходные данные'!$D$2:$D$966,CH$1,'Исходные данные'!$F$2:$F$966,$A55) -> 0 | CI55: =SUMIFS('Исходные данные'!$J$2:$J$966,'Исходные данные'!$D$2:$D$966,CH$1,'Исходные данные'!$F$2:$F$966,$A55) -> 0 | CJ55: =SUMIFS('Исходные данные'!$I$2:$I$966,'Исходные данные'!$D$2:$D$966,CJ$1,'Исходные данные'!$F$2:$F$966,$A55) -> 0 | CK55: =SUMIFS('Исходные данные'!$J$2:$J$966,'Исходные данные'!$D$2:$D$966,CJ$1,'Исходные данные'!$F$2:$F$966,$A55) -> 0 | CL55: =SUMIFS('Исходные данные'!$I$2:$I$966,'Исходные данные'!$D$2:$D$966,CL$1,'Исходные данные'!$F$2:$F$966,$A55) -> 0 | CM55: =SUMIFS('Исходные данные'!$J$2:$J$966,'Исходные данные'!$D$2:$D$966,CL$1,'Исходные данные'!$F$2:$F$966,$A55) -> 0 | CN55: =SUMIFS('Исходные данные'!$I$2:$I$966,'Исходные данные'!$D$2:$D$966,CN$1,'Исходные данные'!$F$2:$F$966,$A55) -> 0 | CO55: =SUMIFS('Исходные данные'!$J$2:$J$966,'Исходные данные'!$D$2:$D$966,CN$1,'Исходные данные'!$F$2:$F$966,$A55) -> 0 | CP55: =SUMIFS('Исходные данные'!$I$2:$I$966,'Исходные данные'!$D$2:$D$966,CP$1,'Исходные данные'!$F$2:$F$966,$A55) -> 0 | CQ55: =SUMIFS('Исходные данные'!$J$2:$J$966,'Исходные данные'!$D$2:$D$966,CP$1,'Исходные данные'!$F$2:$F$966,$A55) -> 0
B56: ИТОГО | C56: =SUM(C3:C55) -> 711 | D56: =SUM(D3:D55) -> 691 | E56: =SUM(E3:E55) -> -20 | F56: =SUM(F3:F55) -> 538 | G56: =SUM(G3:G55) -> 153 | H56: =SUM(H3:H55) -> 39 | I56: =SUM(I3:I55) -> 14 | J56: =SUM(J3:J55) -> 39 | ... CQ56: =SUM(CQ3:CQ55) -> 3
B57: ВСЕГО день+ночь | D57: =D56 -> 691 | H57: =H56+I56 -> 53 | J57: =J56+K56 -> 46 | L57: =L56+M56 -> 75 | N57: =N56+O56 -> 4 | P57: =P56+Q56 -> 20 | R57: =R56+S56 -> 34 | T57: =T56+U56 -> 25 | V57: =V56+W56 -> 13 | X57: =X56+Y56 -> 14 | Z57: =Z56+AA56 -> 45 | AB57: =AB56+AC56 -> 9 | AD57: =AD56+AE56 -> 19 | AF57: =AF56+AG56 -> 11 | AH57: =AH56+AI56 -> 114 | AJ57: =AJ56+AK56 -> 63 | AL57: =AL56+AM56 -> 23 | AN57: =AN56+AO56 -> 13 | AP57: =AP56+AQ56 -> 10 | AR57: =AR56+AS56 -> 9 | AT57: =AT56+AU56 -> 8 | AV57: =AV56+AW56 -> 7 | AX57: =AX56+AY56 -> 6 | AZ57: =AZ56+BA56 -> 7 | BB57: =BB56+BC56 -> 6 | BD57: =BD56+BE56 -> 3 | BF57: =BF56+BG56 -> 3 | BH57: =BH56+BI56 -> 2 | BJ57: =BJ56+BK56 -> 2 | BL57: =BL56+BM56 -> 2 | BN57: =BN56+BO56 -> 2 | BP57: =BP56+BQ56 -> 1 | BR57: =BR56+BS56 -> 1 | BT57: =BT56+BU56 -> 1 | BV57: =BV56+BW56 -> 8 | BX57: =BX56+BY56 -> 7 | BZ57: =BZ56+CA56 -> 4 | CB57: =CB56+CC56 -> 4 | CD57: =CD56+CE56 -> 3 | CF57: =CF56+CG56 -> 3 | CH57: =CH56+CI56 -> 1 | CJ57: =CJ56+CK56 -> 1 | CL57: =CL56+CM56 -> 1 | CN57: =CN56+CO56 -> 1 | CP57: =CP56+CQ56 -> 7

Sheet Ежедневная сводка
A1: Техника құралдарының Цехтарға шығуы | H1: күні 15.10.2026ж.
A3: 1 | B3: ППУ | E3: Автокран (прод.) | I3: Техника | J3: План | K3: Факт | L3: Откл | M3: День | N3: Ночь | O3: ЦДН-1 | P3: ЦДН-2 | Q3: ЦДН-3 | R3: ЦППН | S3: ЦППД | T3: ЭЦ | U3: ОКС | V3: РСЦ | W3: ЦПП | X3: ЦИТС | Y3: ПРЦЭО | Z3: ГЦ | AA3: БМТС | AB3: Бурение | AC3: ЦПКРС-1 | AD3: ЦПКРС-2
A4: 2 | B4: 34-Н2861/12 | C4: ЦДН-1 | E4: 28-3141 | F4: ЦПКРС-1 | O4: =IF(SUMIFS('Исходные данные'!$I$2:$I$966,'Исходные данные'!$D$2:$D$966,O$3,'Исходные данные'!$F$2:$F$966,$H5&"",'Исходные данные'!$L$2:$L$966,"УТТ")+SUMIFS('Исходные данные'!$J$2:$J$966,'Исходные данные'!$D$2:$D$966,O$3,'Исходные данные'!$F$2:$F$966,$H5&"",'Исходные данные'!$L$2:$L$966,"УТТ")=0,"","утт-"&(SUMIFS('Исходные данные'!$I$2:$I$966,'Исходные данные'!$D$2:$D$966,O$3,'Исходные данные'!$F$2:$F$966,$H5&"",'Исходные данные'!$L$2:$L$966,"УТТ")+SUMIFS('Исходные данные'!$J$2:$J$966,'Исходные данные'!$D$2:$D$966,O$3,'Исходные данные'!$F$2:$F$966,$H5&"",'Исходные данные'!$L$2:$L$966,"УТТ"))) -> утт-1 | P4: =IF(SUMIFS('Исходные данные'!$I$2:$I$966,'Исходные данные'!$D$2:$D$966,P$3,'Исходные данные'!$F$2:$F$966,$H5&"",'Исходные данные'!$L$2:$L$966,"УТТ")+SUMIFS('Исходные данные'!$J$2:$J$966,'Исходные данные'!$D$2:$D$966,P$3,'Исходные данные'!$F$2:$F$966,$H5&"",'Исходные данные'!$L$2:$L$966,"УТТ")=0,"","утт-"&(SUMIFS('Исходные данные'!$I$2:$I$966,'Исходные данные'!$D$2:$D$966,P$3,'Исходные данные'!$F$2:$F$966,$H5&"",'Исходные данные'!$L$2:$L$966,"УТТ")+SUMIFS('Исходные данные'!$J$2:$J$966,'Исходные данные'!$D$2:$D$966,P$3,'Исходные данные'!$F$2:$F$966,$H5&"",'Исходные данные'!$L$2:$L$966,"УТТ"))) -> утт-1 | Q4: =IF(SUMIFS('Исходные данные'!$I$2:$I$966,'Исходные данные'!$D$2:$D$966,Q$3,'Исходные данные'!$F$2:$F$966,$H5&"",'Исходные данные'!$L$2:$L$966,"УТТ")+SUMIFS('Исходные данные'!$J$2:$J$966,'Исходные данные'!$D$2:$D$966,Q$3,'Исходные данные'!$F$2:$F$966,$H5&"",'Исходные данные'!$L$2:$L$966,"УТТ")=0,"","утт-"&(SUMIFS('Исходные данные'!$I$2:$I$966,'Исходные данные'!$D$2:$D$966,Q$3,'Исходные данные'!$F$2:$F$966,$H5&"",'Исходные данные'!$L$2:$L$966,"УТТ")+SUMIFS('Исходные данные'!$J$2:$J$966,'Исходные данные'!$D$2:$D$966,Q$3,'Исходные данные'!$F$2:$F$966,$H5&"",'Исходные данные'!$L$2:$L$966,"УТТ"))) | R4: =IF(SUMIFS('Исходные данные'!$I$2:$I$966,'Исходные данные'!$D$2:$D$966,R$3,'Исходные данные'!$F$2:$F$966,$H5&"",'Исходные данные'!$L$2:$L$966,"УТТ")+SUMIFS('Исходные данные'!$J$2:$J$966,'Исходные данные'!$D$2:$D$966,R$3,'Исходные данные'!$F$2:$F$966,$H5&"",'Исходные данные'!$L$2:$L$966,"УТТ")=0,"","утт-"&(SUMIFS('Исходные данные'!$I$2:$I$966,'Исходные данные'!$D$2:$D$966,R$3,'Исходные данные'!$F$2:$F$966,$H5&"",'Исходные данные'!$L$2:$L$966,"УТТ")+SUMIFS('Исходные данные'!$J$2:$J$966,'Исходные данные'!$D$2:$D$966,R$3,'Исходные данные'!$F$2:$F$966,$H5&"",'Исходные данные'!$L$2:$L$966,"УТТ"))) | S4: =IF(SUMIFS('Исходные данные'!$I$2:$I$966,'Исходные данные'!$D$2:$D$966,S$3,'Исходные данные'!$F$2:$F$966,$H5&"",'Исходные данные'!$L$2:$L$966,"УТТ")+SUMIFS('Исходные данные'!$J$2:$J$966,'Исходные данные'!$D$2:$D$966,S$3,'Исходные данные'!$F$2:$F$966,$H5&"",'Исходные данные'!$L$2:$L$966,"УТТ")=0,"","утт-"&(SUMIFS('Исходные данные'!$I$2:$I$966,'Исходные данные'!$D$2:$D$966,S$3,'Исходные данные'!$F$2:$F$966,$H5&"",'Исходные данные'!$L$2:$L$966,"УТТ")+SUMIFS('Исходные данные'!$J$2:$J$966,'Исходные данные'!$D$2:$D$966,S$3,'Исходные данные'!$F$2:$F$966,$H5&"",'Исходные данные'!$L$2:$L$966,"УТТ"))) | T4: =IF(SUMIFS('Исходные данные'!$I$2:$I$966,'Исходные данные'!$D$2:$D$966,T$3,'Исходные данные'!$F$2:$F$966,$H5&"",'Исходные данные'!$L$2:$L$966,"УТТ")+SUMIFS('Исходные данные'!$J$2:$J$966,'Исходные данные'!$D$2:$D$966,T$3,'Исходные данные'!$F$2:$F$966,$H5&"",'Исходные данные'!$L$2:$L$966,"УТТ")=0,"","утт-"&(SUMIFS('Исходные данные'!$I$2:$I$966,'Исходные данные'!$D$2:$D$966,T$3,'Исходные данные'!$F$2:$F$966,$H5&"",'Исходные данные'!$L$2:$L$966,"УТТ")+SUMIFS('Исходные данные'!$J$2:$J$966,'Исходные данные'!$D$2:$D$966,T$3,'Исходные данные'!$F$2:$F$966,$H5&"",'Исходные данные'!$L$2:$L$966,"УТТ"))) | U4: =IF(SUMIFS('Исходные данные'!$I$2:$I$966,'Исходные данные'!$D$2:$D$966,U$3,'Исходные данные'!$F$2:$F$966,$H5&"",'Исходные данные'!$L$2:$L$966,"УТТ")+SUMIFS('Исходные данные'!$J$2:$J$966,'Исходные данные'!$D$2:$D$966,U$3,'Исходные данные'!$F$2:$F$966,$H5&"",'Исходные данные'!$L$2:$L$966,"УТТ")=0,"","утт-"&(SUMIFS('Исходные данные'!$I$2:$I$966,'Исходные данные'!$D$2:$D$966,U$3,'Исходные данные'!$F$2:$F$966,$H5&"",'Исходные данные'!$L$2:$L$966,"УТТ")+SUMIFS('Исходные данные'!$J$2:$J$966,'Исходные данные'!$D$2:$D$966,U$3,'Исходные данные'!$F$2:$F$966,$H5&"",'Исходные данные'!$L$2:$L$966,"УТТ"))) | V4: =IF(SUMIFS('Исходные данные'!$I$2:$I$966,'Исходные данные'!$D$2:$D$966,V$3,'Исходные данные'!$F$2:$F$966,$H5&"",'Исходные данные'!$L$2:$L$966,"УТТ")+SUMIFS('Исходные данные'!$J$2:$J$966,'Исходные данные'!$D$2:$D$966,V$3,'Исходные данные'!$F$2:$F$966,$H5&"",'Исходные данные'!$L$2:$L$966,"УТТ")=0,"","утт-"&(SUMIFS('Исходные данные'!$I$2:$I$966,'Исходные данные'!$D$2:$D$966,V$3,'Исходные данные'!$F$2:$F$966,$H5&"",'Исходные данные'!$L$2:$L$966,"УТТ")+SUMIFS('Исходные данные'!$J$2:$J$966,'Исходные данные'!$D$2:$D$966,V$3,'Исходные данные'!$F$2:$F$966,$H5&"",'Исходные данные'!$L$2:$L$966,"УТТ"))) | ... AD4: =IF(SUMIFS('Исходные данные'!$I$2:$I$966,'Исходные данные'!$D$2:$D$966,AD$3,'Исходные данные'!$F$2:$F$966,$H5&"",'Исходные данные'!$L$2:$L$966,"УТТ")+SUMIFS('Исходные данные'!$J$2:$J$966,'Исходные данные'!$D$2:$D$966,AD$3,'Исходные данные'!$F$2:$F$966,$H5&"",'Исходные данные'!$L$2:$L$966,"УТТ")=0,"","утт-"&(SUMIFS('Исходные данные'!$I$2:$I$966,'Исходные данные'!$D$2:$D$966,AD$3,'Исходные данные'!$F$2:$F$966,$H5&"",'Исходные данные'!$L$2:$L$966,"УТТ")+SUMIFS('Исходные данные'!$J$2:$J$966,'Исходные данные'!$D$2:$D$966,AD$3,'Исходные данные'!$F$2:$F$966,$H5&"",'Исходные данные'!$L$2:$L$966,"УТТ"))) -> утт-7
A5: 3 | B5: 34-Н2875/12 | C5: ЦДН-1 | E5: 28-3145н | F5: ЦПКРС-1 | H5: 34 | I5: ППУ | J5: =IFERROR(INDEX('Выход ТС'!$C:$C,MATCH($H5&"",'Выход ТС'!$A:$A,0)),"") -> 29 | K5: =IFERROR(INDEX('Выход ТС'!$D:$D,MATCH($H5&"",'Выход ТС'!$A:$A,0)),"") -> 25 | L5: =IFERROR(INDEX('Выход ТС'!$E:$E,MATCH($H5&"",'Выход ТС'!$A:$A,0)),"") -> -4 | M5: =IFERROR(IF(INDEX('Выход ТС'!$F:$F,MATCH($H5&"",'Выход ТС'!$A:$A,0))=0,"",INDEX('Выход ТС'!$F:$F,MATCH($H5&"",'Выход ТС'!$A:$A,0))),"") -> 18 | N5: =IFERROR(IF(INDEX('Выход ТС'!$G:$G,MATCH($H5&"",'Выход ТС'!$A:$A,0))=0,"",INDEX('Выход ТС'!$G:$G,MATCH($H5&"",'Выход ТС'!$A:$A,0))),"") -> 7 | O5: =IF(SUMIFS('Исходные данные'!$I$2:$I$966,'Исходные данные'!$D$2:$D$966,O$3,'Исходные данные'!$F$2:$F$966,$H5&"")+SUMIFS('Исходные данные'!$J$2:$J$966,'Исходные данные'!$D$2:$D$966,O$3,'Исходные данные'!$F$2:$F$966,$H5&"")=0,"",IF(SUMIFS('Исходные данные'!$J$2:$J$966,'Исходные данные'!$D$2:$D$966,O$3,'Исходные данные'!$F$2:$F$966,$H5&"")=0,SUMIFS('Исходные данные'!$I$2:$I$966,'Исходные данные'!$D$2:$D$966,O$3,'Исходные данные'!$F$2:$F$966,$H5&""),IF(SUMIFS('Исходные данные'!$I$2:$I$966,'Исходные данные'!$D$2:$D$966,O$3,'Исходные данные'!$F$2:$F$966,$H5&"")=0,"0+"&SUMIFS('Исходные данные'!$J$2:$J$966,'Исходные данные'!$D$2:$D$966,O$3,'Исходные данные'!$F$2:$F$966,$H5&"")&"="&SUMIFS('Исходные данные'!$J$2:$J$966,'Исходные данные'!$D$2:$D$966,O$3,'Исходные данные'!$F$2:$F$966,$H5&""),SUMIFS('Исходные данные'!$I$2:$I$966,'Исходные данные'!$D$2:$D$966,O$3,'Исходные данные'!$F$2:$F$966,$H5&"")&"+"&SUMIFS('Исходные данные'!$J$2:$J$966,'Исходные данные'!$D$2:$D$966,O$3,'Исходные данные'!$F$2:$F$966,$H5&"")&"="&(SUMIFS('Исходные данные'!$I$2:$I$966,'Исходные данные'!$D$2:$D$966,O$3,'Исходные данные'!$F$2:$F$966,$H5&"")+SUMIFS('Исходные данные'!$J$2:$J$966,'Исходные данные'!$D$2:$D$966,O$3,'Исходные данные'!$F$2:$F$966,$H5&""))))) -> 3+1=4 | P5: =IF(SUMIFS('Исходные данные'!$I$2:$I$966,'Исходные данные'!$D$2:$D$966,P$3,'Исходные данные'!$F$2:$F$966,$H5&"")+SUMIFS('Исходные данные'!$J$2:$J$966,'Исходные данные'!$D$2:$D$966,P$3,'Исходные данные'!$F$2:$F$966,$H5&"")=0,"",IF(SUMIFS('Исходные данные'!$J$2:$J$966,'Исходные данные'!$D$2:$D$966,P$3,'Исходные данные'!$F$2:$F$966,$H5&"")=0,SUMIFS('Исходные данные'!$I$2:$I$966,'Исходные данные'!$D$2:$D$966,P$3,'Исходные данные'!$F$2:$F$966,$H5&""),IF(SUMIFS('Исходные данные'!$I$2:$I$966,'Исходные данные'!$D$2:$D$966,P$3,'Исходные данные'!$F$2:$F$966,$H5&"")=0,"0+"&SUMIFS('Исходные данные'!$J$2:$J$966,'Исходные данные'!$D$2:$D$966,P$3,'Исходные данные'!$F$2:$F$966,$H5&"")&"="&SUMIFS('Исходные данные'!$J$2:$J$966,'Исходные данные'!$D$2:$D$966,P$3,'Исходные данные'!$F$2:$F$966,$H5&""),SUMIFS('Исходные данные'!$I$2:$I$966,'Исходные данные'!$D$2:$D$966,P$3,'Исходные данные'!$F$2:$F$966,$H5&"")&"+"&SUMIFS('Исходные данные'!$J$2:$J$966,'Исходные данные'!$D$2:$D$966,P$3,'Исходные данные'!$F$2:$F$966,$H5&"")&"="&(SUMIFS('Исходные данные'!$I$2:$I$966,'Исходные данные'!$D$2:$D$966,P$3,'Исходные данные'!$F$2:$F$966,$H5&"")+SUMIFS('Исходные данные'!$J$2:$J$966,'Исходные данные'!$D$2:$D$966,P$3,'Исходные данные'!$F$2:$F$966,$H5&""))))) -> 3 | Q5: =IF(SUMIFS('Исходные данные'!$I$2:$I$966,'Исходные данные'!$D$2:$D$966,Q$3,'Исходные данные'!$F$2:$F$966,$H5&"")+SUMIFS('Исходные данные'!$J$2:$J$966,'Исходные данные'!$D$2:$D$966,Q$3,'Исходные данные'!$F$2:$F$966,$H5&"")=0,"",IF(SUMIFS('Исходные данные'!$J$2:$J$966,'Исходные данные'!$D$2:$D$966,Q$3,'Исходные данные'!$F$2:$F$966,$H5&"")=0,SUMIFS('Исходные данные'!$I$2:$I$966,'Исходные данные'!$D$2:$D$966,Q$3,'Исходные данные'!$F$2:$F$966,$H5&""),IF(SUMIFS('Исходные данные'!$I$2:$I$966,'Исходные данные'!$D$2:$D$966,Q$3,'Исходные данные'!$F$2:$F$966,$H5&"")=0,"0+"&SUMIFS('Исходные данные'!$J$2:$J$966,'Исходные данные'!$D$2:$D$966,Q$3,'Исходные данные'!$F$2:$F$966,$H5&"")&"="&SUMIFS('Исходные данные'!$J$2:$J$966,'Исходные данные'!$D$2:$D$966,Q$3,'Исходные данные'!$F$2:$F$966,$H5&""),SUMIFS('Исходные данные'!$I$2:$I$966,'Исходные данные'!$D$2:$D$966,Q$3,'Исходные данные'!$F$2:$F$966,$H5&"")&"+"&SUMIFS('Исходные данные'!$J$2:$J$966,'Исходные данные'!$D$2:$D$966,Q$3,'Исходные данные'!$F$2:$F$966,$H5&"")&"="&(SUMIFS('Исходные данные'!$I$2:$I$966,'Исходные данные'!$D$2:$D$966,Q$3,'Исходные данные'!$F$2:$F$966,$H5&"")+SUMIFS('Исходные данные'!$J$2:$J$966,'Исходные данные'!$D$2:$D$966,Q$3,'Исходные данные'!$F$2:$F$966,$H5&""))))) -> 3 | R5: =IF(SUMIFS('Исходные данные'!$I$2:$I$966,'Исходные данные'!$D$2:$D$966,R$3,'Исходные данные'!$F$2:$F$966,$H5&"")+SUMIFS('Исходные данные'!$J$2:$J$966,'Исходные данные'!$D$2:$D$966,R$3,'Исходные данные'!$F$2:$F$966,$H5&"")=0,"",IF(SUMIFS('Исходные данные'!$J$2:$J$966,'Исходные данные'!$D$2:$D$966,R$3,'Исходные данные'!$F$2:$F$966,$H5&"")=0,SUMIFS('Исходные данные'!$I$2:$I$966,'Исходные данные'!$D$2:$D$966,R$3,'Исходные данные'!$F$2:$F$966,$H5&""),IF(SUMIFS('Исходные данные'!$I$2:$I$966,'Исходные данные'!$D$2:$D$966,R$3,'Исходные данные'!$F$2:$F$966,$H5&"")=0,"0+"&SUMIFS('Исходные данные'!$J$2:$J$966,'Исходные данные'!$D$2:$D$966,R$3,'Исходные данные'!$F$2:$F$966,$H5&"")&"="&SUMIFS('Исходные данные'!$J$2:$J$966,'Исходные данные'!$D$2:$D$966,R$3,'Исходные данные'!$F$2:$F$966,$H5&""),SUMIFS('Исходные данные'!$I$2:$I$966,'Исходные данные'!$D$2:$D$966,R$3,'Исходные данные'!$F$2:$F$966,$H5&"")&"+"&SUMIFS('Исходные данные'!$J$2:$J$966,'Исходные данные'!$D$2:$D$966,R$3,'Исходные данные'!$F$2:$F$966,$H5&"")&"="&(SUMIFS('Исходные данные'!$I$2:$I$966,'Исходные данные'!$D$2:$D$966,R$3,'Исходные данные'!$F$2:$F$966,$H5&"")+SUMIFS('Исходные данные'!$J$2:$J$966,'Исходные данные'!$D$2:$D$966,R$3,'Исходные данные'!$F$2:$F$966,$H5&""))))) | S5: =IF(SUMIFS('Исходные данные'!$I$2:$I$966,'Исходные данные'!$D$2:$D$966,S$3,'Исходные данные'!$F$2:$F$966,$H5&"")+SUMIFS('Исходные данные'!$J$2:$J$966,'Исходные данные'!$D$2:$D$966,S$3,'Исходные данные'!$F$2:$F$966,$H5&"")=0,"",IF(SUMIFS('Исходные данные'!$J$2:$J$966,'Исходные данные'!$D$2:$D$966,S$3,'Исходные данные'!$F$2:$F$966,$H5&"")=0,SUMIFS('Исходные данные'!$I$2:$I$966,'Исходные данные'!$D$2:$D$966,S$3,'Исходные данные'!$F$2:$F$966,$H5&""),IF(SUMIFS('Исходные данные'!$I$2:$I$966,'Исходные данные'!$D$2:$D$966,S$3,'Исходные данные'!$F$2:$F$966,$H5&"")=0,"0+"&SUMIFS('Исходные данные'!$J$2:$J$966,'Исходные данные'!$D$2:$D$966,S$3,'Исходные данные'!$F$2:$F$966,$H5&"")&"="&SUMIFS('Исходные данные'!$J$2:$J$966,'Исходные данные'!$D$2:$D$966,S$3,'Исходные данные'!$F$2:$F$966,$H5&""),SUMIFS('Исходные данные'!$I$2:$I$966,'Исходные данные'!$D$2:$D$966,S$3,'Исходные данные'!$F$2:$F$966,$H5&"")&"+"&SUMIFS('Исходные данные'!$J$2:$J$966,'Исходные данные'!$D$2:$D$966,S$3,'Исходные данные'!$F$2:$F$966,$H5&"")&"="&(SUMIFS('Исходные данные'!$I$2:$I$966,'Исходные данные'!$D$2:$D$966,S$3,'Исходные данные'!$F$2:$F$966,$H5&"")+SUMIFS('Исходные данные'!$J$2:$J$966,'Исходные данные'!$D$2:$D$966,S$3,'Исходные данные'!$F$2:$F$966,$H5&""))))) | T5: =IF(SUMIFS('Исходные данные'!$I$2:$I$966,'Исходные данные'!$D$2:$D$966,T$3,'Исходные данные'!$F$2:$F$966,$H5&"")+SUMIFS('Исходные данные'!$J$2:$J$966,'Исходные данные'!$D$2:$D$966,T$3,'Исходные данные'!$F$2:$F$966,$H5&"")=0,"",IF(SUMIFS('Исходные данные'!$J$2:$J$966,'Исходные данные'!$D$2:$D$966,T$3,'Исходные данные'!$F$2:$F$966,$H5&"")=0,SUMIFS('Исходные данные'!$I$2:$I$966,'Исходные данные'!$D$2:$D$966,T$3,'Исходные данные'!$F$2:$F$966,$H5&""),IF(SUMIFS('Исходные данные'!$I$2:$I$966,'Исходные данные'!$D$2:$D$966,T$3,'Исходные данные'!$F$2:$F$966,$H5&"")=0,"0+"&SUMIFS('Исходные данные'!$J$2:$J$966,'Исходные данные'!$D$2:$D$966,T$3,'Исходные данные'!$F$2:$F$966,$H5&"")&"="&SUMIFS('Исходные данные'!$J$2:$J$966,'Исходные данные'!$D$2:$D$966,T$3,'Исходные данные'!$F$2:$F$966,$H5&""),SUMIFS('Исходные данные'!$I$2:$I$966,'Исходные данные'!$D$2:$D$966,T$3,'Исходные данные'!$F$2:$F$966,$H5&"")&"+"&SUMIFS('Исходные данные'!$J$2:$J$966,'Исходные данные'!$D$2:$D$966,T$3,'Исходные данные'!$F$2:$F$966,$H5&"")&"="&(SUMIFS('Исходные данные'!$I$2:$I$966,'Исходные данные'!$D$2:$D$966,T$3,'Исходные данные'!$F$2:$F$966,$H5&"")+SUMIFS('Исходные данные'!$J$2:$J$966,'Исходные данные'!$D$2:$D$966,T$3,'Исходные данные'!$F$2:$F$966,$H5&""))))) | U5: =IF(SUMIFS('Исходные данные'!$I$2:$I$966,'Исходные данные'!$D$2:$D$966,U$3,'Исходные данные'!$F$2:$F$966,$H5&"")+SUMIFS('Исходные данные'!$J$2:$J$966,'Исходные данные'!$D$2:$D$966,U$3,'Исходные данные'!$F$2:$F$966,$H5&"")=0,"",IF(SUMIFS('Исходные данные'!$J$2:$J$966,'Исходные данные'!$D$2:$D$966,U$3,'Исходные данные'!$F$2:$F$966,$H5&"")=0,SUMIFS('Исходные данные'!$I$2:$I$966,'Исходные данные'!$D$2:$D$966,U$3,'Исходные данные'!$F$2:$F$966,$H5&""),IF(SUMIFS('Исходные данные'!$I$2:$I$966,'Исходные данные'!$D$2:$D$966,U$3,'Исходные данные'!$F$2:$F$966,$H5&"")=0,"0+"&SUMIFS('Исходные данные'!$J$2:$J$966,'Исходные данные'!$D$2:$D$966,U$3,'Исходные данные'!$F$2:$F$966,$H5&"")&"="&SUMIFS('Исходные данные'!$J$2:$J$966,'Исходные данные'!$D$2:$D$966,U$3,'Исходные данные'!$F$2:$F$966,$H5&""),SUMIFS('Исходные данные'!$I$2:$I$966,'Исходные данные'!$D$2:$D$966,U$3,'Исходные данные'!$F$2:$F$966,$H5&"")&"+"&SUMIFS('Исходные данные'!$J$2:$J$966,'Исходные данные'!$D$2:$D$966,U$3,'Исходные данные'!$F$2:$F$966,$H5&"")&"="&(SUMIFS('Исходные данные'!$I$2:$I$966,'Исходные данные'!$D$2:$D$966,U$3,'Исходные данные'!$F$2:$F$966,$H5&"")+SUMIFS('Исходные данные'!$J$2:$J$966,'Исходные данные'!$D$2:$D$966,U$3,'Исходные данные'!$F$2:$F$966,$H5&""))))) | V5: =IF(SUMIFS('Исходные данные'!$I$2:$I$966,'Исходные данные'!$D$2:$D$966,V$3,'Исходные данные'!$F$2:$F$966,$H5&"")+SUMIFS('Исходные данные'!$J$2:$J$966,'Исходные данные'!$D$2:$D$966,V$3,'Исходные данные'!$F$2:$F$966,$H5&"")=0,"",IF(SUMIFS('Исходные данные'!$J$2:$J$966,'Исходные данные'!$D$2:$D$966,V$3,'Исходные данные'!$F$2:$F$966,$H5&"")=0,SUMIFS('Исходные данные'!$I$2:$I$966,'Исходные данные'!$D$2:$D$966,V$3,'Исходные данные'!$F$2:$F$966,$H5&""),IF(SUMIFS('Исходные данные'!$I$2:$I$966,'Исходные данные'!$D$2:$D$966,V$3,'Исходные данные'!$F$2:$F$966,$H5&"")=0,"0+"&SUMIFS('Исходные данные'!$J$2:$J$966,'Исходные данные'!$D$2:$D$966,V$3,'Исходные данные'!$F$2:$F$966,$H5&"")&"="&SUMIFS('Исходные данные'!$J$2:$J$966,'Исходные данные'!$D$2:$D$966,V$3,'Исходные данные'!$F$2:$F$966,$H5&""),SUMIFS('Исходные данные'!$I$2:$I$966,'Исходные данные'!$D$2:$D$966,V$3,'Исходные данные'!$F$2:$F$966,$H5&"")&"+"&SUMIFS('Исходные данные'!$J$2:$J$966,'Исходные данные'!$D$2:$D$966,V$3,'Исходные данные'!$F$2:$F$966,$H5&"")&"="&(SUMIFS('Исходные данные'!$I$2:$I$966,'Исходные данные'!$D$2:$D$966,V$3,'Исходные данные'!$F$2:$F$966,$H5&"")+SUMIFS('Исходные данные'!$J$2:$J$966,'Исходные данные'!$D$2:$D$966,V$3,'Исходные данные'!$F$2:$F$966,$H5&""))))) | ... AD5: =IF(SUMIFS('Исходные данные'!$I$2:$I$966,'Исходные данные'!$D$2:$D$966,AD$3,'Исходные данные'!$F$2:$F$966,$H5&"")+SUMIFS('Исходные данные'!$J$2:$J$966,'Исходные данные'!$D$2:$D$966,AD$3,'Исходные данные'!$F$2:$F$966,$H5&"")=0,"",IF(SUMIFS('Исходные данные'!$J$2:$J$966,'Исходные данные'!$D$2:$D$966,AD$3,'Исходные данные'!$F$2:$F$966,$H5&"")=0,SUMIFS('Исходные данные'!$I$2:$I$966,'Исходные данные'!$D$2:$D$966,AD$3,'Исходные данные'!$F$2:$F$966,$H5&""),IF(SUMIFS('Исходные данные'!$I$2:$I$966,'Исходные данные'!$D$2:$D$966,AD$3,'Исходные данные'!$F$2:$F$966,$H5&"")=0,"0+"&SUMIFS('Исходные данные'!$J$2:$J$966,'Исходные данные'!$D$2:$D$966,AD$3,'Исходные данные'!$F$2:$F$966,$H5&"")&"="&SUMIFS('Исходные данные'!$J$2:$J$966,'Исходные данные'!$D$2:$D$966,AD$3,'Исходные данные'!$F$2:$F$966,$H5&""),SUMIFS('Исходные данные'!$I$2:$I$966,'Исходные данные'!$D$2:$D$966,AD$3,'Исходные данные'!$F$2:$F$966,$H5&"")&"+"&SUMIFS('Исходные данные'!$J$2:$J$966,'Исходные данные'!$D$2:$D$966,AD$3,'Исходные данные'!$F$2:$F$966,$H5&"")&"="&(SUMIFS('Исходные данные'!$I$2:$I$966,'Исходные данные'!$D$2:$D$966,AD$3,'Исходные данные'!$F$2:$F$966,$H5&"")+SUMIFS('Исходные данные'!$J$2:$J$966,'Исходные данные'!$D$2:$D$966,AD$3,'Исходные данные'!$F$2:$F$966,$H5&""))))) -> 4+3=7
A6: 4 | B6: 34-Н3164/12н | C6: ЦДН-1 | E6: 28-3155н | F6: ЦПКРС-1 | O6: =IF(SUMIFS('Исходные данные'!$I$2:$I$966,'Исходные данные'!$D$2:$D$966,O$3,'Исходные данные'!$F$2:$F$966,$H7&"",'Исходные данные'!$L$2:$L$966,"УТТ")+SUMIFS('Исходные данные'!$J$2:$J$966,'Исходные данные'!$D$2:$D$966,O$3,'Исходные данные'!$F$2:$F$966,$H7&"",'Исходные данные'!$L$2:$L$966,"УТТ")=0,"","утт-"&(SUMIFS('Исходные данные'!$I$2:$I$966,'Исходные данные'!$D$2:$D$966,O$3,'Исходные данные'!$F$2:$F$966,$H7&"",'Исходные данные'!$L$2:$L$966,"УТТ")+SUMIFS('Исходные данные'!$J$2:$J$966,'Исходные данные'!$D$2:$D$966,O$3,'Исходные данные'!$F$2:$F$966,$H7&"",'Исходные данные'!$L$2:$L$966,"УТТ"))) | P6: =IF(SUMIFS('Исходные данные'!$I$2:$I$966,'Исходные данные'!$D$2:$D$966,P$3,'Исходные данные'!$F$2:$F$966,$H7&"",'Исходные данные'!$L$2:$L$966,"УТТ")+SUMIFS('Исходные данные'!$J$2:$J$966,'Исходные данные'!$D$2:$D$966,P$3,'Исходные данные'!$F$2:$F$966,$H7&"",'Исходные данные'!$L$2:$L$966,"УТТ")=0,"","утт-"&(SUMIFS('Исходные данные'!$I$2:$I$966,'Исходные данные'!$D$2:$D$966,P$3,'Исходные данные'!$F$2:$F$966,$H7&"",'Исходные данные'!$L$2:$L$966,"УТТ")+SUMIFS('Исходные данные'!$J$2:$J$966,'Исходные данные'!$D$2:$D$966,P$3,'Исходные данные'!$F$2:$F$966,$H7&"",'Исходные данные'!$L$2:$L$966,"УТТ"))) | Q6: =IF(SUMIFS('Исходные данные'!$I$2:$I$966,'Исходные данные'!$D$2:$D$966,Q$3,'Исходные данные'!$F$2:$F$966,$H7&"",'Исходные данные'!$L$2:$L$966,"УТТ")+SUMIFS('Исходные данные'!$J$2:$J$966,'Исходные данные'!$D$2:$D$966,Q$3,'Исходные данные'!$F$2:$F$966,$H7&"",'Исходные данные'!$L$2:$L$966,"УТТ")=0,"","утт-"&(SUMIFS('Исходные данные'!$I$2:$I$966,'Исходные данные'!$D$2:$D$966,Q$3,'Исходные данные'!$F$2:$F$966,$H7&"",'Исходные данные'!$L$2:$L$966,"УТТ")+SUMIFS('Исходные данные'!$J$2:$J$966,'Исходные данные'!$D$2:$D$966,Q$3,'Исходные данные'!$F$2:$F$966,$H7&"",'Исходные данные'!$L$2:$L$966,"УТТ"))) | R6: =IF(SUMIFS('Исходные данные'!$I$2:$I$966,'Исходные данные'!$D$2:$D$966,R$3,'Исходные данные'!$F$2:$F$966,$H7&"",'Исходные данные'!$L$2:$L$966,"УТТ")+SUMIFS('Исходные данные'!$J$2:$J$966,'Исходные данные'!$D$2:$D$966,R$3,'Исходные данные'!$F$2:$F$966,$H7&"",'Исходные данные'!$L$2:$L$966,"УТТ")=0,"","утт-"&(SUMIFS('Исходные данные'!$I$2:$I$966,'Исходные данные'!$D$2:$D$966,R$3,'Исходные данные'!$F$2:$F$966,$H7&"",'Исходные данные'!$L$2:$L$966,"УТТ")+SUMIFS('Исходные данные'!$J$2:$J$966,'Исходные данные'!$D$2:$D$966,R$3,'Исходные данные'!$F$2:$F$966,$H7&"",'Исходные данные'!$L$2:$L$966,"УТТ"))) | S6: =IF(SUMIFS('Исходные данные'!$I$2:$I$966,'Исходные данные'!$D$2:$D$966,S$3,'Исходные данные'!$F$2:$F$966,$H7&"",'Исходные данные'!$L$2:$L$966,"УТТ")+SUMIFS('Исходные данные'!$J$2:$J$966,'Исходные данные'!$D$2:$D$966,S$3,'Исходные данные'!$F$2:$F$966,$H7&"",'Исходные данные'!$L$2:$L$966,"УТТ")=0,"","утт-"&(SUMIFS('Исходные данные'!$I$2:$I$966,'Исходные данные'!$D$2:$D$966,S$3,'Исходные данные'!$F$2:$F$966,$H7&"",'Исходные данные'!$L$2:$L$966,"УТТ")+SUMIFS('Исходные данные'!$J$2:$J$966,'Исходные данные'!$D$2:$D$966,S$3,'Исходные данные'!$F$2:$F$966,$H7&"",'Исходные данные'!$L$2:$L$966,"УТТ"))) | T6: =IF(SUMIFS('Исходные данные'!$I$2:$I$966,'Исходные данные'!$D$2:$D$966,T$3,'Исходные данные'!$F$2:$F$966,$H7&"",'Исходные данные'!$L$2:$L$966,"УТТ")+SUMIFS('Исходные данные'!$J$2:$J$966,'Исходные данные'!$D$2:$D$966,T$3,'Исходные данные'!$F$2:$F$966,$H7&"",'Исходные данные'!$L$2:$L$966,"УТТ")=0,"","утт-"&(SUMIFS('Исходные данные'!$I$2:$I$966,'Исходные данные'!$D$2:$D$966,T$3,'Исходные данные'!$F$2:$F$966,$H7&"",'Исходные данные'!$L$2:$L$966,"УТТ")+SUMIFS('Исходные данные'!$J$2:$J$966,'Исходные данные'!$D$2:$D$966,T$3,'Исходные данные'!$F$2:$F$966,$H7&"",'Исходные данные'!$L$2:$L$966,"УТТ"))) | U6: =IF(SUMIFS('Исходные данные'!$I$2:$I$966,'Исходные данные'!$D$2:$D$966,U$3,'Исходные данные'!$F$2:$F$966,$H7&"",'Исходные данные'!$L$2:$L$966,"УТТ")+SUMIFS('Исходные данные'!$J$2:$J$966,'Исходные данные'!$D$2:$D$966,U$3,'Исходные данные'!$F$2:$F$966,$H7&"",'Исходные данные'!$L$2:$L$966,"УТТ")=0,"","утт-"&(SUMIFS('Исходные данные'!$I$2:$I$966,'Исходные данные'!$D$2:$D$966,U$3,'Исходные данные'!$F$2:$F$966,$H7&"",'Исходные данные'!$L$2:$L$966,"УТТ")+SUMIFS('Исходные данные'!$J$2:$J$966,'Исходные данные'!$D$2:$D$966,U$3,'Исходные данные'!$F$2:$F$966,$H7&"",'Исходные данные'!$L$2:$L$966,"УТТ"))) | V6: =IF(SUMIFS('Исходные данные'!$I$2:$I$966,'Исходные данные'!$D$2:$D$966,V$3,'Исходные данные'!$F$2:$F$966,$H7&"",'Исходные данные'!$L$2:$L$966,"УТТ")+SUMIFS('Исходные данные'!$J$2:$J$966,'Исходные данные'!$D$2:$D$966,V$3,'Исходные данные'!$F$2:$F$966,$H7&"",'Исходные данные'!$L$2:$L$966,"УТТ")=0,"","утт-"&(SUMIFS('Исходные данные'!$I$2:$I$966,'Исходные данные'!$D$2:$D$966,V$3,'Исходные данные'!$F$2:$F$966,$H7&"",'Исходные данные'!$L$2:$L$966,"УТТ")+SUMIFS('Исходные данные'!$J$2:$J$966,'Исходные данные'!$D$2:$D$966,V$3,'Исходные данные'!$F$2:$F$966,$H7&"",'Исходные данные'!$L$2:$L$966,"УТТ"))) | ... AD6: =IF(SUMIFS('Исходные данные'!$I$2:$I$966,'Исходные данные'!$D$2:$D$966,AD$3,'Исходные данные'!$F$2:$F$966,$H7&"",'Исходные данные'!$L$2:$L$966,"УТТ")+SUMIFS('Исходные данные'!$J$2:$J$966,'Исходные данные'!$D$2:$D$966,AD$3,'Исходные данные'!$F$2:$F$966,$H7&"",'Исходные данные'!$L$2:$L$966,"УТТ")=0,"","утт-"&(SUMIFS('Исходные данные'!$I$2:$I$966,'Исходные данные'!$D$2:$D$966,AD$3,'Исходные данные'!$F$2:$F$966,$H7&"",'Исходные данные'!$L$2:$L$966,"УТТ")+SUMIFS('Исходные данные'!$J$2:$J$966,'Исходные данные'!$D$2:$D$966,AD$3,'Исходные данные'!$F$2:$F$966,$H7&"",'Исходные данные'!$L$2:$L$966,"УТТ")))
A7: 5 | B7: 34-Н347812д | C7: ЦДН-1 | E7: 28-3156 | F7: ЦПКРС-1 | H7: 47 | I7: Экскаватор | J7: =IFERROR(INDEX('Выход ТС'!$C:$C,MATCH($H7&"",'Выход ТС'!$A:$A,0)),"") -> 10 | K7: =IFERROR(INDEX('Выход ТС'!$D:$D,MATCH($H7&"",'Выход ТС'!$A:$A,0)),"") -> 9 | L7: =IFERROR(INDEX('Выход ТС'!$E:$E,MATCH($H7&"",'Выход ТС'!$A:$A,0)),"") -> -1 | M7: =IFERROR(IF(INDEX('Выход ТС'!$F:$F,MATCH($H7&"",'Выход ТС'!$A:$A,0))=0,"",INDEX('Выход ТС'!$F:$F,MATCH($H7&"",'Выход ТС'!$A:$A,0))),"") -> 9 | N7: =IFERROR(IF(INDEX('Выход ТС'!$G:$G,MATCH($H7&"",'Выход ТС'!$A:$A,0))=0,"",INDEX('Выход ТС'!$G:$G,MATCH($H7&"",'Выход ТС'!$A:$A,0))),"") | O7: =IF(SUMIFS('Исходные данные'!$I$2:$I$966,'Исходные данные'!$D$2:$D$966,O$3,'Исходные данные'!$F$2:$F$966,$H7&"")+SUMIFS('Исходные данные'!$J$2:$J$966,'Исходные данные'!$D$2:$D$966,O$3,'Исходные данные'!$F$2:$F$966,$H7&"")=0,"",IF(SUMIFS('Исходные данные'!$J$2:$J$966,'Исходные данные'!$D$2:$D$966,O$3,'Исходные данные'!$F$2:$F$966,$H7&"")=0,SUMIFS('Исходные данные'!$I$2:$I$966,'Исходные данные'!$D$2:$D$966,O$3,'Исходные данные'!$F$2:$F$966,$H7&""),IF(SUMIFS('Исходные данные'!$I$2:$I$966,'Исходные данные'!$D$2:$D$966,O$3,'Исходные данные'!$F$2:$F$966,$H7&"")=0,"0+"&SUMIFS('Исходные данные'!$J$2:$J$966,'Исходные данные'!$D$2:$D$966,O$3,'Исходные данные'!$F$2:$F$966,$H7&"")&"="&SUMIFS('Исходные данные'!$J$2:$J$966,'Исходные данные'!$D$2:$D$966,O$3,'Исходные данные'!$F$2:$F$966,$H7&""),SUMIFS('Исходные данные'!$I$2:$I$966,'Исходные данные'!$D$2:$D$966,O$3,'Исходные данные'!$F$2:$F$966,$H7&"")&"+"&SUMIFS('Исходные данные'!$J$2:$J$966,'Исходные данные'!$D$2:$D$966,O$3,'Исходные данные'!$F$2:$F$966,$H7&"")&"="&(SUMIFS('Исходные данные'!$I$2:$I$966,'Исходные данные'!$D$2:$D$966,O$3,'Исходные данные'!$F$2:$F$966,$H7&"")+SUMIFS('Исходные данные'!$J$2:$J$966,'Исходные данные'!$D$2:$D$966,O$3,'Исходные данные'!$F$2:$F$966,$H7&""))))) -> 1 | P7: =IF(SUMIFS('Исходные данные'!$I$2:$I$966,'Исходные данные'!$D$2:$D$966,P$3,'Исходные данные'!$F$2:$F$966,$H7&"")+SUMIFS('Исходные данные'!$J$2:$J$966,'Исходные данные'!$D$2:$D$966,P$3,'Исходные данные'!$F$2:$F$966,$H7&"")=0,"",IF(SUMIFS('Исходные данные'!$J$2:$J$966,'Исходные данные'!$D$2:$D$966,P$3,'Исходные данные'!$F$2:$F$966,$H7&"")=0,SUMIFS('Исходные данные'!$I$2:$I$966,'Исходные данные'!$D$2:$D$966,P$3,'Исходные данные'!$F$2:$F$966,$H7&""),IF(SUMIFS('Исходные данные'!$I$2:$I$966,'Исходные данные'!$D$2:$D$966,P$3,'Исходные данные'!$F$2:$F$966,$H7&"")=0,"0+"&SUMIFS('Исходные данные'!$J$2:$J$966,'Исходные данные'!$D$2:$D$966,P$3,'Исходные данные'!$F$2:$F$966,$H7&"")&"="&SUMIFS('Исходные данные'!$J$2:$J$966,'Исходные данные'!$D$2:$D$966,P$3,'Исходные данные'!$F$2:$F$966,$H7&""),SUMIFS('Исходные данные'!$I$2:$I$966,'Исходные данные'!$D$2:$D$966,P$3,'Исходные данные'!$F$2:$F$966,$H7&"")&"+"&SUMIFS('Исходные данные'!$J$2:$J$966,'Исходные данные'!$D$2:$D$966,P$3,'Исходные данные'!$F$2:$F$966,$H7&"")&"="&(SUMIFS('Исходные данные'!$I$2:$I$966,'Исходные данные'!$D$2:$D$966,P$3,'Исходные данные'!$F$2:$F$966,$H7&"")+SUMIFS('Исходные данные'!$J$2:$J$966,'Исходные данные'!$D$2:$D$966,P$3,'Исходные данные'!$F$2:$F$966,$H7&""))))) -> 1 | Q7: =IF(SUMIFS('Исходные данные'!$I$2:$I$966,'Исходные данные'!$D$2:$D$966,Q$3,'Исходные данные'!$F$2:$F$966,$H7&"")+SUMIFS('Исходные данные'!$J$2:$J$966,'Исходные данные'!$D$2:$D$966,Q$3,'Исходные данные'!$F$2:$F$966,$H7&"")=0,"",IF(SUMIFS('Исходные данные'!$J$2:$J$966,'Исходные данные'!$D$2:$D$966,Q$3,'Исходные данные'!$F$2:$F$966,$H7&"")=0,SUMIFS('Исходные данные'!$I$2:$I$966,'Исходные данные'!$D$2:$D$966,Q$3,'Исходные данные'!$F$2:$F$966,$H7&""),IF(SUMIFS('Исходные данные'!$I$2:$I$966,'Исходные данные'!$D$2:$D$966,Q$3,'Исходные данные'!$F$2:$F$966,$H7&"")=0,"0+"&SUMIFS('Исходные данные'!$J$2:$J$966,'Исходные данные'!$D$2:$D$966,Q$3,'Исходные данные'!$F$2:$F$966,$H7&"")&"="&SUMIFS('Исходные данные'!$J$2:$J$966,'Исходные данные'!$D$2:$D$966,Q$3,'Исходные данные'!$F$2:$F$966,$H7&""),SUMIFS('Исходные данные'!$I$2:$I$966,'Исходные данные'!$D$2:$D$966,Q$3,'Исходные данные'!$F$2:$F$966,$H7&"")&"+"&SUMIFS('Исходные данные'!$J$2:$J$966,'Исходные данные'!$D$2:$D$966,Q$3,'Исходные данные'!$F$2:$F$966,$H7&"")&"="&(SUMIFS('Исходные данные'!$I$2:$I$966,'Исходные данные'!$D$2:$D$966,Q$3,'Исходные данные'!$F$2:$F$966,$H7&"")+SUMIFS('Исходные данные'!$J$2:$J$966,'Исходные данные'!$D$2:$D$966,Q$3,'Исходные данные'!$F$2:$F$966,$H7&""))))) -> 2 | R7: =IF(SUMIFS('Исходные данные'!$I$2:$I$966,'Исходные данные'!$D$2:$D$966,R$3,'Исходные данные'!$F$2:$F$966,$H7&"")+SUMIFS('Исходные данные'!$J$2:$J$966,'Исходные данные'!$D$2:$D$966,R$3,'Исходные данные'!$F$2:$F$966,$H7&"")=0,"",IF(SUMIFS('Исходные данные'!$J$2:$J$966,'Исходные данные'!$D$2:$D$966,R$3,'Исходные данные'!$F$2:$F$966,$H7&"")=0,SUMIFS('Исходные данные'!$I$2:$I$966,'Исходные данные'!$D$2:$D$966,R$3,'Исходные данные'!$F$2:$F$966,$H7&""),IF(SUMIFS('Исходные данные'!$I$2:$I$966,'Исходные данные'!$D$2:$D$966,R$3,'Исходные данные'!$F$2:$F$966,$H7&"")=0,"0+"&SUMIFS('Исходные данные'!$J$2:$J$966,'Исходные данные'!$D$2:$D$966,R$3,'Исходные данные'!$F$2:$F$966,$H7&"")&"="&SUMIFS('Исходные данные'!$J$2:$J$966,'Исходные данные'!$D$2:$D$966,R$3,'Исходные данные'!$F$2:$F$966,$H7&""),SUMIFS('Исходные данные'!$I$2:$I$966,'Исходные данные'!$D$2:$D$966,R$3,'Исходные данные'!$F$2:$F$966,$H7&"")&"+"&SUMIFS('Исходные данные'!$J$2:$J$966,'Исходные данные'!$D$2:$D$966,R$3,'Исходные данные'!$F$2:$F$966,$H7&"")&"="&(SUMIFS('Исходные данные'!$I$2:$I$966,'Исходные данные'!$D$2:$D$966,R$3,'Исходные данные'!$F$2:$F$966,$H7&"")+SUMIFS('Исходные данные'!$J$2:$J$966,'Исходные данные'!$D$2:$D$966,R$3,'Исходные данные'!$F$2:$F$966,$H7&""))))) | S7: =IF(SUMIFS('Исходные данные'!$I$2:$I$966,'Исходные данные'!$D$2:$D$966,S$3,'Исходные данные'!$F$2:$F$966,$H7&"")+SUMIFS('Исходные данные'!$J$2:$J$966,'Исходные данные'!$D$2:$D$966,S$3,'Исходные данные'!$F$2:$F$966,$H7&"")=0,"",IF(SUMIFS('Исходные данные'!$J$2:$J$966,'Исходные данные'!$D$2:$D$966,S$3,'Исходные данные'!$F$2:$F$966,$H7&"")=0,SUMIFS('Исходные данные'!$I$2:$I$966,'Исходные данные'!$D$2:$D$966,S$3,'Исходные данные'!$F$2:$F$966,$H7&""),IF(SUMIFS('Исходные данные'!$I$2:$I$966,'Исходные данные'!$D$2:$D$966,S$3,'Исходные данные'!$F$2:$F$966,$H7&"")=0,"0+"&SUMIFS('Исходные данные'!$J$2:$J$966,'Исходные данные'!$D$2:$D$966,S$3,'Исходные данные'!$F$2:$F$966,$H7&"")&"="&SUMIFS('Исходные данные'!$J$2:$J$966,'Исходные данные'!$D$2:$D$966,S$3,'Исходные данные'!$F$2:$F$966,$H7&""),SUMIFS('Исходные данные'!$I$2:$I$966,'Исходные данные'!$D$2:$D$966,S$3,'Исходные данные'!$F$2:$F$966,$H7&"")&"+"&SUMIFS('Исходные данные'!$J$2:$J$966,'Исходные данные'!$D$2:$D$966,S$3,'Исходные данные'!$F$2:$F$966,$H7&"")&"="&(SUMIFS('Исходные данные'!$I$2:$I$966,'Исходные данные'!$D$2:$D$966,S$3,'Исходные данные'!$F$2:$F$966,$H7&"")+SUMIFS('Исходные данные'!$J$2:$J$966,'Исходные данные'!$D$2:$D$966,S$3,'Исходные данные'!$F$2:$F$966,$H7&""))))) -> 1 | T7: =IF(SUMIFS('Исходные данные'!$I$2:$I$966,'Исходные данные'!$D$2:$D$966,T$3,'Исходные данные'!$F$2:$F$966,$H7&"")+SUMIFS('Исходные данные'!$J$2:$J$966,'Исходные данные'!$D$2:$D$966,T$3,'Исходные данные'!$F$2:$F$966,$H7&"")=0,"",IF(SUMIFS('Исходные данные'!$J$2:$J$966,'Исходные данные'!$D$2:$D$966,T$3,'Исходные данные'!$F$2:$F$966,$H7&"")=0,SUMIFS('Исходные данные'!$I$2:$I$966,'Исходные данные'!$D$2:$D$966,T$3,'Исходные данные'!$F$2:$F$966,$H7&""),IF(SUMIFS('Исходные данные'!$I$2:$I$966,'Исходные данные'!$D$2:$D$966,T$3,'Исходные данные'!$F$2:$F$966,$H7&"")=0,"0+"&SUMIFS('Исходные данные'!$J$2:$J$966,'Исходные данные'!$D$2:$D$966,T$3,'Исходные данные'!$F$2:$F$966,$H7&"")&"="&SUMIFS('Исходные данные'!$J$2:$J$966,'Исходные данные'!$D$2:$D$966,T$3,'Исходные данные'!$F$2:$F$966,$H7&""),SUMIFS('Исходные данные'!$I$2:$I$966,'Исходные данные'!$D$2:$D$966,T$3,'Исходные данные'!$F$2:$F$966,$H7&"")&"+"&SUMIFS('Исходные данные'!$J$2:$J$966,'Исходные данные'!$D$2:$D$966,T$3,'Исходные данные'!$F$2:$F$966,$H7&"")&"="&(SUMIFS('Исходные данные'!$I$2:$I$966,'Исходные данные'!$D$2:$D$966,T$3,'Исходные данные'!$F$2:$F$966,$H7&"")+SUMIFS('Исходные данные'!$J$2:$J$966,'Исходные данные'!$D$2:$D$966,T$3,'Исходные данные'!$F$2:$F$966,$H7&""))))) | U7: =IF(SUMIFS('Исходные данные'!$I$2:$I$966,'Исходные данные'!$D$2:$D$966,U$3,'Исходные данные'!$F$2:$F$966,$H7&"")+SUMIFS('Исходные данные'!$J$2:$J$966,'Исходные данные'!$D$2:$D$966,U$3,'Исходные данные'!$F$2:$F$966,$H7&"")=0,"",IF(SUMIFS('Исходные данные'!$J$2:$J$966,'Исходные данные'!$D$2:$D$966,U$3,'Исходные данные'!$F$2:$F$966,$H7&"")=0,SUMIFS('Исходные данные'!$I$2:$I$966,'Исходные данные'!$D$2:$D$966,U$3,'Исходные данные'!$F$2:$F$966,$H7&""),IF(SUMIFS('Исходные данные'!$I$2:$I$966,'Исходные данные'!$D$2:$D$966,U$3,'Исходные данные'!$F$2:$F$966,$H7&"")=0,"0+"&SUMIFS('Исходные данные'!$J$2:$J$966,'Исходные данные'!$D$2:$D$966,U$3,'Исходные данные'!$F$2:$F$966,$H7&"")&"="&SUMIFS('Исходные данные'!$J$2:$J$966,'Исходные данные'!$D$2:$D$966,U$3,'Исходные данные'!$F$2:$F$966,$H7&""),SUMIFS('Исходные данные'!$I$2:$I$966,'Исходные данные'!$D$2:$D$966,U$3,'Исходные данные'!$F$2:$F$966,$H7&"")&"+"&SUMIFS('Исходные данные'!$J$2:$J$966,'Исходные данные'!$D$2:$D$966,U$3,'Исходные данные'!$F$2:$F$966,$H7&"")&"="&(SUMIFS('Исходные данные'!$I$2:$I$966,'Исходные данные'!$D$2:$D$966,U$3,'Исходные данные'!$F$2:$F$966,$H7&"")+SUMIFS('Исходные данные'!$J$2:$J$966,'Исходные данные'!$D$2:$D$966,U$3,'Исходные данные'!$F$2:$F$966,$H7&""))))) -> 3 | V7: =IF(SUMIFS('Исходные данные'!$I$2:$I$966,'Исходные данные'!$D$2:$D$966,V$3,'Исходные данные'!$F$2:$F$966,$H7&"")+SUMIFS('Исходные данные'!$J$2:$J$966,'Исходные данные'!$D$2:$D$966,V$3,'Исходные данные'!$F$2:$F$966,$H7&"")=0,"",IF(SUMIFS('Исходные данные'!$J$2:$J$966,'Исходные данные'!$D$2:$D$966,V$3,'Исходные данные'!$F$2:$F$966,$H7&"")=0,SUMIFS('Исходные данные'!$I$2:$I$966,'Исходные данные'!$D$2:$D$966,V$3,'Исходные данные'!$F$2:$F$966,$H7&""),IF(SUMIFS('Исходные данные'!$I$2:$I$966,'Исходные данные'!$D$2:$D$966,V$3,'Исходные данные'!$F$2:$F$966,$H7&"")=0,"0+"&SUMIFS('Исходные данные'!$J$2:$J$966,'Исходные данные'!$D$2:$D$966,V$3,'Исходные данные'!$F$2:$F$966,$H7&"")&"="&SUMIFS('Исходные данные'!$J$2:$J$966,'Исходные данные'!$D$2:$D$966,V$3,'Исходные данные'!$F$2:$F$966,$H7&""),SUMIFS('Исходные данные'!$I$2:$I$966,'Исходные данные'!$D$2:$D$966,V$3,'Исходные данные'!$F$2:$F$966,$H7&"")&"+"&SUMIFS('Исходные данные'!$J$2:$J$966,'Исходные данные'!$D$2:$D$966,V$3,'Исходные данные'!$F$2:$F$966,$H7&"")&"="&(SUMIFS('Исходные данные'!$I$2:$I$966,'Исходные данные'!$D$2:$D$966,V$3,'Исходные данные'!$F$2:$F$966,$H7&"")+SUMIFS('Исходные данные'!$J$2:$J$966,'Исходные данные'!$D$2:$D$966,V$3,'Исходные данные'!$F$2:$F$966,$H7&""))))) -> 1 | ... AD7: =IF(SUMIFS('Исходные данные'!$I$2:$I$966,'Исходные данные'!$D$2:$D$966,AD$3,'Исходные данные'!$F$2:$F$966,$H7&"")+SUMIFS('Исходные данные'!$J$2:$J$966,'Исходные данные'!$D$2:$D$966,AD$3,'Исходные данные'!$F$2:$F$966,$H7&"")=0,"",IF(SUMIFS('Исходные данные'!$J$2:$J$966,'Исходные данные'!$D$2:$D$966,AD$3,'Исходные данные'!$F$2:$F$966,$H7&"")=0,SUMIFS('Исходные данные'!$I$2:$I$966,'Исходные данные'!$D$2:$D$966,AD$3,'Исходные данные'!$F$2:$F$966,$H7&""),IF(SUMIFS('Исходные данные'!$I$2:$I$966,'Исходные данные'!$D$2:$D$966,AD$3,'Исходные данные'!$F$2:$F$966,$H7&"")=0,"0+"&SUMIFS('Исходные данные'!$J$2:$J$966,'Исходные данные'!$D$2:$D$966,AD$3,'Исходные данные'!$F$2:$F$966,$H7&"")&"="&SUMIFS('Исходные данные'!$J$2:$J$966,'Исходные данные'!$D$2:$D$966,AD$3,'Исходные данные'!$F$2:$F$966,$H7&""),SUMIFS('Исходные данные'!$I$2:$I$966,'Исходные данные'!$D$2:$D$966,AD$3,'Исходные данные'!$F$2:$F$966,$H7&"")&"+"&SUMIFS('Исходные данные'!$J$2:$J$966,'Исходные данные'!$D$2:$D$966,AD$3,'Исходные данные'!$F$2:$F$966,$H7&"")&"="&(SUMIFS('Исходные данные'!$I$2:$I$966,'Исходные данные'!$D$2:$D$966,AD$3,'Исходные данные'!$F$2:$F$966,$H7&"")+SUMIFS('Исходные данные'!$J$2:$J$966,'Исходные данные'!$D$2:$D$966,AD$3,'Исходные данные'!$F$2:$F$966,$H7&"")))))
A8: 6 | B8: 34-Н2880/12 | C8: ЦДН-2 | E8: 28-3165н | F8: ЦПКРС-1 | O8: =IF(SUMIFS('Исходные данные'!$I$2:$I$966,'Исходные данные'!$D$2:$D$966,O$3,'Исходные данные'!$F$2:$F$966,$H9&"",'Исходные данные'!$L$2:$L$966,"УТТ")+SUMIFS('Исходные данные'!$J$2:$J$966,'Исходные данные'!$D$2:$D$966,O$3,'Исходные данные'!$F$2:$F$966,$H9&"",'Исходные данные'!$L$2:$L$966,"УТТ")=0,"","утт-"&(SUMIFS('Исходные данные'!$I$2:$I$966,'Исходные данные'!$D$2:$D$966,O$3,'Исходные данные'!$F$2:$F$966,$H9&"",'Исходные данные'!$L$2:$L$966,"УТТ")+SUMIFS('Исходные данные'!$J$2:$J$966,'Исходные данные'!$D$2:$D$966,O$3,'Исходные данные'!$F$2:$F$966,$H9&"",'Исходные данные'!$L$2:$L$966,"УТТ"))) | P8: =IF(SUMIFS('Исходные данные'!$I$2:$I$966,'Исходные данные'!$D$2:$D$966,P$3,'Исходные данные'!$F$2:$F$966,$H9&"",'Исходные данные'!$L$2:$L$966,"УТТ")+SUMIFS('Исходные данные'!$J$2:$J$966,'Исходные данные'!$D$2:$D$966,P$3,'Исходные данные'!$F$2:$F$966,$H9&"",'Исходные данные'!$L$2:$L$966,"УТТ")=0,"","утт-"&(SUMIFS('Исходные данные'!$I$2:$I$966,'Исходные данные'!$D$2:$D$966,P$3,'Исходные данные'!$F$2:$F$966,$H9&"",'Исходные данные'!$L$2:$L$966,"УТТ")+SUMIFS('Исходные данные'!$J$2:$J$966,'Исходные данные'!$D$2:$D$966,P$3,'Исходные данные'!$F$2:$F$966,$H9&"",'Исходные данные'!$L$2:$L$966,"УТТ"))) | Q8: =IF(SUMIFS('Исходные данные'!$I$2:$I$966,'Исходные данные'!$D$2:$D$966,Q$3,'Исходные данные'!$F$2:$F$966,$H9&"",'Исходные данные'!$L$2:$L$966,"УТТ")+SUMIFS('Исходные данные'!$J$2:$J$966,'Исходные данные'!$D$2:$D$966,Q$3,'Исходные данные'!$F$2:$F$966,$H9&"",'Исходные данные'!$L$2:$L$966,"УТТ")=0,"","утт-"&(SUMIFS('Исходные данные'!$I$2:$I$966,'Исходные данные'!$D$2:$D$966,Q$3,'Исходные данные'!$F$2:$F$966,$H9&"",'Исходные данные'!$L$2:$L$966,"УТТ")+SUMIFS('Исходные данные'!$J$2:$J$966,'Исходные данные'!$D$2:$D$966,Q$3,'Исходные данные'!$F$2:$F$966,$H9&"",'Исходные данные'!$L$2:$L$966,"УТТ"))) | R8: =IF(SUMIFS('Исходные данные'!$I$2:$I$966,'Исходные данные'!$D$2:$D$966,R$3,'Исходные данные'!$F$2:$F$966,$H9&"",'Исходные данные'!$L$2:$L$966,"УТТ")+SUMIFS('Исходные данные'!$J$2:$J$966,'Исходные данные'!$D$2:$D$966,R$3,'Исходные данные'!$F$2:$F$966,$H9&"",'Исходные данные'!$L$2:$L$966,"УТТ")=0,"","утт-"&(SUMIFS('Исходные данные'!$I$2:$I$966,'Исходные данные'!$D$2:$D$966,R$3,'Исходные данные'!$F$2:$F$966,$H9&"",'Исходные данные'!$L$2:$L$966,"УТТ")+SUMIFS('Исходные данные'!$J$2:$J$966,'Исходные данные'!$D$2:$D$966,R$3,'Исходные данные'!$F$2:$F$966,$H9&"",'Исходные данные'!$L$2:$L$966,"УТТ"))) | S8: =IF(SUMIFS('Исходные данные'!$I$2:$I$966,'Исходные данные'!$D$2:$D$966,S$3,'Исходные данные'!$F$2:$F$966,$H9&"",'Исходные данные'!$L$2:$L$966,"УТТ")+SUMIFS('Исходные данные'!$J$2:$J$966,'Исходные данные'!$D$2:$D$966,S$3,'Исходные данные'!$F$2:$F$966,$H9&"",'Исходные данные'!$L$2:$L$966,"УТТ")=0,"","утт-"&(SUMIFS('Исходные данные'!$I$2:$I$966,'Исходные данные'!$D$2:$D$966,S$3,'Исходные данные'!$F$2:$F$966,$H9&"",'Исходные данные'!$L$2:$L$966,"УТТ")+SUMIFS('Исходные данные'!$J$2:$J$966,'Исходные данные'!$D$2:$D$966,S$3,'Исходные данные'!$F$2:$F$966,$H9&"",'Исходные данные'!$L$2:$L$966,"УТТ"))) | T8: =IF(SUMIFS('Исходные данные'!$I$2:$I$966,'Исходные данные'!$D$2:$D$966,T$3,'Исходные данные'!$F$2:$F$966,$H9&"",'Исходные данные'!$L$2:$L$966,"УТТ")+SUMIFS('Исходные данные'!$J$2:$J$966,'Исходные данные'!$D$2:$D$966,T$3,'Исходные данные'!$F$2:$F$966,$H9&"",'Исходные данные'!$L$2:$L$966,"УТТ")=0,"","утт-"&(SUMIFS('Исходные данные'!$I$2:$I$966,'Исходные данные'!$D$2:$D$966,T$3,'Исходные данные'!$F$2:$F$966,$H9&"",'Исходные данные'!$L$2:$L$966,"УТТ")+SUMIFS('Исходные данные'!$J$2:$J$966,'Исходные данные'!$D$2:$D$966,T$3,'Исходные данные'!$F$2:$F$966,$H9&"",'Исходные данные'!$L$2:$L$966,"УТТ"))) | U8: =IF(SUMIFS('Исходные данные'!$I$2:$I$966,'Исходные данные'!$D$2:$D$966,U$3,'Исходные данные'!$F$2:$F$966,$H9&"",'Исходные данные'!$L$2:$L$966,"УТТ")+SUMIFS('Исходные данные'!$J$2:$J$966,'Исходные данные'!$D$2:$D$966,U$3,'Исходные данные'!$F$2:$F$966,$H9&"",'Исходные данные'!$L$2:$L$966,"УТТ")=0,"","утт-"&(SUMIFS('Исходные данные'!$I$2:$I$966,'Исходные данные'!$D$2:$D$966,U$3,'Исходные данные'!$F$2:$F$966,$H9&"",'Исходные данные'!$L$2:$L$966,"УТТ")+SUMIFS('Исходные данные'!$J$2:$J$966,'Исходные данные'!$D$2:$D$966,U$3,'Исходные данные'!$F$2:$F$966,$H9&"",'Исходные данные'!$L$2:$L$966,"УТТ"))) | V8: =IF(SUMIFS('Исходные данные'!$I$2:$I$966,'Исходные данные'!$D$2:$D$966,V$3,'Исходные данные'!$F$2:$F$966,$H9&"",'Исходные данные'!$L$2:$L$966,"УТТ")+SUMIFS('Исходные данные'!$J$2:$J$966,'Исходные данные'!$D$2:$D$966,V$3,'Исходные данные'!$F$2:$F$966,$H9&"",'Исходные данные'!$L$2:$L$966,"УТТ")=0,"","утт-"&(SUMIFS('Исходные данные'!$I$2:$I$966,'Исходные данные'!$D$2:$D$966,V$3,'Исходные данные'!$F$2:$F$966,$H9&"",'Исходные данные'!$L$2:$L$966,"УТТ")+SUMIFS('Исходные данные'!$J$2:$J$966,'Исходные данные'!$D$2:$D$966,V$3,'Исходные данные'!$F$2:$F$966,$H9&"",'Исходные данные'!$L$2:$L$966,"УТТ"))) | ... AD8: =IF(SUMIFS('Исходные данные'!$I$2:$I$966,'Исходные данные'!$D$2:$D$966,AD$3,'Исходные данные'!$F$2:$F$966,$H9&"",'Исходные данные'!$L$2:$L$966,"УТТ")+SUMIFS('Исходные данные'!$J$2:$J$966,'Исходные данные'!$D$2:$D$966,AD$3,'Исходные данные'!$F$2:$F$966,$H9&"",'Исходные данные'!$L$2:$L$966,"УТТ")=0,"","утт-"&(SUMIFS('Исходные данные'!$I$2:$I$966,'Исходные данные'!$D$2:$D$966,AD$3,'Исходные данные'!$F$2:$F$966,$H9&"",'Исходные данные'!$L$2:$L$966,"УТТ")+SUMIFS('Исходные данные'!$J$2:$J$966,'Исходные данные'!$D$2:$D$966,AD$3,'Исходные данные'!$F$2:$F$966,$H9&"",'Исходные данные'!$L$2:$L$966,"УТТ"))) -> утт-2
A9: 7 | B9: 34-Н301112д | C9: ЦДН-2 | E9: 28-3209 | F9: ЦПКРС-1 | H9: 49 | I9: Вакуум уст. | J9: =IFERROR(INDEX('Выход ТС'!$C:$C,MATCH($H9&"",'Выход ТС'!$A:$A,0)),"") -> 15 | K9: =IFERROR(INDEX('Выход ТС'!$D:$D,MATCH($H9&"",'Выход ТС'!$A:$A,0)),"") -> 15 | L9: =IFERROR(INDEX('Выход ТС'!$E:$E,MATCH($H9&"",'Выход ТС'!$A:$A,0)),"") -> 0 | M9: =IFERROR(IF(INDEX('Выход ТС'!$F:$F,MATCH($H9&"",'Выход ТС'!$A:$A,0))=0,"",INDEX('Выход ТС'!$F:$F,MATCH($H9&"",'Выход ТС'!$A:$A,0))),"") -> 9 | N9: =IFERROR(IF(INDEX('Выход ТС'!$G:$G,MATCH($H9&"",'Выход ТС'!$A:$A,0))=0,"",INDEX('Выход ТС'!$G:$G,MATCH($H9&"",'Выход ТС'!$A:$A,0))),"") -> 6 | O9: =IF(SUMIFS('Исходные данные'!$I$2:$I$966,'Исходные данные'!$D$2:$D$966,O$3,'Исходные данные'!$F$2:$F$966,$H9&"")+SUMIFS('Исходные данные'!$J$2:$J$966,'Исходные данные'!$D$2:$D$966,O$3,'Исходные данные'!$F$2:$F$966,$H9&"")=0,"",IF(SUMIFS('Исходные данные'!$J$2:$J$966,'Исходные данные'!$D$2:$D$966,O$3,'Исходные данные'!$F$2:$F$966,$H9&"")=0,SUMIFS('Исходные данные'!$I$2:$I$966,'Исходные данные'!$D$2:$D$966,O$3,'Исходные данные'!$F$2:$F$966,$H9&""),IF(SUMIFS('Исходные данные'!$I$2:$I$966,'Исходные данные'!$D$2:$D$966,O$3,'Исходные данные'!$F$2:$F$966,$H9&"")=0,"0+"&SUMIFS('Исходные данные'!$J$2:$J$966,'Исходные данные'!$D$2:$D$966,O$3,'Исходные данные'!$F$2:$F$966,$H9&"")&"="&SUMIFS('Исходные данные'!$J$2:$J$966,'Исходные данные'!$D$2:$D$966,O$3,'Исходные данные'!$F$2:$F$966,$H9&""),SUMIFS('Исходные данные'!$I$2:$I$966,'Исходные данные'!$D$2:$D$966,O$3,'Исходные данные'!$F$2:$F$966,$H9&"")&"+"&SUMIFS('Исходные данные'!$J$2:$J$966,'Исходные данные'!$D$2:$D$966,O$3,'Исходные данные'!$F$2:$F$966,$H9&"")&"="&(SUMIFS('Исходные данные'!$I$2:$I$966,'Исходные данные'!$D$2:$D$966,O$3,'Исходные данные'!$F$2:$F$966,$H9&"")+SUMIFS('Исходные данные'!$J$2:$J$966,'Исходные данные'!$D$2:$D$966,O$3,'Исходные данные'!$F$2:$F$966,$H9&""))))) -> 2+2=4 | P9: =IF(SUMIFS('Исходные данные'!$I$2:$I$966,'Исходные данные'!$D$2:$D$966,P$3,'Исходные данные'!$F$2:$F$966,$H9&"")+SUMIFS('Исходные данные'!$J$2:$J$966,'Исходные данные'!$D$2:$D$966,P$3,'Исходные данные'!$F$2:$F$966,$H9&"")=0,"",IF(SUMIFS('Исходные данные'!$J$2:$J$966,'Исходные данные'!$D$2:$D$966,P$3,'Исходные данные'!$F$2:$F$966,$H9&"")=0,SUMIFS('Исходные данные'!$I$2:$I$966,'Исходные данные'!$D$2:$D$966,P$3,'Исходные данные'!$F$2:$F$966,$H9&""),IF(SUMIFS('Исходные данные'!$I$2:$I$966,'Исходные данные'!$D$2:$D$966,P$3,'Исходные данные'!$F$2:$F$966,$H9&"")=0,"0+"&SUMIFS('Исходные данные'!$J$2:$J$966,'Исходные данные'!$D$2:$D$966,P$3,'Исходные данные'!$F$2:$F$966,$H9&"")&"="&SUMIFS('Исходные данные'!$J$2:$J$966,'Исходные данные'!$D$2:$D$966,P$3,'Исходные данные'!$F$2:$F$966,$H9&""),SUMIFS('Исходные данные'!$I$2:$I$966,'Исходные данные'!$D$2:$D$966,P$3,'Исходные данные'!$F$2:$F$966,$H9&"")&"+"&SUMIFS('Исходные данные'!$J$2:$J$966,'Исходные данные'!$D$2:$D$966,P$3,'Исходные данные'!$F$2:$F$966,$H9&"")&"="&(SUMIFS('Исходные данные'!$I$2:$I$966,'Исходные данные'!$D$2:$D$966,P$3,'Исходные данные'!$F$2:$F$966,$H9&"")+SUMIFS('Исходные данные'!$J$2:$J$966,'Исходные данные'!$D$2:$D$966,P$3,'Исходные данные'!$F$2:$F$966,$H9&""))))) -> 1 | Q9: =IF(SUMIFS('Исходные данные'!$I$2:$I$966,'Исходные данные'!$D$2:$D$966,Q$3,'Исходные данные'!$F$2:$F$966,$H9&"")+SUMIFS('Исходные данные'!$J$2:$J$966,'Исходные данные'!$D$2:$D$966,Q$3,'Исходные данные'!$F$2:$F$966,$H9&"")=0,"",IF(SUMIFS('Исходные данные'!$J$2:$J$966,'Исходные данные'!$D$2:$D$966,Q$3,'Исходные данные'!$F$2:$F$966,$H9&"")=0,SUMIFS('Исходные данные'!$I$2:$I$966,'Исходные данные'!$D$2:$D$966,Q$3,'Исходные данные'!$F$2:$F$966,$H9&""),IF(SUMIFS('Исходные данные'!$I$2:$I$966,'Исходные данные'!$D$2:$D$966,Q$3,'Исходные данные'!$F$2:$F$966,$H9&"")=0,"0+"&SUMIFS('Исходные данные'!$J$2:$J$966,'Исходные данные'!$D$2:$D$966,Q$3,'Исходные данные'!$F$2:$F$966,$H9&"")&"="&SUMIFS('Исходные данные'!$J$2:$J$966,'Исходные данные'!$D$2:$D$966,Q$3,'Исходные данные'!$F$2:$F$966,$H9&""),SUMIFS('Исходные данные'!$I$2:$I$966,'Исходные данные'!$D$2:$D$966,Q$3,'Исходные данные'!$F$2:$F$966,$H9&"")&"+"&SUMIFS('Исходные данные'!$J$2:$J$966,'Исходные данные'!$D$2:$D$966,Q$3,'Исходные данные'!$F$2:$F$966,$H9&"")&"="&(SUMIFS('Исходные данные'!$I$2:$I$966,'Исходные данные'!$D$2:$D$966,Q$3,'Исходные данные'!$F$2:$F$966,$H9&"")+SUMIFS('Исходные данные'!$J$2:$J$966,'Исходные данные'!$D$2:$D$966,Q$3,'Исходные данные'!$F$2:$F$966,$H9&""))))) -> 2+1=3 | R9: =IF(SUMIFS('Исходные данные'!$I$2:$I$966,'Исходные данные'!$D$2:$D$966,R$3,'Исходные данные'!$F$2:$F$966,$H9&"")+SUMIFS('Исходные данные'!$J$2:$J$966,'Исходные данные'!$D$2:$D$966,R$3,'Исходные данные'!$F$2:$F$966,$H9&"")=0,"",IF(SUMIFS('Исходные данные'!$J$2:$J$966,'Исходные данные'!$D$2:$D$966,R$3,'Исходные данные'!$F$2:$F$966,$H9&"")=0,SUMIFS('Исходные данные'!$I$2:$I$966,'Исходные данные'!$D$2:$D$966,R$3,'Исходные данные'!$F$2:$F$966,$H9&""),IF(SUMIFS('Исходные данные'!$I$2:$I$966,'Исходные данные'!$D$2:$D$966,R$3,'Исходные данные'!$F$2:$F$966,$H9&"")=0,"0+"&SUMIFS('Исходные данные'!$J$2:$J$966,'Исходные данные'!$D$2:$D$966,R$3,'Исходные данные'!$F$2:$F$966,$H9&"")&"="&SUMIFS('Исходные данные'!$J$2:$J$966,'Исходные данные'!$D$2:$D$966,R$3,'Исходные данные'!$F$2:$F$966,$H9&""),SUMIFS('Исходные данные'!$I$2:$I$966,'Исходные данные'!$D$2:$D$966,R$3,'Исходные данные'!$F$2:$F$966,$H9&"")&"+"&SUMIFS('Исходные данные'!$J$2:$J$966,'Исходные данные'!$D$2:$D$966,R$3,'Исходные данные'!$F$2:$F$966,$H9&"")&"="&(SUMIFS('Исходные данные'!$I$2:$I$966,'Исходные данные'!$D$2:$D$966,R$3,'Исходные данные'!$F$2:$F$966,$H9&"")+SUMIFS('Исходные данные'!$J$2:$J$966,'Исходные данные'!$D$2:$D$966,R$3,'Исходные данные'!$F$2:$F$966,$H9&""))))) -> 1 | S9: =IF(SUMIFS('Исходные данные'!$I$2:$I$966,'Исходные данные'!$D$2:$D$966,S$3,'Исходные данные'!$F$2:$F$966,$H9&"")+SUMIFS('Исходные данные'!$J$2:$J$966,'Исходные данные'!$D$2:$D$966,S$3,'Исходные данные'!$F$2:$F$966,$H9&"")=0,"",IF(SUMIFS('Исходные данные'!$J$2:$J$966,'Исходные данные'!$D$2:$D$966,S$3,'Исходные данные'!$F$2:$F$966,$H9&"")=0,SUMIFS('Исходные данные'!$I$2:$I$966,'Исходные данные'!$D$2:$D$966,S$3,'Исходные данные'!$F$2:$F$966,$H9&""),IF(SUMIFS('Исходные данные'!$I$2:$I$966,'Исходные данные'!$D$2:$D$966,S$3,'Исходные данные'!$F$2:$F$966,$H9&"")=0,"0+"&SUMIFS('Исходные данные'!$J$2:$J$966,'Исходные данные'!$D$2:$D$966,S$3,'Исходные данные'!$F$2:$F$966,$H9&"")&"="&SUMIFS('Исходные данные'!$J$2:$J$966,'Исходные данные'!$D$2:$D$966,S$3,'Исходные данные'!$F$2:$F$966,$H9&""),SUMIFS('Исходные данные'!$I$2:$I$966,'Исходные данные'!$D$2:$D$966,S$3,'Исходные данные'!$F$2:$F$966,$H9&"")&"+"&SUMIFS('Исходные данные'!$J$2:$J$966,'Исходные данные'!$D$2:$D$966,S$3,'Исходные данные'!$F$2:$F$966,$H9&"")&"="&(SUMIFS('Исходные данные'!$I$2:$I$966,'Исходные данные'!$D$2:$D$966,S$3,'Исходные данные'!$F$2:$F$966,$H9&"")+SUMIFS('Исходные данные'!$J$2:$J$966,'Исходные данные'!$D$2:$D$966,S$3,'Исходные данные'!$F$2:$F$966,$H9&""))))) | T9: =IF(SUMIFS('Исходные данные'!$I$2:$I$966,'Исходные данные'!$D$2:$D$966,T$3,'Исходные данные'!$F$2:$F$966,$H9&"")+SUMIFS('Исходные данные'!$J$2:$J$966,'Исходные данные'!$D$2:$D$966,T$3,'Исходные данные'!$F$2:$F$966,$H9&"")=0,"",IF(SUMIFS('Исходные данные'!$J$2:$J$966,'Исходные данные'!$D$2:$D$966,T$3,'Исходные данные'!$F$2:$F$966,$H9&"")=0,SUMIFS('Исходные данные'!$I$2:$I$966,'Исходные данные'!$D$2:$D$966,T$3,'Исходные данные'!$F$2:$F$966,$H9&""),IF(SUMIFS('Исходные данные'!$I$2:$I$966,'Исходные данные'!$D$2:$D$966,T$3,'Исходные данные'!$F$2:$F$966,$H9&"")=0,"0+"&SUMIFS('Исходные данные'!$J$2:$J$966,'Исходные данные'!$D$2:$D$966,T$3,'Исходные данные'!$F$2:$F$966,$H9&"")&"="&SUMIFS('Исходные данные'!$J$2:$J$966,'Исходные данные'!$D$2:$D$966,T$3,'Исходные данные'!$F$2:$F$966,$H9&""),SUMIFS('Исходные данные'!$I$2:$I$966,'Исходные данные'!$D$2:$D$966,T$3,'Исходные данные'!$F$2:$F$966,$H9&"")&"+"&SUMIFS('Исходные данные'!$J$2:$J$966,'Исходные данные'!$D$2:$D$966,T$3,'Исходные данные'!$F$2:$F$966,$H9&"")&"="&(SUMIFS('Исходные данные'!$I$2:$I$966,'Исходные данные'!$D$2:$D$966,T$3,'Исходные данные'!$F$2:$F$966,$H9&"")+SUMIFS('Исходные данные'!$J$2:$J$966,'Исходные данные'!$D$2:$D$966,T$3,'Исходные данные'!$F$2:$F$966,$H9&""))))) | U9: =IF(SUMIFS('Исходные данные'!$I$2:$I$966,'Исходные данные'!$D$2:$D$966,U$3,'Исходные данные'!$F$2:$F$966,$H9&"")+SUMIFS('Исходные данные'!$J$2:$J$966,'Исходные данные'!$D$2:$D$966,U$3,'Исходные данные'!$F$2:$F$966,$H9&"")=0,"",IF(SUMIFS('Исходные данные'!$J$2:$J$966,'Исходные данные'!$D$2:$D$966,U$3,'Исходные данные'!$F$2:$F$966,$H9&"")=0,SUMIFS('Исходные данные'!$I$2:$I$966,'Исходные данные'!$D$2:$D$966,U$3,'Исходные данные'!$F$2:$F$966,$H9&""),IF(SUMIFS('Исходные данные'!$I$2:$I$966,'Исходные данные'!$D$2:$D$966,U$3,'Исходные данные'!$F$2:$F$966,$H9&"")=0,"0+"&SUMIFS('Исходные данные'!$J$2:$J$966,'Исходные данные'!$D$2:$D$966,U$3,'Исходные данные'!$F$2:$F$966,$H9&"")&"="&SUMIFS('Исходные данные'!$J$2:$J$966,'Исходные данные'!$D$2:$D$966,U$3,'Исходные данные'!$F$2:$F$966,$H9&""),SUMIFS('Исходные данные'!$I$2:$I$966,'Исходные данные'!$D$2:$D$966,U$3,'Исходные данные'!$F$2:$F$966,$H9&"")&"+"&SUMIFS('Исходные данные'!$J$2:$J$966,'Исходные данные'!$D$2:$D$966,U$3,'Исходные данные'!$F$2:$F$966,$H9&"")&"="&(SUMIFS('Исходные данные'!$I$2:$I$966,'Исходные данные'!$D$2:$D$966,U$3,'Исходные данные'!$F$2:$F$966,$H9&"")+SUMIFS('Исходные данные'!$J$2:$J$966,'Исходные данные'!$D$2:$D$966,U$3,'Исходные данные'!$F$2:$F$966,$H9&""))))) | V9: =IF(SUMIFS('Исходные данные'!$I$2:$I$966,'Исходные данные'!$D$2:$D$966,V$3,'Исходные данные'!$F$2:$F$966,$H9&"")+SUMIFS('Исходные данные'!$J$2:$J$966,'Исходные данные'!$D$2:$D$966,V$3,'Исходные данные'!$F$2:$F$966,$H9&"")=0,"",IF(SUMIFS('Исходные данные'!$J$2:$J$966,'Исходные данные'!$D$2:$D$966,V$3,'Исходные данные'!$F$2:$F$966,$H9&"")=0,SUMIFS('Исходные данные'!$I$2:$I$966,'Исходные данные'!$D$2:$D$966,V$3,'Исходные данные'!$F$2:$F$966,$H9&""),IF(SUMIFS('Исходные данные'!$I$2:$I$966,'Исходные данные'!$D$2:$D$966,V$3,'Исходные данные'!$F$2:$F$966,$H9&"")=0,"0+"&SUMIFS('Исходные данные'!$J$2:$J$966,'Исходные данные'!$D$2:$D$966,V$3,'Исходные данные'!$F$2:$F$966,$H9&"")&"="&SUMIFS('Исходные данные'!$J$2:$J$966,'Исходные данные'!$D$2:$D$966,V$3,'Исходные данные'!$F$2:$F$966,$H9&""),SUMIFS('Исходные данные'!$I$2:$I$966,'Исходные данные'!$D$2:$D$966,V$3,'Исходные данные'!$F$2:$F$966,$H9&"")&"+"&SUMIFS('Исходные данные'!$J$2:$J$966,'Исходные данные'!$D$2:$D$966,V$3,'Исходные данные'!$F$2:$F$966,$H9&"")&"="&(SUMIFS('Исходные данные'!$I$2:$I$966,'Исходные данные'!$D$2:$D$966,V$3,'Исходные данные'!$F$2:$F$966,$H9&"")+SUMIFS('Исходные данные'!$J$2:$J$966,'Исходные данные'!$D$2:$D$966,V$3,'Исходные данные'!$F$2:$F$966,$H9&""))))) | ... AD9: =IF(SUMIFS('Исходные данные'!$I$2:$I$966,'Исходные данные'!$D$2:$D$966,AD$3,'Исходные данные'!$F$2:$F$966,$H9&"")+SUMIFS('Исходные данные'!$J$2:$J$966,'Исходные данные'!$D$2:$D$966,AD$3,'Исходные данные'!$F$2:$F$966,$H9&"")=0,"",IF(SUMIFS('Исходные данные'!$J$2:$J$966,'Исходные данные'!$D$2:$D$966,AD$3,'Исходные данные'!$F$2:$F$966,$H9&"")=0,SUMIFS('Исходные данные'!$I$2:$I$966,'Исходные данные'!$D$2:$D$966,AD$3,'Исходные данные'!$F$2:$F$966,$H9&""),IF(SUMIFS('Исходные данные'!$I$2:$I$966,'Исходные данные'!$D$2:$D$966,AD$3,'Исходные данные'!$F$2:$F$966,$H9&"")=0,"0+"&SUMIFS('Исходные данные'!$J$2:$J$966,'Исходные данные'!$D$2:$D$966,AD$3,'Исходные данные'!$F$2:$F$966,$H9&"")&"="&SUMIFS('Исходные данные'!$J$2:$J$966,'Исходные данные'!$D$2:$D$966,AD$3,'Исходные данные'!$F$2:$F$966,$H9&""),SUMIFS('Исходные данные'!$I$2:$I$966,'Исходные данные'!$D$2:$D$966,AD$3,'Исходные данные'!$F$2:$F$966,$H9&"")&"+"&SUMIFS('Исходные данные'!$J$2:$J$966,'Исходные данные'!$D$2:$D$966,AD$3,'Исходные данные'!$F$2:$F$966,$H9&"")&"="&(SUMIFS('Исходные данные'!$I$2:$I$966,'Исходные данные'!$D$2:$D$966,AD$3,'Исходные данные'!$F$2:$F$966,$H9&"")+SUMIFS('Исходные данные'!$J$2:$J$966,'Исходные данные'!$D$2:$D$966,AD$3,'Исходные данные'!$F$2:$F$966,$H9&""))))) -> 1+1=2
