Workbook

Sheet Ежедневная сводка
A1: Техника құралдарының Цехтарға шығуы | H1: күні 08.10.2026ж.
A3: 1 | I3: Техника | J3: План | K3: Факт | L3: Откл | M3: День | N3: Ночь | O3: ЦДН-1 | P3: ЦДН-2 | Q3: ЦДН-3 | R3: ЦППН | S3: ЦППД | T3: ЭЦ | U3: ОКС | V3: РСЦ | W3: ЦПП | X3: ЦИТС | Y3: ПРЦЭО | Z3: ГЦ | AA3: БМТС | AB3: Бурение | AC3: ЦПКРС-1 | AD3: ЦПКРС-2
A4: 2 | O4: =IF(SUMIFS('Исходные данные'!$I$2:$I$953,'Исходные данные'!$D$2:$D$953,O$3,'Исходные данные'!$F$2:$F$953,$H5&"",'Исходные данные'!$L$2:$L$953,"УТТ")+SUMIFS('Исходные данные'!$J$2:$J$953,'Исходные данные'!$D$2:$D$953,O$3,'Исходные данные'!$F$2:$F$953,$H5&"",'Исходные данные'!$L$2:$L$953,"УТТ")=0,"","утт-"&(SUMIFS('Исходные данные'!$I$2:$I$953,'Исходные данные'!$D$2:$D$953,O$3,'Исходные данные'!$F$2:$F$953,$H5&"",'Исходные данные'!$L$2:$L$953,"УТТ")+SUMIFS('Исходные данные'!$J$2:$J$953,'Исходные данные'!$D$2:$D$953,O$3,'Исходные данные'!$F$2:$F$953,$H5&"",'Исходные данные'!$L$2:$L$953,"УТТ"))) | P4: =IF(SUMIFS('Исходные данные'!$I$2:$I$953,'Исходные данные'!$D$2:$D$953,P$3,'Исходные данные'!$F$2:$F$953,$H5&"",'Исходные данные'!$L$2:$L$953,"УТТ")+SUMIFS('Исходные данные'!$J$2:$J$953,'Исходные данные'!$D$2:$D$953,P$3,'Исходные данные'!$F$2:$F$953,$H5&"",'Исходные данные'!$L$2:$L$953,"УТТ")=0,"","утт-"&(SUMIFS('Исходные данные'!$I$2:$I$953,'Исходные данные'!$D$2:$D$953,P$3,'Исходные данные'!$F$2:$F$953,$H5&"",'Исходные данные'!$L$2:$L$953,"УТТ")+SUMIFS('Исходные данные'!$J$2:$J$953,'Исходные данные'!$D$2:$D$953,P$3,'Исходные данные'!$F$2:$F$953,$H5&"",'Исходные данные'!$L$2:$L$953,"УТТ"))) | Q4: =IF(SUMIFS('Исходные данные'!$I$2:$I$953,'Исходные данные'!$D$2:$D$953,Q$3,'Исходные данные'!$F$2:$F$953,$H5&"",'Исходные данные'!$L$2:$L$953,"УТТ")+SUMIFS('Исходные данные'!$J$2:$J$953,'Исходные данные'!$D$2:$D$953,Q$3,'Исходные данные'!$F$2:$F$953,$H5&"",'Исходные данные'!$L$2:$L$953,"УТТ")=0,"","утт-"&(SUMIFS('Исходные данные'!$I$2:$I$953,'Исходные данные'!$D$2:$D$953,Q$3,'Исходные данные'!$F$2:$F$953,$H5&"",'Исходные данные'!$L$2:$L$953,"УТТ")+SUMIFS('Исходные данные'!$J$2:$J$953,'Исходные данные'!$D$2:$D$953,Q$3,'Исходные данные'!$F$2:$F$953,$H5&"",'Исходные данные'!$L$2:$L$953,"УТТ"))) | R4: =IF(SUMIFS('Исходные данные'!$I$2:$I$953,'Исходные данные'!$D$2:$D$953,R$3,'Исходные данные'!$F$2:$F$953,$H5&"",'Исходные данные'!$L$2:$L$953,"УТТ")+SUMIFS('Исходные данные'!$J$2:$J$953,'Исходные данные'!$D$2:$D$953,R$3,'Исходные данные'!$F$2:$F$953,$H5&"",'Исходные данные'!$L$2:$L$953,"УТТ")=0,"","утт-"&(SUMIFS('Исходные данные'!$I$2:$I$953,'Исходные данные'!$D$2:$D$953,R$3,'Исходные данные'!$F$2:$F$953,$H5&"",'Исходные данные'!$L$2:$L$953,"УТТ")+SUMIFS('Исходные данные'!$J$2:$J$953,'Исходные данные'!$D$2:$D$953,R$3,'Исходные данные'!$F$2:$F$953,$H5&"",'Исходные данные'!$L$2:$L$953,"УТТ"))) | S4: =IF(SUMIFS('Исходные данные'!$I$2:$I$953,'Исходные данные'!$D$2:$D$953,S$3,'Исходные данные'!$F$2:$F$953,$H5&"",'Исходные данные'!$L$2:$L$953,"УТТ")+SUMIFS('Исходные данные'!$J$2:$J$953,'Исходные данные'!$D$2:$D$953,S$3,'Исходные данные'!$F$2:$F$953,$H5&"",'Исходные данные'!$L$2:$L$953,"УТТ")=0,"","утт-"&(SUMIFS('Исходные данные'!$I$2:$I$953,'Исходные данные'!$D$2:$D$953,S$3,'Исходные данные'!$F$2:$F$953,$H5&"",'Исходные данные'!$L$2:$L$953,"УТТ")+SUMIFS('Исходные данные'!$J$2:$J$953,'Исходные данные'!$D$2:$D$953,S$3,'Исходные данные'!$F$2:$F$953,$H5&"",'Исходные данные'!$L$2:$L$953,"УТТ"))) | T4: =IF(SUMIFS('Исходные данные'!$I$2:$I$953,'Исходные данные'!$D$2:$D$953,T$3,'Исходные данные'!$F$2:$F$953,$H5&"",'Исходные данные'!$L$2:$L$953,"УТТ")+SUMIFS('Исходные данные'!$J$2:$J$953,'Исходные данные'!$D$2:$D$953,T$3,'Исходные данные'!$F$2:$F$953,$H5&"",'Исходные данные'!$L$2:$L$953,"УТТ")=0,"","утт-"&(SUMIFS('Исходные данные'!$I$2:$I$953,'Исходные данные'!$D$2:$D$953,T$3,'Исходные данные'!$F$2:$F$953,$H5&"",'Исходные данные'!$L$2:$L$953,"УТТ")+SUMIFS('Исходные данные'!$J$2:$J$953,'Исходные данные'!$D$2:$D$953,T$3,'Исходные данные'!$F$2:$F$953,$H5&"",'Исходные данные'!$L$2:$L$953,"УТТ"))) | U4: =IF(SUMIFS('Исходные данные'!$I$2:$I$953,'Исходные данные'!$D$2:$D$953,U$3,'Исходные данные'!$F$2:$F$953,$H5&"",'Исходные данные'!$L$2:$L$953,"УТТ")+SUMIFS('Исходные данные'!$J$2:$J$953,'Исходные данные'!$D$2:$D$953,U$3,'Исходные данные'!$F$2:$F$953,$H5&"",'Исходные данные'!$L$2:$L$953,"УТТ")=0,"","утт-"&(SUMIFS('Исходные данные'!$I$2:$I$953,'Исходные данные'!$D$2:$D$953,U$3,'Исходные данные'!$F$2:$F$953,$H5&"",'Исходные данные'!$L$2:$L$953,"УТТ")+SUMIFS('Исходные данные'!$J$2:$J$953,'Исходные данные'!$D$2:$D$953,U$3,'Исходные данные'!$F$2:$F$953,$H5&"",'Исходные данные'!$L$2:$L$953,"УТТ"))) | V4: =IF(SUMIFS('Исходные данные'!$I$2:$I$953,'Исходные данные'!$D$2:$D$953,V$3,'Исходные данные'!$F$2:$F$953,$H5&"",'Исходные данные'!$L$2:$L$953,"УТТ")+SUMIFS('Исходные данные'!$J$2:$J$953,'Исходные данные'!$D$2:$D$953,V$3,'Исходные данные'!$F$2:$F$953,$H5&"",'Исходные данные'!$L$2:$L$953,"УТТ")=0,"","утт-"&(SUMIFS('Исходные данные'!$I$2:$I$953,'Исходные данные'!$D$2:$D$953,V$3,'Исходные данные'!$F$2:$F$953,$H5&"",'Исходные данные'!$L$2:$L$953,"УТТ")+SUMIFS('Исходные данные'!$J$2:$J$953,'Исходные данные'!$D$2:$D$953,V$3,'Исходные данные'!$F$2:$F$953,$H5&"",'Исходные данные'!$L$2:$L$953,"УТТ"))) | ... AA4: =IF(SUMIFS('Исходные данные'!$I$2:$I$953,'Исходные данные'!$D$2:$D$953,AA$3,'Исходные данные'!$F$2:$F$953,$H5&"",'Исходные данные'!$L$2:$L$953,"УТТ")+SUMIFS('Исходные данные'!$J$2:$J$953,'Исходные данные'!$D$2:$D$953,AA$3,'Исходные данные'!$F$2:$F$953,$H5&"",'Исходные данные'!$L$2:$L$953,"УТТ")=0,"","утт-"&(SUMIFS('Исходные данные'!$I$2:$I$953,'Исходные данные'!$D$2:$D$953,AA$3,'Исходные данные'!$F$2:$F$953,$H5&"",'Исходные данные'!$L$2:$L$953,"УТТ")+SUMIFS('Исходные данные'!$J$2:$J$953,'Исходные данные'!$D$2:$D$953,AA$3,'Исходные данные'!$F$2:$F$953,$H5&"",'Исходные данные'!$L$2:$L$953,"УТТ"))) | AC4: =IF(SUMIFS('Исходные данные'!$I$2:$I$953,'Исходные данные'!$D$2:$D$953,AC$3,'Исходные данные'!$F$2:$F$953,$H5&"",'Исходные данные'!$L$2:$L$953,"УТТ")+SUMIFS('Исходные данные'!$J$2:$J$953,'Исходные данные'!$D$2:$D$953,AC$3,'Исходные данные'!$F$2:$F$953,$H5&"",'Исходные данные'!$L$2:$L$953,"УТТ")=0,"","утт-"&(SUMIFS('Исходные данные'!$I$2:$I$953,'Исходные данные'!$D$2:$D$953,AC$3,'Исходные данные'!$F$2:$F$953,$H5&"",'Исходные данные'!$L$2:$L$953,"УТТ")+SUMIFS('Исходные данные'!$J$2:$J$953,'Исходные данные'!$D$2:$D$953,AC$3,'Исходные данные'!$F$2:$F$953,$H5&"",'Исходные данные'!$L$2:$L$953,"УТТ"))) | AD4: =IF(SUMIFS('Исходные данные'!$I$2:$I$953,'Исходные данные'!$D$2:$D$953,AD$3,'Исходные данные'!$F$2:$F$953,$H5&"",'Исходные данные'!$L$2:$L$953,"УТТ")+SUMIFS('Исходные данные'!$J$2:$J$953,'Исходные данные'!$D$2:$D$953,AD$3,'Исходные данные'!$F$2:$F$953,$H5&"",'Исходные данные'!$L$2:$L$953,"УТТ")=0,"","утт-"&(SUMIFS('Исходные данные'!$I$2:$I$953,'Исходные данные'!$D$2:$D$953,AD$3,'Исходные данные'!$F$2:$F$953,$H5&"",'Исходные данные'!$L$2:$L$953,"УТТ")+SUMIFS('Исходные данные'!$J$2:$J$953,'Исходные данные'!$D$2:$D$953,AD$3,'Исходные данные'!$F$2:$F$953,$H5&"",'Исходные данные'!$L$2:$L$953,"УТТ")))
A5: 3 | H5: 34 | I5: ППУ | J5: =IFERROR(INDEX('Выход ТС'!$C:$C,MATCH($H5&"",'Выход ТС'!$A:$A,0)),"") | K5: =IFERROR(INDEX('Выход ТС'!$D:$D,MATCH($H5&"",'Выход ТС'!$A:$A,0)),"") | L5: =IFERROR(INDEX('Выход ТС'!$E:$E,MATCH($H5&"",'Выход ТС'!$A:$A,0)),"") | M5: =IFERROR(IF(INDEX('Выход ТС'!$F:$F,MATCH($H5&"",'Выход ТС'!$A:$A,0))=0,"",INDEX('Выход ТС'!$F:$F,MATCH($H5&"",'Выход ТС'!$A:$A,0))),"") | N5: =IFERROR(IF(INDEX('Выход ТС'!$G:$G,MATCH($H5&"",'Выход ТС'!$A:$A,0))=0,"",INDEX('Выход ТС'!$G:$G,MATCH($H5&"",'Выход ТС'!$A:$A,0))),"") | O5: =IF(SUMIFS('Исходные данные'!$I$2:$I$953,'Исходные данные'!$D$2:$D$953,O$3,'Исходные данные'!$F$2:$F$953,$H5&"")+SUMIFS('Исходные данные'!$J$2:$J$953,'Исходные данные'!$D$2:$D$953,O$3,'Исходные данные'!$F$2:$F$953,$H5&"")=0,"",IF(SUMIFS('Исходные данные'!$J$2:$J$953,'Исходные данные'!$D$2:$D$953,O$3,'Исходные данные'!$F$2:$F$953,$H5&"")=0,SUMIFS('Исходные данные'!$I$2:$I$953,'Исходные данные'!$D$2:$D$953,O$3,'Исходные данные'!$F$2:$F$953,$H5&""),IF(SUMIFS('Исходные данные'!$I$2:$I$953,'Исходные данные'!$D$2:$D$953,O$3,'Исходные данные'!$F$2:$F$953,$H5&"")=0,"0+"&SUMIFS('Исходные данные'!$J$2:$J$953,'Исходные данные'!$D$2:$D$953,O$3,'Исходные данные'!$F$2:$F$953,$H5&"")&"="&SUMIFS('Исходные данные'!$J$2:$J$953,'Исходные данные'!$D$2:$D$953,O$3,'Исходные данные'!$F$2:$F$953,$H5&""),SUMIFS('Исходные данные'!$I$2:$I$953,'Исходные данные'!$D$2:$D$953,O$3,'Исходные данные'!$F$2:$F$953,$H5&"")&"+"&SUMIFS('Исходные данные'!$J$2:$J$953,'Исходные данные'!$D$2:$D$953,O$3,'Исходные данные'!$F$2:$F$953,$H5&"")&"="&(SUMIFS('Исходные данные'!$I$2:$I$953,'Исходные данные'!$D$2:$D$953,O$3,'Исходные данные'!$F$2:$F$953,$H5&"")+SUMIFS('Исходные данные'!$J$2:$J$953,'Исходные данные'!$D$2:$D$953,O$3,'Исходные данные'!$F$2:$F$953,$H5&""))))) | P5: =IF(SUMIFS('Исходные данные'!$I$2:$I$953,'Исходные данные'!$D$2:$D$953,P$3,'Исходные данные'!$F$2:$F$953,$H5&"")+SUMIFS('Исходные данные'!$J$2:$J$953,'Исходные данные'!$D$2:$D$953,P$3,'Исходные данные'!$F$2:$F$953,$H5&"")=0,"",IF(SUMIFS('Исходные данные'!$J$2:$J$953,'Исходные данные'!$D$2:$D$953,P$3,'Исходные данные'!$F$2:$F$953,$H5&"")=0,SUMIFS('Исходные данные'!$I$2:$I$953,'Исходные данные'!$D$2:$D$953,P$3,'Исходные данные'!$F$2:$F$953,$H5&""),IF(SUMIFS('Исходные данные'!$I$2:$I$953,'Исходные данные'!$D$2:$D$953,P$3,'Исходные данные'!$F$2:$F$953,$H5&"")=0,"0+"&SUMIFS('Исходные данные'!$J$2:$J$953,'Исходные данные'!$D$2:$D$953,P$3,'Исходные данные'!$F$2:$F$953,$H5&"")&"="&SUMIFS('Исходные данные'!$J$2:$J$953,'Исходные данные'!$D$2:$D$953,P$3,'Исходные данные'!$F$2:$F$953,$H5&""),SUMIFS('Исходные данные'!$I$2:$I$953,'Исходные данные'!$D$2:$D$953,P$3,'Исходные данные'!$F$2:$F$953,$H5&"")&"+"&SUMIFS('Исходные данные'!$J$2:$J$953,'Исходные данные'!$D$2:$D$953,P$3,'Исходные данные'!$F$2:$F$953,$H5&"")&"="&(SUMIFS('Исходные данные'!$I$2:$I$953,'Исходные данные'!$D$2:$D$953,P$3,'Исходные данные'!$F$2:$F$953,$H5&"")+SUMIFS('Исходные данные'!$J$2:$J$953,'Исходные данные'!$D$2:$D$953,P$3,'Исходные данные'!$F$2:$F$953,$H5&""))))) | Q5: =IF(SUMIFS('Исходные данные'!$I$2:$I$953,'Исходные данные'!$D$2:$D$953,Q$3,'Исходные данные'!$F$2:$F$953,$H5&"")+SUMIFS('Исходные данные'!$J$2:$J$953,'Исходные данные'!$D$2:$D$953,Q$3,'Исходные данные'!$F$2:$F$953,$H5&"")=0,"",IF(SUMIFS('Исходные данные'!$J$2:$J$953,'Исходные данные'!$D$2:$D$953,Q$3,'Исходные данные'!$F$2:$F$953,$H5&"")=0,SUMIFS('Исходные данные'!$I$2:$I$953,'Исходные данные'!$D$2:$D$953,Q$3,'Исходные данные'!$F$2:$F$953,$H5&""),IF(SUMIFS('Исходные данные'!$I$2:$I$953,'Исходные данные'!$D$2:$D$953,Q$3,'Исходные данные'!$F$2:$F$953,$H5&"")=0,"0+"&SUMIFS('Исходные данные'!$J$2:$J$953,'Исходные данные'!$D$2:$D$953,Q$3,'Исходные данные'!$F$2:$F$953,$H5&"")&"="&SUMIFS('Исходные данные'!$J$2:$J$953,'Исходные данные'!$D$2:$D$953,Q$3,'Исходные данные'!$F$2:$F$953,$H5&""),SUMIFS('Исходные данные'!$I$2:$I$953,'Исходные данные'!$D$2:$D$953,Q$3,'Исходные данные'!$F$2:$F$953,$H5&"")&"+"&SUMIFS('Исходные данные'!$J$2:$J$953,'Исходные данные'!$D$2:$D$953,Q$3,'Исходные данные'!$F$2:$F$953,$H5&"")&"="&(SUMIFS('Исходные данные'!$I$2:$I$953,'Исходные данные'!$D$2:$D$953,Q$3,'Исходные данные'!$F$2:$F$953,$H5&"")+SUMIFS('Исходные данные'!$J$2:$J$953,'Исходные данные'!$D$2:$D$953,Q$3,'Исходные данные'!$F$2:$F$953,$H5&""))))) | R5: =IF(SUMIFS('Исходные данные'!$I$2:$I$953,'Исходные данные'!$D$2:$D$953,R$3,'Исходные данные'!$F$2:$F$953,$H5&"")+SUMIFS('Исходные данные'!$J$2:$J$953,'Исходные данные'!$D$2:$D$953,R$3,'Исходные данные'!$F$2:$F$953,$H5&"")=0,"",IF(SUMIFS('Исходные данные'!$J$2:$J$953,'Исходные данные'!$D$2:$D$953,R$3,'Исходные данные'!$F$2:$F$953,$H5&"")=0,SUMIFS('Исходные данные'!$I$2:$I$953,'Исходные данные'!$D$2:$D$953,R$3,'Исходные данные'!$F$2:$F$953,$H5&""),IF(SUMIFS('Исходные данные'!$I$2:$I$953,'Исходные данные'!$D$2:$D$953,R$3,'Исходные данные'!$F$2:$F$953,$H5&"")=0,"0+"&SUMIFS('Исходные данные'!$J$2:$J$953,'Исходные данные'!$D$2:$D$953,R$3,'Исходные данные'!$F$2:$F$953,$H5&"")&"="&SUMIFS('Исходные данные'!$J$2:$J$953,'Исходные данные'!$D$2:$D$953,R$3,'Исходные данные'!$F$2:$F$953,$H5&""),SUMIFS('Исходные данные'!$I$2:$I$953,'Исходные данные'!$D$2:$D$953,R$3,'Исходные данные'!$F$2:$F$953,$H5&"")&"+"&SUMIFS('Исходные данные'!$J$2:$J$953,'Исходные данные'!$D$2:$D$953,R$3,'Исходные данные'!$F$2:$F$953,$H5&"")&"="&(SUMIFS('Исходные данные'!$I$2:$I$953,'Исходные данные'!$D$2:$D$953,R$3,'Исходные данные'!$F$2:$F$953,$H5&"")+SUMIFS('Исходные данные'!$J$2:$J$953,'Исходные данные'!$D$2:$D$953,R$3,'Исходные данные'!$F$2:$F$953,$H5&""))))) | S5: =IF(SUMIFS('Исходные данные'!$I$2:$I$953,'Исходные данные'!$D$2:$D$953,S$3,'Исходные данные'!$F$2:$F$953,$H5&"")+SUMIFS('Исходные данные'!$J$2:$J$953,'Исходные данные'!$D$2:$D$953,S$3,'Исходные данные'!$F$2:$F$953,$H5&"")=0,"",IF(SUMIFS('Исходные данные'!$J$2:$J$953,'Исходные данные'!$D$2:$D$953,S$3,'Исходные данные'!$F$2:$F$953,$H5&"")=0,SUMIFS('Исходные данные'!$I$2:$I$953,'Исходные данные'!$D$2:$D$953,S$3,'Исходные данные'!$F$2:$F$953,$H5&""),IF(SUMIFS('Исходные данные'!$I$2:$I$953,'Исходные данные'!$D$2:$D$953,S$3,'Исходные данные'!$F$2:$F$953,$H5&"")=0,"0+"&SUMIFS('Исходные данные'!$J$2:$J$953,'Исходные данные'!$D$2:$D$953,S$3,'Исходные данные'!$F$2:$F$953,$H5&"")&"="&SUMIFS('Исходные данные'!$J$2:$J$953,'Исходные данные'!$D$2:$D$953,S$3,'Исходные данные'!$F$2:$F$953,$H5&""),SUMIFS('Исходные данные'!$I$2:$I$953,'Исходные данные'!$D$2:$D$953,S$3,'Исходные данные'!$F$2:$F$953,$H5&"")&"+"&SUMIFS('Исходные данные'!$J$2:$J$953,'Исходные данные'!$D$2:$D$953,S$3,'Исходные данные'!$F$2:$F$953,$H5&"")&"="&(SUMIFS('Исходные данные'!$I$2:$I$953,'Исходные данные'!$D$2:$D$953,S$3,'Исходные данные'!$F$2:$F$953,$H5&"")+SUMIFS('Исходные данные'!$J$2:$J$953,'Исходные данные'!$D$2:$D$953,S$3,'Исходные данные'!$F$2:$F$953,$H5&""))))) | T5: =IF(SUMIFS('Исходные данные'!$I$2:$I$953,'Исходные данные'!$D$2:$D$953,T$3,'Исходные данные'!$F$2:$F$953,$H5&"")+SUMIFS('Исходные данные'!$J$2:$J$953,'Исходные данные'!$D$2:$D$953,T$3,'Исходные данные'!$F$2:$F$953,$H5&"")=0,"",IF(SUMIFS('Исходные данные'!$J$2:$J$953,'Исходные данные'!$D$2:$D$953,T$3,'Исходные данные'!$F$2:$F$953,$H5&"")=0,SUMIFS('Исходные данные'!$I$2:$I$953,'Исходные данные'!$D$2:$D$953,T$3,'Исходные данные'!$F$2:$F$953,$H5&""),IF(SUMIFS('Исходные данные'!$I$2:$I$953,'Исходные данные'!$D$2:$D$953,T$3,'Исходные данные'!$F$2:$F$953,$H5&"")=0,"0+"&SUMIFS('Исходные данные'!$J$2:$J$953,'Исходные данные'!$D$2:$D$953,T$3,'Исходные данные'!$F$2:$F$953,$H5&"")&"="&SUMIFS('Исходные данные'!$J$2:$J$953,'Исходные данные'!$D$2:$D$953,T$3,'Исходные данные'!$F$2:$F$953,$H5&""),SUMIFS('Исходные данные'!$I$2:$I$953,'Исходные данные'!$D$2:$D$953,T$3,'Исходные данные'!$F$2:$F$953,$H5&"")&"+"&SUMIFS('Исходные данные'!$J$2:$J$953,'Исходные данные'!$D$2:$D$953,T$3,'Исходные данные'!$F$2:$F$953,$H5&"")&"="&(SUMIFS('Исходные данные'!$I$2:$I$953,'Исходные данные'!$D$2:$D$953,T$3,'Исходные данные'!$F$2:$F$953,$H5&"")+SUMIFS('Исходные данные'!$J$2:$J$953,'Исходные данные'!$D$2:$D$953,T$3,'Исходные данные'!$F$2:$F$953,$H5&""))))) | U5: =IF(SUMIFS('Исходные данные'!$I$2:$I$953,'Исходные данные'!$D$2:$D$953,U$3,'Исходные данные'!$F$2:$F$953,$H5&"")+SUMIFS('Исходные данные'!$J$2:$J$953,'Исходные данные'!$D$2:$D$953,U$3,'Исходные данные'!$F$2:$F$953,$H5&"")=0,"",IF(SUMIFS('Исходные данные'!$J$2:$J$953,'Исходные данные'!$D$2:$D$953,U$3,'Исходные данные'!$F$2:$F$953,$H5&"")=0,SUMIFS('Исходные данные'!$I$2:$I$953,'Исходные данные'!$D$2:$D$953,U$3,'Исходные данные'!$F$2:$F$953,$H5&""),IF(SUMIFS('Исходные данные'!$I$2:$I$953,'Исходные данные'!$D$2:$D$953,U$3,'Исходные данные'!$F$2:$F$953,$H5&"")=0,"0+"&SUMIFS('Исходные данные'!$J$2:$J$953,'Исходные данные'!$D$2:$D$953,U$3,'Исходные данные'!$F$2:$F$953,$H5&"")&"="&SUMIFS('Исходные данные'!$J$2:$J$953,'Исходные данные'!$D$2:$D$953,U$3,'Исходные данные'!$F$2:$F$953,$H5&""),SUMIFS('Исходные данные'!$I$2:$I$953,'Исходные данные'!$D$2:$D$953,U$3,'Исходные данные'!$F$2:$F$953,$H5&"")&"+"&SUMIFS('Исходные данные'!$J$2:$J$953,'Исходные данные'!$D$2:$D$953,U$3,'Исходные данные'!$F$2:$F$953,$H5&"")&"="&(SUMIFS('Исходные данные'!$I$2:$I$953,'Исходные данные'!$D$2:$D$953,U$3,'Исходные данные'!$F$2:$F$953,$H5&"")+SUMIFS('Исходные данные'!$J$2:$J$953,'Исходные данные'!$D$2:$D$953,U$3,'Исходные данные'!$F$2:$F$953,$H5&""))))) | V5: =IF(SUMIFS('Исходные данные'!$I$2:$I$953,'Исходные данные'!$D$2:$D$953,V$3,'Исходные данные'!$F$2:$F$953,$H5&"")+SUMIFS('Исходные данные'!$J$2:$J$953,'Исходные данные'!$D$2:$D$953,V$3,'Исходные данные'!$F$2:$F$953,$H5&"")=0,"",IF(SUMIFS('Исходные данные'!$J$2:$J$953,'Исходные данные'!$D$2:$D$953,V$3,'Исходные данные'!$F$2:$F$953,$H5&"")=0,SUMIFS('Исходные данные'!$I$2:$I$953,'Исходные данные'!$D$2:$D$953,V$3,'Исходные данные'!$F$2:$F$953,$H5&""),IF(SUMIFS('Исходные данные'!$I$2:$I$953,'Исходные данные'!$D$2:$D$953,V$3,'Исходные данные'!$F$2:$F$953,$H5&"")=0,"0+"&SUMIFS('Исходные данные'!$J$2:$J$953,'Исходные данные'!$D$2:$D$953,V$3,'Исходные данные'!$F$2:$F$953,$H5&"")&"="&SUMIFS('Исходные данные'!$J$2:$J$953,'Исходные данные'!$D$2:$D$953,V$3,'Исходные данные'!$F$2:$F$953,$H5&""),SUMIFS('Исходные данные'!$I$2:$I$953,'Исходные данные'!$D$2:$D$953,V$3,'Исходные данные'!$F$2:$F$953,$H5&"")&"+"&SUMIFS('Исходные данные'!$J$2:$J$953,'Исходные данные'!$D$2:$D$953,V$3,'Исходные данные'!$F$2:$F$953,$H5&"")&"="&(SUMIFS('Исходные данные'!$I$2:$I$953,'Исходные данные'!$D$2:$D$953,V$3,'Исходные данные'!$F$2:$F$953,$H5&"")+SUMIFS('Исходные данные'!$J$2:$J$953,'Исходные данные'!$D$2:$D$953,V$3,'Исходные данные'!$F$2:$F$953,$H5&""))))) | ... AA5: =IF(SUMIFS('Исходные данные'!$I$2:$I$953,'Исходные данные'!$D$2:$D$953,AA$3,'Исходные данные'!$F$2:$F$953,$H5&"")+SUMIFS('Исходные данные'!$J$2:$J$953,'Исходные данные'!$D$2:$D$953,AA$3,'Исходные данные'!$F$2:$F$953,$H5&"")=0,"",IF(SUMIFS('Исходные данные'!$J$2:$J$953,'Исходные данные'!$D$2:$D$953,AA$3,'Исходные данные'!$F$2:$F$953,$H5&"")=0,SUMIFS('Исходные данные'!$I$2:$I$953,'Исходные данные'!$D$2:$D$953,AA$3,'Исходные данные'!$F$2:$F$953,$H5&""),IF(SUMIFS('Исходные данные'!$I$2:$I$953,'Исходные данные'!$D$2:$D$953,AA$3,'Исходные данные'!$F$2:$F$953,$H5&"")=0,"0+"&SUMIFS('Исходные данные'!$J$2:$J$953,'Исходные данные'!$D$2:$D$953,AA$3,'Исходные данные'!$F$2:$F$953,$H5&"")&"="&SUMIFS('Исходные данные'!$J$2:$J$953,'Исходные данные'!$D$2:$D$953,AA$3,'Исходные данные'!$F$2:$F$953,$H5&""),SUMIFS('Исходные данные'!$I$2:$I$953,'Исходные данные'!$D$2:$D$953,AA$3,'Исходные данные'!$F$2:$F$953,$H5&"")&"+"&SUMIFS('Исходные данные'!$J$2:$J$953,'Исходные данные'!$D$2:$D$953,AA$3,'Исходные данные'!$F$2:$F$953,$H5&"")&"="&(SUMIFS('Исходные данные'!$I$2:$I$953,'Исходные данные'!$D$2:$D$953,AA$3,'Исходные данные'!$F$2:$F$953,$H5&"")+SUMIFS('Исходные данные'!$J$2:$J$953,'Исходные данные'!$D$2:$D$953,AA$3,'Исходные данные'!$F$2:$F$953,$H5&""))))) | AC5: =IF(SUMIFS('Исходные данные'!$I$2:$I$953,'Исходные данные'!$D$2:$D$953,AC$3,'Исходные данные'!$F$2:$F$953,$H5&"")+SUMIFS('Исходные данные'!$J$2:$J$953,'Исходные данные'!$D$2:$D$953,AC$3,'Исходные данные'!$F$2:$F$953,$H5&"")=0,"",IF(SUMIFS('Исходные данные'!$J$2:$J$953,'Исходные данные'!$D$2:$D$953,AC$3,'Исходные данные'!$F$2:$F$953,$H5&"")=0,SUMIFS('Исходные данные'!$I$2:$I$953,'Исходные данные'!$D$2:$D$953,AC$3,'Исходные данные'!$F$2:$F$953,$H5&""),IF(SUMIFS('Исходные данные'!$I$2:$I$953,'Исходные данные'!$D$2:$D$953,AC$3,'Исходные данные'!$F$2:$F$953,$H5&"")=0,"0+"&SUMIFS('Исходные данные'!$J$2:$J$953,'Исходные данные'!$D$2:$D$953,AC$3,'Исходные данные'!$F$2:$F$953,$H5&"")&"="&SUMIFS('Исходные данные'!$J$2:$J$953,'Исходные данные'!$D$2:$D$953,AC$3,'Исходные данные'!$F$2:$F$953,$H5&""),SUMIFS('Исходные данные'!$I$2:$I$953,'Исходные данные'!$D$2:$D$953,AC$3,'Исходные данные'!$F$2:$F$953,$H5&"")&"+"&SUMIFS('Исходные данные'!$J$2:$J$953,'Исходные данные'!$D$2:$D$953,AC$3,'Исходные данные'!$F$2:$F$953,$H5&"")&"="&(SUMIFS('Исходные данные'!$I$2:$I$953,'Исходные данные'!$D$2:$D$953,AC$3,'Исходные данные'!$F$2:$F$953,$H5&"")+SUMIFS('Исходные данные'!$J$2:$J$953,'Исходные данные'!$D$2:$D$953,AC$3,'Исходные данные'!$F$2:$F$953,$H5&""))))) | AD5: =IF(SUMIFS('Исходные данные'!$I$2:$I$953,'Исходные данные'!$D$2:$D$953,AD$3,'Исходные данные'!$F$2:$F$953,$H5&"")+SUMIFS('Исходные данные'!$J$2:$J$953,'Исходные данные'!$D$2:$D$953,AD$3,'Исходные данные'!$F$2:$F$953,$H5&"")=0,"",IF(SUMIFS('Исходные данные'!$J$2:$J$953,'Исходные данные'!$D$2:$D$953,AD$3,'Исходные данные'!$F$2:$F$953,$H5&"")=0,SUMIFS('Исходные данные'!$I$2:$I$953,'Исходные данные'!$D$2:$D$953,AD$3,'Исходные данные'!$F$2:$F$953,$H5&""),IF(SUMIFS('Исходные данные'!$I$2:$I$953,'Исходные данные'!$D$2:$D$953,AD$3,'Исходные данные'!$F$2:$F$953,$H5&"")=0,"0+"&SUMIFS('Исходные данные'!$J$2:$J$953,'Исходные данные'!$D$2:$D$953,AD$3,'Исходные данные'!$F$2:$F$953,$H5&"")&"="&SUMIFS('Исходные данные'!$J$2:$J$953,'Исходные данные'!$D$2:$D$953,AD$3,'Исходные данные'!$F$2:$F$953,$H5&""),SUMIFS('Исходные данные'!$I$2:$I$953,'Исходные данные'!$D$2:$D$953,AD$3,'Исходные данные'!$F$2:$F$953,$H5&"")&"+"&SUMIFS('Исходные данные'!$J$2:$J$953,'Исходные данные'!$D$2:$D$953,AD$3,'Исходные данные'!$F$2:$F$953,$H5&"")&"="&(SUMIFS('Исходные данные'!$I$2:$I$953,'Исходные данные'!$D$2:$D$953,AD$3,'Исходные данные'!$F$2:$F$953,$H5&"")+SUMIFS('Исходные данные'!$J$2:$J$953,'Исходные данные'!$D$2:$D$953,AD$3,'Исходные данные'!$F$2:$F$953,$H5&"")))))
A6: 4 | O6: =IF(SUMIFS('Исходные данные'!$I$2:$I$953,'Исходные данные'!$D$2:$D$953,O$3,'Исходные данные'!$F$2:$F$953,$H7&"",'Исходные данные'!$L$2:$L$953,"УТТ")+SUMIFS('Исходные данные'!$J$2:$J$953,'Исходные данные'!$D$2:$D$953,O$3,'Исходные данные'!$F$2:$F$953,$H7&"",'Исходные данные'!$L$2:$L$953,"УТТ")=0,"","утт-"&(SUMIFS('Исходные данные'!$I$2:$I$953,'Исходные данные'!$D$2:$D$953,O$3,'Исходные данные'!$F$2:$F$953,$H7&"",'Исходные данные'!$L$2:$L$953,"УТТ")+SUMIFS('Исходные данные'!$J$2:$J$953,'Исходные данные'!$D$2:$D$953,O$3,'Исходные данные'!$F$2:$F$953,$H7&"",'Исходные данные'!$L$2:$L$953,"УТТ"))) | P6: =IF(SUMIFS('Исходные данные'!$I$2:$I$953,'Исходные данные'!$D$2:$D$953,P$3,'Исходные данные'!$F$2:$F$953,$H7&"",'Исходные данные'!$L$2:$L$953,"УТТ")+SUMIFS('Исходные данные'!$J$2:$J$953,'Исходные данные'!$D$2:$D$953,P$3,'Исходные данные'!$F$2:$F$953,$H7&"",'Исходные данные'!$L$2:$L$953,"УТТ")=0,"","утт-"&(SUMIFS('Исходные данные'!$I$2:$I$953,'Исходные данные'!$D$2:$D$953,P$3,'Исходные данные'!$F$2:$F$953,$H7&"",'Исходные данные'!$L$2:$L$953,"УТТ")+SUMIFS('Исходные данные'!$J$2:$J$953,'Исходные данные'!$D$2:$D$953,P$3,'Исходные данные'!$F$2:$F$953,$H7&"",'Исходные данные'!$L$2:$L$953,"УТТ"))) | Q6: =IF(SUMIFS('Исходные данные'!$I$2:$I$953,'Исходные данные'!$D$2:$D$953,Q$3,'Исходные данные'!$F$2:$F$953,$H7&"",'Исходные данные'!$L$2:$L$953,"УТТ")+SUMIFS('Исходные данные'!$J$2:$J$953,'Исходные данные'!$D$2:$D$953,Q$3,'Исходные данные'!$F$2:$F$953,$H7&"",'Исходные данные'!$L$2:$L$953,"УТТ")=0,"","утт-"&(SUMIFS('Исходные данные'!$I$2:$I$953,'Исходные данные'!$D$2:$D$953,Q$3,'Исходные данные'!$F$2:$F$953,$H7&"",'Исходные данные'!$L$2:$L$953,"УТТ")+SUMIFS('Исходные данные'!$J$2:$J$953,'Исходные данные'!$D$2:$D$953,Q$3,'Исходные данные'!$F$2:$F$953,$H7&"",'Исходные данные'!$L$2:$L$953,"УТТ"))) | R6: =IF(SUMIFS('Исходные данные'!$I$2:$I$953,'Исходные данные'!$D$2:$D$953,R$3,'Исходные данные'!$F$2:$F$953,$H7&"",'Исходные данные'!$L$2:$L$953,"УТТ")+SUMIFS('Исходные данные'!$J$2:$J$953,'Исходные данные'!$D$2:$D$953,R$3,'Исходные данные'!$F$2:$F$953,$H7&"",'Исходные данные'!$L$2:$L$953,"УТТ")=0,"","утт-"&(SUMIFS('Исходные данные'!$I$2:$I$953,'Исходные данные'!$D$2:$D$953,R$3,'Исходные данные'!$F$2:$F$953,$H7&"",'Исходные данные'!$L$2:$L$953,"УТТ")+SUMIFS('Исходные данные'!$J$2:$J$953,'Исходные данные'!$D$2:$D$953,R$3,'Исходные данные'!$F$2:$F$953,$H7&"",'Исходные данные'!$L$2:$L$953,"УТТ"))) | S6: =IF(SUMIFS('Исходные данные'!$I$2:$I$953,'Исходные данные'!$D$2:$D$953,S$3,'Исходные данные'!$F$2:$F$953,$H7&"",'Исходные данные'!$L$2:$L$953,"УТТ")+SUMIFS('Исходные данные'!$J$2:$J$953,'Исходные данные'!$D$2:$D$953,S$3,'Исходные данные'!$F$2:$F$953,$H7&"",'Исходные данные'!$L$2:$L$953,"УТТ")=0,"","утт-"&(SUMIFS('Исходные данные'!$I$2:$I$953,'Исходные данные'!$D$2:$D$953,S$3,'Исходные данные'!$F$2:$F$953,$H7&"",'Исходные данные'!$L$2:$L$953,"УТТ")+SUMIFS('Исходные данные'!$J$2:$J$953,'Исходные данные'!$D$2:$D$953,S$3,'Исходные данные'!$F$2:$F$953,$H7&"",'Исходные данные'!$L$2:$L$953,"УТТ"))) | T6: =IF(SUMIFS('Исходные данные'!$I$2:$I$953,'Исходные данные'!$D$2:$D$953,T$3,'Исходные данные'!$F$2:$F$953,$H7&"",'Исходные данные'!$L$2:$L$953,"УТТ")+SUMIFS('Исходные данные'!$J$2:$J$953,'Исходные данные'!$D$2:$D$953,T$3,'Исходные данные'!$F$2:$F$953,$H7&"",'Исходные данные'!$L$2:$L$953,"УТТ")=0,"","утт-"&(SUMIFS('Исходные данные'!$I$2:$I$953,'Исходные данные'!$D$2:$D$953,T$3,'Исходные данные'!$F$2:$F$953,$H7&"",'Исходные данные'!$L$2:$L$953,"УТТ")+SUMIFS('Исходные данные'!$J$2:$J$953,'Исходные данные'!$D$2:$D$953,T$3,'Исходные данные'!$F$2:$F$953,$H7&"",'Исходные данные'!$L$2:$L$953,"УТТ"))) | U6: =IF(SUMIFS('Исходные данные'!$I$2:$I$953,'Исходные данные'!$D$2:$D$953,U$3,'Исходные данные'!$F$2:$F$953,$H7&"",'Исходные данные'!$L$2:$L$953,"УТТ")+SUMIFS('Исходные данные'!$J$2:$J$953,'Исходные данные'!$D$2:$D$953,U$3,'Исходные данные'!$F$2:$F$953,$H7&"",'Исходные данные'!$L$2:$L$953,"УТТ")=0,"","утт-"&(SUMIFS('Исходные данные'!$I$2:$I$953,'Исходные данные'!$D$2:$D$953,U$3,'Исходные данные'!$F$2:$F$953,$H7&"",'Исходные данные'!$L$2:$L$953,"УТТ")+SUMIFS('Исходные данные'!$J$2:$J$953,'Исходные данные'!$D$2:$D$953,U$3,'Исходные данные'!$F$2:$F$953,$H7&"",'Исходные данные'!$L$2:$L$953,"УТТ"))) | V6: =IF(SUMIFS('Исходные данные'!$I$2:$I$953,'Исходные данные'!$D$2:$D$953,V$3,'Исходные данные'!$F$2:$F$953,$H7&"",'Исходные данные'!$L$2:$L$953,"УТТ")+SUMIFS('Исходные данные'!$J$2:$J$953,'Исходные данные'!$D$2:$D$953,V$3,'Исходные данные'!$F$2:$F$953,$H7&"",'Исходные данные'!$L$2:$L$953,"УТТ")=0,"","утт-"&(SUMIFS('Исходные данные'!$I$2:$I$953,'Исходные данные'!$D$2:$D$953,V$3,'Исходные данные'!$F$2:$F$953,$H7&"",'Исходные данные'!$L$2:$L$953,"УТТ")+SUMIFS('Исходные данные'!$J$2:$J$953,'Исходные данные'!$D$2:$D$953,V$3,'Исходные данные'!$F$2:$F$953,$H7&"",'Исходные данные'!$L$2:$L$953,"УТТ"))) | ... AA6: =IF(SUMIFS('Исходные данные'!$I$2:$I$953,'Исходные данные'!$D$2:$D$953,AA$3,'Исходные данные'!$F$2:$F$953,$H7&"",'Исходные данные'!$L$2:$L$953,"УТТ")+SUMIFS('Исходные данные'!$J$2:$J$953,'Исходные данные'!$D$2:$D$953,AA$3,'Исходные данные'!$F$2:$F$953,$H7&"",'Исходные данные'!$L$2:$L$953,"УТТ")=0,"","утт-"&(SUMIFS('Исходные данные'!$I$2:$I$953,'Исходные данные'!$D$2:$D$953,AA$3,'Исходные данные'!$F$2:$F$953,$H7&"",'Исходные данные'!$L$2:$L$953,"УТТ")+SUMIFS('Исходные данные'!$J$2:$J$953,'Исходные данные'!$D$2:$D$953,AA$3,'Исходные данные'!$F$2:$F$953,$H7&"",'Исходные данные'!$L$2:$L$953,"УТТ"))) | AC6: =IF(SUMIFS('Исходные данные'!$I$2:$I$953,'Исходные данные'!$D$2:$D$953,AC$3,'Исходные данные'!$F$2:$F$953,$H7&"",'Исходные данные'!$L$2:$L$953,"УТТ")+SUMIFS('Исходные данные'!$J$2:$J$953,'Исходные данные'!$D$2:$D$953,AC$3,'Исходные данные'!$F$2:$F$953,$H7&"",'Исходные данные'!$L$2:$L$953,"УТТ")=0,"","утт-"&(SUMIFS('Исходные данные'!$I$2:$I$953,'Исходные данные'!$D$2:$D$953,AC$3,'Исходные данные'!$F$2:$F$953,$H7&"",'Исходные данные'!$L$2:$L$953,"УТТ")+SUMIFS('Исходные данные'!$J$2:$J$953,'Исходные данные'!$D$2:$D$953,AC$3,'Исходные данные'!$F$2:$F$953,$H7&"",'Исходные данные'!$L$2:$L$953,"УТТ"))) | AD6: =IF(SUMIFS('Исходные данные'!$I$2:$I$953,'Исходные данные'!$D$2:$D$953,AD$3,'Исходные данные'!$F$2:$F$953,$H7&"",'Исходные данные'!$L$2:$L$953,"УТТ")+SUMIFS('Исходные данные'!$J$2:$J$953,'Исходные данные'!$D$2:$D$953,AD$3,'Исходные данные'!$F$2:$F$953,$H7&"",'Исходные данные'!$L$2:$L$953,"УТТ")=0,"","утт-"&(SUMIFS('Исходные данные'!$I$2:$I$953,'Исходные данные'!$D$2:$D$953,AD$3,'Исходные данные'!$F$2:$F$953,$H7&"",'Исходные данные'!$L$2:$L$953,"УТТ")+SUMIFS('Исходные данные'!$J$2:$J$953,'Исходные данные'!$D$2:$D$953,AD$3,'Исходные данные'!$F$2:$F$953,$H7&"",'Исходные данные'!$L$2:$L$953,"УТТ")))
A7: 5 | H7: 47 | I7: Экскаватор | J7: =IFERROR(INDEX('Выход ТС'!$C:$C,MATCH($H7&"",'Выход ТС'!$A:$A,0)),"") | K7: =IFERROR(INDEX('Выход ТС'!$D:$D,MATCH($H7&"",'Выход ТС'!$A:$A,0)),"") | L7: =IFERROR(INDEX('Выход ТС'!$E:$E,MATCH($H7&"",'Выход ТС'!$A:$A,0)),"") | M7: =IFERROR(IF(INDEX('Выход ТС'!$F:$F,MATCH($H7&"",'Выход ТС'!$A:$A,0))=0,"",INDEX('Выход ТС'!$F:$F,MATCH($H7&"",'Выход ТС'!$A:$A,0))),"") | N7: =IFERROR(IF(INDEX('Выход ТС'!$G:$G,MATCH($H7&"",'Выход ТС'!$A:$A,0))=0,"",INDEX('Выход ТС'!$G:$G,MATCH($H7&"",'Выход ТС'!$A:$A,0))),"") | O7: =IF(SUMIFS('Исходные данные'!$I$2:$I$953,'Исходные данные'!$D$2:$D$953,O$3,'Исходные данные'!$F$2:$F$953,$H7&"")+SUMIFS('Исходные данные'!$J$2:$J$953,'Исходные данные'!$D$2:$D$953,O$3,'Исходные данные'!$F$2:$F$953,$H7&"")=0,"",IF(SUMIFS('Исходные данные'!$J$2:$J$953,'Исходные данные'!$D$2:$D$953,O$3,'Исходные данные'!$F$2:$F$953,$H7&"")=0,SUMIFS('Исходные данные'!$I$2:$I$953,'Исходные данные'!$D$2:$D$953,O$3,'Исходные данные'!$F$2:$F$953,$H7&""),IF(SUMIFS('Исходные данные'!$I$2:$I$953,'Исходные данные'!$D$2:$D$953,O$3,'Исходные данные'!$F$2:$F$953,$H7&"")=0,"0+"&SUMIFS('Исходные данные'!$J$2:$J$953,'Исходные данные'!$D$2:$D$953,O$3,'Исходные данные'!$F$2:$F$953,$H7&"")&"="&SUMIFS('Исходные данные'!$J$2:$J$953,'Исходные данные'!$D$2:$D$953,O$3,'Исходные данные'!$F$2:$F$953,$H7&""),SUMIFS('Исходные данные'!$I$2:$I$953,'Исходные данные'!$D$2:$D$953,O$3,'Исходные данные'!$F$2:$F$953,$H7&"")&"+"&SUMIFS('Исходные данные'!$J$2:$J$953,'Исходные данные'!$D$2:$D$953,O$3,'Исходные данные'!$F$2:$F$953,$H7&"")&"="&(SUMIFS('Исходные данные'!$I$2:$I$953,'Исходные данные'!$D$2:$D$953,O$3,'Исходные данные'!$F$2:$F$953,$H7&"")+SUMIFS('Исходные данные'!$J$2:$J$953,'Исходные данные'!$D$2:$D$953,O$3,'Исходные данные'!$F$2:$F$953,$H7&""))))) | P7: =IF(SUMIFS('Исходные данные'!$I$2:$I$953,'Исходные данные'!$D$2:$D$953,P$3,'Исходные данные'!$F$2:$F$953,$H7&"")+SUMIFS('Исходные данные'!$J$2:$J$953,'Исходные данные'!$D$2:$D$953,P$3,'Исходные данные'!$F$2:$F$953,$H7&"")=0,"",IF(SUMIFS('Исходные данные'!$J$2:$J$953,'Исходные данные'!$D$2:$D$953,P$3,'Исходные данные'!$F$2:$F$953,$H7&"")=0,SUMIFS('Исходные данные'!$I$2:$I$953,'Исходные данные'!$D$2:$D$953,P$3,'Исходные данные'!$F$2:$F$953,$H7&""),IF(SUMIFS('Исходные данные'!$I$2:$I$953,'Исходные данные'!$D$2:$D$953,P$3,'Исходные данные'!$F$2:$F$953,$H7&"")=0,"0+"&SUMIFS('Исходные данные'!$J$2:$J$953,'Исходные данные'!$D$2:$D$953,P$3,'Исходные данные'!$F$2:$F$953,$H7&"")&"="&SUMIFS('Исходные данные'!$J$2:$J$953,'Исходные данные'!$D$2:$D$953,P$3,'Исходные данные'!$F$2:$F$953,$H7&""),SUMIFS('Исходные данные'!$I$2:$I$953,'Исходные данные'!$D$2:$D$953,P$3,'Исходные данные'!$F$2:$F$953,$H7&"")&"+"&SUMIFS('Исходные данные'!$J$2:$J$953,'Исходные данные'!$D$2:$D$953,P$3,'Исходные данные'!$F$2:$F$953,$H7&"")&"="&(SUMIFS('Исходные данные'!$I$2:$I$953,'Исходные данные'!$D$2:$D$953,P$3,'Исходные данные'!$F$2:$F$953,$H7&"")+SUMIFS('Исходные данные'!$J$2:$J$953,'Исходные данные'!$D$2:$D$953,P$3,'Исходные данные'!$F$2:$F$953,$H7&""))))) | Q7: =IF(SUMIFS('Исходные данные'!$I$2:$I$953,'Исходные данные'!$D$2:$D$953,Q$3,'Исходные данные'!$F$2:$F$953,$H7&"")+SUMIFS('Исходные данные'!$J$2:$J$953,'Исходные данные'!$D$2:$D$953,Q$3,'Исходные данные'!$F$2:$F$953,$H7&"")=0,"",IF(SUMIFS('Исходные данные'!$J$2:$J$953,'Исходные данные'!$D$2:$D$953,Q$3,'Исходные данные'!$F$2:$F$953,$H7&"")=0,SUMIFS('Исходные данные'!$I$2:$I$953,'Исходные данные'!$D$2:$D$953,Q$3,'Исходные данные'!$F$2:$F$953,$H7&""),IF(SUMIFS('Исходные данные'!$I$2:$I$953,'Исходные данные'!$D$2:$D$953,Q$3,'Исходные данные'!$F$2:$F$953,$H7&"")=0,"0+"&SUMIFS('Исходные данные'!$J$2:$J$953,'Исходные данные'!$D$2:$D$953,Q$3,'Исходные данные'!$F$2:$F$953,$H7&"")&"="&SUMIFS('Исходные данные'!$J$2:$J$953,'Исходные данные'!$D$2:$D$953,Q$3,'Исходные данные'!$F$2:$F$953,$H7&""),SUMIFS('Исходные данные'!$I$2:$I$953,'Исходные данные'!$D$2:$D$953,Q$3,'Исходные данные'!$F$2:$F$953,$H7&"")&"+"&SUMIFS('Исходные данные'!$J$2:$J$953,'Исходные данные'!$D$2:$D$953,Q$3,'Исходные данные'!$F$2:$F$953,$H7&"")&"="&(SUMIFS('Исходные данные'!$I$2:$I$953,'Исходные данные'!$D$2:$D$953,Q$3,'Исходные данные'!$F$2:$F$953,$H7&"")+SUMIFS('Исходные данные'!$J$2:$J$953,'Исходные данные'!$D$2:$D$953,Q$3,'Исходные данные'!$F$2:$F$953,$H7&""))))) | R7: =IF(SUMIFS('Исходные данные'!$I$2:$I$953,'Исходные данные'!$D$2:$D$953,R$3,'Исходные данные'!$F$2:$F$953,$H7&"")+SUMIFS('Исходные данные'!$J$2:$J$953,'Исходные данные'!$D$2:$D$953,R$3,'Исходные данные'!$F$2:$F$953,$H7&"")=0,"",IF(SUMIFS('Исходные данные'!$J$2:$J$953,'Исходные данные'!$D$2:$D$953,R$3,'Исходные данные'!$F$2:$F$953,$H7&"")=0,SUMIFS('Исходные данные'!$I$2:$I$953,'Исходные данные'!$D$2:$D$953,R$3,'Исходные данные'!$F$2:$F$953,$H7&""),IF(SUMIFS('Исходные данные'!$I$2:$I$953,'Исходные данные'!$D$2:$D$953,R$3,'Исходные данные'!$F$2:$F$953,$H7&"")=0,"0+"&SUMIFS('Исходные данные'!$J$2:$J$953,'Исходные данные'!$D$2:$D$953,R$3,'Исходные данные'!$F$2:$F$953,$H7&"")&"="&SUMIFS('Исходные данные'!$J$2:$J$953,'Исходные данные'!$D$2:$D$953,R$3,'Исходные данные'!$F$2:$F$953,$H7&""),SUMIFS('Исходные данные'!$I$2:$I$953,'Исходные данные'!$D$2:$D$953,R$3,'Исходные данные'!$F$2:$F$953,$H7&"")&"+"&SUMIFS('Исходные данные'!$J$2:$J$953,'Исходные данные'!$D$2:$D$953,R$3,'Исходные данные'!$F$2:$F$953,$H7&"")&"="&(SUMIFS('Исходные данные'!$I$2:$I$953,'Исходные данные'!$D$2:$D$953,R$3,'Исходные данные'!$F$2:$F$953,$H7&"")+SUMIFS('Исходные данные'!$J$2:$J$953,'Исходные данные'!$D$2:$D$953,R$3,'Исходные данные'!$F$2:$F$953,$H7&""))))) | S7: =IF(SUMIFS('Исходные данные'!$I$2:$I$953,'Исходные данные'!$D$2:$D$953,S$3,'Исходные данные'!$F$2:$F$953,$H7&"")+SUMIFS('Исходные данные'!$J$2:$J$953,'Исходные данные'!$D$2:$D$953,S$3,'Исходные данные'!$F$2:$F$953,$H7&"")=0,"",IF(SUMIFS('Исходные данные'!$J$2:$J$953,'Исходные данные'!$D$2:$D$953,S$3,'Исходные данные'!$F$2:$F$953,$H7&"")=0,SUMIFS('Исходные данные'!$I$2:$I$953,'Исходные данные'!$D$2:$D$953,S$3,'Исходные данные'!$F$2:$F$953,$H7&""),IF(SUMIFS('Исходные данные'!$I$2:$I$953,'Исходные данные'!$D$2:$D$953,S$3,'Исходные данные'!$F$2:$F$953,$H7&"")=0,"0+"&SUMIFS('Исходные данные'!$J$2:$J$953,'Исходные данные'!$D$2:$D$953,S$3,'Исходные данные'!$F$2:$F$953,$H7&"")&"="&SUMIFS('Исходные данные'!$J$2:$J$953,'Исходные данные'!$D$2:$D$953,S$3,'Исходные данные'!$F$2:$F$953,$H7&""),SUMIFS('Исходные данные'!$I$2:$I$953,'Исходные данные'!$D$2:$D$953,S$3,'Исходные данные'!$F$2:$F$953,$H7&"")&"+"&SUMIFS('Исходные данные'!$J$2:$J$953,'Исходные данные'!$D$2:$D$953,S$3,'Исходные данные'!$F$2:$F$953,$H7&"")&"="&(SUMIFS('Исходные данные'!$I$2:$I$953,'Исходные данные'!$D$2:$D$953,S$3,'Исходные данные'!$F$2:$F$953,$H7&"")+SUMIFS('Исходные данные'!$J$2:$J$953,'Исходные данные'!$D$2:$D$953,S$3,'Исходные данные'!$F$2:$F$953,$H7&""))))) | T7: =IF(SUMIFS('Исходные данные'!$I$2:$I$953,'Исходные данные'!$D$2:$D$953,T$3,'Исходные данные'!$F$2:$F$953,$H7&"")+SUMIFS('Исходные данные'!$J$2:$J$953,'Исходные данные'!$D$2:$D$953,T$3,'Исходные данные'!$F$2:$F$953,$H7&"")=0,"",IF(SUMIFS('Исходные данные'!$J$2:$J$953,'Исходные данные'!$D$2:$D$953,T$3,'Исходные данные'!$F$2:$F$953,$H7&"")=0,SUMIFS('Исходные данные'!$I$2:$I$953,'Исходные данные'!$D$2:$D$953,T$3,'Исходные данные'!$F$2:$F$953,$H7&""),IF(SUMIFS('Исходные данные'!$I$2:$I$953,'Исходные данные'!$D$2:$D$953,T$3,'Исходные данные'!$F$2:$F$953,$H7&"")=0,"0+"&SUMIFS('Исходные данные'!$J$2:$J$953,'Исходные данные'!$D$2:$D$953,T$3,'Исходные данные'!$F$2:$F$953,$H7&"")&"="&SUMIFS('Исходные данные'!$J$2:$J$953,'Исходные данные'!$D$2:$D$953,T$3,'Исходные данные'!$F$2:$F$953,$H7&""),SUMIFS('Исходные данные'!$I$2:$I$953,'Исходные данные'!$D$2:$D$953,T$3,'Исходные данные'!$F$2:$F$953,$H7&"")&"+"&SUMIFS('Исходные данные'!$J$2:$J$953,'Исходные данные'!$D$2:$D$953,T$3,'Исходные данные'!$F$2:$F$953,$H7&"")&"="&(SUMIFS('Исходные данные'!$I$2:$I$953,'Исходные данные'!$D$2:$D$953,T$3,'Исходные данные'!$F$2:$F$953,$H7&"")+SUMIFS('Исходные данные'!$J$2:$J$953,'Исходные данные'!$D$2:$D$953,T$3,'Исходные данные'!$F$2:$F$953,$H7&""))))) | U7: =IF(SUMIFS('Исходные данные'!$I$2:$I$953,'Исходные данные'!$D$2:$D$953,U$3,'Исходные данные'!$F$2:$F$953,$H7&"")+SUMIFS('Исходные данные'!$J$2:$J$953,'Исходные данные'!$D$2:$D$953,U$3,'Исходные данные'!$F$2:$F$953,$H7&"")=0,"",IF(SUMIFS('Исходные данные'!$J$2:$J$953,'Исходные данные'!$D$2:$D$953,U$3,'Исходные данные'!$F$2:$F$953,$H7&"")=0,SUMIFS('Исходные данные'!$I$2:$I$953,'Исходные данные'!$D$2:$D$953,U$3,'Исходные данные'!$F$2:$F$953,$H7&""),IF(SUMIFS('Исходные данные'!$I$2:$I$953,'Исходные данные'!$D$2:$D$953,U$3,'Исходные данные'!$F$2:$F$953,$H7&"")=0,"0+"&SUMIFS('Исходные данные'!$J$2:$J$953,'Исходные данные'!$D$2:$D$953,U$3,'Исходные данные'!$F$2:$F$953,$H7&"")&"="&SUMIFS('Исходные данные'!$J$2:$J$953,'Исходные данные'!$D$2:$D$953,U$3,'Исходные данные'!$F$2:$F$953,$H7&""),SUMIFS('Исходные данные'!$I$2:$I$953,'Исходные данные'!$D$2:$D$953,U$3,'Исходные данные'!$F$2:$F$953,$H7&"")&"+"&SUMIFS('Исходные данные'!$J$2:$J$953,'Исходные данные'!$D$2:$D$953,U$3,'Исходные данные'!$F$2:$F$953,$H7&"")&"="&(SUMIFS('Исходные данные'!$I$2:$I$953,'Исходные данные'!$D$2:$D$953,U$3,'Исходные данные'!$F$2:$F$953,$H7&"")+SUMIFS('Исходные данные'!$J$2:$J$953,'Исходные данные'!$D$2:$D$953,U$3,'Исходные данные'!$F$2:$F$953,$H7&""))))) | V7: =IF(SUMIFS('Исходные данные'!$I$2:$I$953,'Исходные данные'!$D$2:$D$953,V$3,'Исходные данные'!$F$2:$F$953,$H7&"")+SUMIFS('Исходные данные'!$J$2:$J$953,'Исходные данные'!$D$2:$D$953,V$3,'Исходные данные'!$F$2:$F$953,$H7&"")=0,"",IF(SUMIFS('Исходные данные'!$J$2:$J$953,'Исходные данные'!$D$2:$D$953,V$3,'Исходные данные'!$F$2:$F$953,$H7&"")=0,SUMIFS('Исходные данные'!$I$2:$I$953,'Исходные данные'!$D$2:$D$953,V$3,'Исходные данные'!$F$2:$F$953,$H7&""),IF(SUMIFS('Исходные данные'!$I$2:$I$953,'Исходные данные'!$D$2:$D$953,V$3,'Исходные данные'!$F$2:$F$953,$H7&"")=0,"0+"&SUMIFS('Исходные данные'!$J$2:$J$953,'Исходные данные'!$D$2:$D$953,V$3,'Исходные данные'!$F$2:$F$953,$H7&"")&"="&SUMIFS('Исходные данные'!$J$2:$J$953,'Исходные данные'!$D$2:$D$953,V$3,'Исходные данные'!$F$2:$F$953,$H7&""),SUMIFS('Исходные данные'!$I$2:$I$953,'Исходные данные'!$D$2:$D$953,V$3,'Исходные данные'!$F$2:$F$953,$H7&"")&"+"&SUMIFS('Исходные данные'!$J$2:$J$953,'Исходные данные'!$D$2:$D$953,V$3,'Исходные данные'!$F$2:$F$953,$H7&"")&"="&(SUMIFS('Исходные данные'!$I$2:$I$953,'Исходные данные'!$D$2:$D$953,V$3,'Исходные данные'!$F$2:$F$953,$H7&"")+SUMIFS('Исходные данные'!$J$2:$J$953,'Исходные данные'!$D$2:$D$953,V$3,'Исходные данные'!$F$2:$F$953,$H7&""))))) | ... AA7: =IF(SUMIFS('Исходные данные'!$I$2:$I$953,'Исходные данные'!$D$2:$D$953,AA$3,'Исходные данные'!$F$2:$F$953,$H7&"")+SUMIFS('Исходные данные'!$J$2:$J$953,'Исходные данные'!$D$2:$D$953,AA$3,'Исходные данные'!$F$2:$F$953,$H7&"")=0,"",IF(SUMIFS('Исходные данные'!$J$2:$J$953,'Исходные данные'!$D$2:$D$953,AA$3,'Исходные данные'!$F$2:$F$953,$H7&"")=0,SUMIFS('Исходные данные'!$I$2:$I$953,'Исходные данные'!$D$2:$D$953,AA$3,'Исходные данные'!$F$2:$F$953,$H7&""),IF(SUMIFS('Исходные данные'!$I$2:$I$953,'Исходные данные'!$D$2:$D$953,AA$3,'Исходные данные'!$F$2:$F$953,$H7&"")=0,"0+"&SUMIFS('Исходные данные'!$J$2:$J$953,'Исходные данные'!$D$2:$D$953,AA$3,'Исходные данные'!$F$2:$F$953,$H7&"")&"="&SUMIFS('Исходные данные'!$J$2:$J$953,'Исходные данные'!$D$2:$D$953,AA$3,'Исходные данные'!$F$2:$F$953,$H7&""),SUMIFS('Исходные данные'!$I$2:$I$953,'Исходные данные'!$D$2:$D$953,AA$3,'Исходные данные'!$F$2:$F$953,$H7&"")&"+"&SUMIFS('Исходные данные'!$J$2:$J$953,'Исходные данные'!$D$2:$D$953,AA$3,'Исходные данные'!$F$2:$F$953,$H7&"")&"="&(SUMIFS('Исходные данные'!$I$2:$I$953,'Исходные данные'!$D$2:$D$953,AA$3,'Исходные данные'!$F$2:$F$953,$H7&"")+SUMIFS('Исходные данные'!$J$2:$J$953,'Исходные данные'!$D$2:$D$953,AA$3,'Исходные данные'!$F$2:$F$953,$H7&""))))) | AC7: =IF(SUMIFS('Исходные данные'!$I$2:$I$953,'Исходные данные'!$D$2:$D$953,AC$3,'Исходные данные'!$F$2:$F$953,$H7&"")+SUMIFS('Исходные данные'!$J$2:$J$953,'Исходные данные'!$D$2:$D$953,AC$3,'Исходные данные'!$F$2:$F$953,$H7&"")=0,"",IF(SUMIFS('Исходные данные'!$J$2:$J$953,'Исходные данные'!$D$2:$D$953,AC$3,'Исходные данные'!$F$2:$F$953,$H7&"")=0,SUMIFS('Исходные данные'!$I$2:$I$953,'Исходные данные'!$D$2:$D$953,AC$3,'Исходные данные'!$F$2:$F$953,$H7&""),IF(SUMIFS('Исходные данные'!$I$2:$I$953,'Исходные данные'!$D$2:$D$953,AC$3,'Исходные данные'!$F$2:$F$953,$H7&"")=0,"0+"&SUMIFS('Исходные данные'!$J$2:$J$953,'Исходные данные'!$D$2:$D$953,AC$3,'Исходные данные'!$F$2:$F$953,$H7&"")&"="&SUMIFS('Исходные данные'!$J$2:$J$953,'Исходные данные'!$D$2:$D$953,AC$3,'Исходные данные'!$F$2:$F$953,$H7&""),SUMIFS('Исходные данные'!$I$2:$I$953,'Исходные данные'!$D$2:$D$953,AC$3,'Исходные данные'!$F$2:$F$953,$H7&"")&"+"&SUMIFS('Исходные данные'!$J$2:$J$953,'Исходные данные'!$D$2:$D$953,AC$3,'Исходные данные'!$F$2:$F$953,$H7&"")&"="&(SUMIFS('Исходные данные'!$I$2:$I$953,'Исходные данные'!$D$2:$D$953,AC$3,'Исходные данные'!$F$2:$F$953,$H7&"")+SUMIFS('Исходные данные'!$J$2:$J$953,'Исходные данные'!$D$2:$D$953,AC$3,'Исходные данные'!$F$2:$F$953,$H7&""))))) | AD7: =IF(SUMIFS('Исходные данные'!$I$2:$I$953,'Исходные данные'!$D$2:$D$953,AD$3,'Исходные данные'!$F$2:$F$953,$H7&"")+SUMIFS('Исходные данные'!$J$2:$J$953,'Исходные данные'!$D$2:$D$953,AD$3,'Исходные данные'!$F$2:$F$953,$H7&"")=0,"",IF(SUMIFS('Исходные данные'!$J$2:$J$953,'Исходные данные'!$D$2:$D$953,AD$3,'Исходные данные'!$F$2:$F$953,$H7&"")=0,SUMIFS('Исходные данные'!$I$2:$I$953,'Исходные данные'!$D$2:$D$953,AD$3,'Исходные данные'!$F$2:$F$953,$H7&""),IF(SUMIFS('Исходные данные'!$I$2:$I$953,'Исходные данные'!$D$2:$D$953,AD$3,'Исходные данные'!$F$2:$F$953,$H7&"")=0,"0+"&SUMIFS('Исходные данные'!$J$2:$J$953,'Исходные данные'!$D$2:$D$953,AD$3,'Исходные данные'!$F$2:$F$953,$H7&"")&"="&SUMIFS('Исходные данные'!$J$2:$J$953,'Исходные данные'!$D$2:$D$953,AD$3,'Исходные данные'!$F$2:$F$953,$H7&""),SUMIFS('Исходные данные'!$I$2:$I$953,'Исходные данные'!$D$2:$D$953,AD$3,'Исходные данные'!$F$2:$F$953,$H7&"")&"+"&SUMIFS('Исходные данные'!$J$2:$J$953,'Исходные данные'!$D$2:$D$953,AD$3,'Исходные данные'!$F$2:$F$953,$H7&"")&"="&(SUMIFS('Исходные данные'!$I$2:$I$953,'Исходные данные'!$D$2:$D$953,AD$3,'Исходные данные'!$F$2:$F$953,$H7&"")+SUMIFS('Исходные данные'!$J$2:$J$953,'Исходные данные'!$D$2:$D$953,AD$3,'Исходные данные'!$F$2:$F$953,$H7&"")))))
A8: 6 | O8: =IF(SUMIFS('Исходные данные'!$I$2:$I$953,'Исходные данные'!$D$2:$D$953,O$3,'Исходные данные'!$F$2:$F$953,$H9&"",'Исходные данные'!$L$2:$L$953,"УТТ")+SUMIFS('Исходные данные'!$J$2:$J$953,'Исходные данные'!$D$2:$D$953,O$3,'Исходные данные'!$F$2:$F$953,$H9&"",'Исходные данные'!$L$2:$L$953,"УТТ")=0,"","утт-"&(SUMIFS('Исходные данные'!$I$2:$I$953,'Исходные данные'!$D$2:$D$953,O$3,'Исходные данные'!$F$2:$F$953,$H9&"",'Исходные данные'!$L$2:$L$953,"УТТ")+SUMIFS('Исходные данные'!$J$2:$J$953,'Исходные данные'!$D$2:$D$953,O$3,'Исходные данные'!$F$2:$F$953,$H9&"",'Исходные данные'!$L$2:$L$953,"УТТ"))) | P8: =IF(SUMIFS('Исходные данные'!$I$2:$I$953,'Исходные данные'!$D$2:$D$953,P$3,'Исходные данные'!$F$2:$F$953,$H9&"",'Исходные данные'!$L$2:$L$953,"УТТ")+SUMIFS('Исходные данные'!$J$2:$J$953,'Исходные данные'!$D$2:$D$953,P$3,'Исходные данные'!$F$2:$F$953,$H9&"",'Исходные данные'!$L$2:$L$953,"УТТ")=0,"","утт-"&(SUMIFS('Исходные данные'!$I$2:$I$953,'Исходные данные'!$D$2:$D$953,P$3,'Исходные данные'!$F$2:$F$953,$H9&"",'Исходные данные'!$L$2:$L$953,"УТТ")+SUMIFS('Исходные данные'!$J$2:$J$953,'Исходные данные'!$D$2:$D$953,P$3,'Исходные данные'!$F$2:$F$953,$H9&"",'Исходные данные'!$L$2:$L$953,"УТТ"))) | Q8: =IF(SUMIFS('Исходные данные'!$I$2:$I$953,'Исходные данные'!$D$2:$D$953,Q$3,'Исходные данные'!$F$2:$F$953,$H9&"",'Исходные данные'!$L$2:$L$953,"УТТ")+SUMIFS('Исходные данные'!$J$2:$J$953,'Исходные данные'!$D$2:$D$953,Q$3,'Исходные данные'!$F$2:$F$953,$H9&"",'Исходные данные'!$L$2:$L$953,"УТТ")=0,"","утт-"&(SUMIFS('Исходные данные'!$I$2:$I$953,'Исходные данные'!$D$2:$D$953,Q$3,'Исходные данные'!$F$2:$F$953,$H9&"",'Исходные данные'!$L$2:$L$953,"УТТ")+SUMIFS('Исходные данные'!$J$2:$J$953,'Исходные данные'!$D$2:$D$953,Q$3,'Исходные данные'!$F$2:$F$953,$H9&"",'Исходные данные'!$L$2:$L$953,"УТТ"))) | R8: =IF(SUMIFS('Исходные данные'!$I$2:$I$953,'Исходные данные'!$D$2:$D$953,R$3,'Исходные данные'!$F$2:$F$953,$H9&"",'Исходные данные'!$L$2:$L$953,"УТТ")+SUMIFS('Исходные данные'!$J$2:$J$953,'Исходные данные'!$D$2:$D$953,R$3,'Исходные данные'!$F$2:$F$953,$H9&"",'Исходные данные'!$L$2:$L$953,"УТТ")=0,"","утт-"&(SUMIFS('Исходные данные'!$I$2:$I$953,'Исходные данные'!$D$2:$D$953,R$3,'Исходные данные'!$F$2:$F$953,$H9&"",'Исходные данные'!$L$2:$L$953,"УТТ")+SUMIFS('Исходные данные'!$J$2:$J$953,'Исходные данные'!$D$2:$D$953,R$3,'Исходные данные'!$F$2:$F$953,$H9&"",'Исходные данные'!$L$2:$L$953,"УТТ"))) | S8: =IF(SUMIFS('Исходные данные'!$I$2:$I$953,'Исходные данные'!$D$2:$D$953,S$3,'Исходные данные'!$F$2:$F$953,$H9&"",'Исходные данные'!$L$2:$L$953,"УТТ")+SUMIFS('Исходные данные'!$J$2:$J$953,'Исходные данные'!$D$2:$D$953,S$3,'Исходные данные'!$F$2:$F$953,$H9&"",'Исходные данные'!$L$2:$L$953,"УТТ")=0,"","утт-"&(SUMIFS('Исходные данные'!$I$2:$I$953,'Исходные данные'!$D$2:$D$953,S$3,'Исходные данные'!$F$2:$F$953,$H9&"",'Исходные данные'!$L$2:$L$953,"УТТ")+SUMIFS('Исходные данные'!$J$2:$J$953,'Исходные данные'!$D$2:$D$953,S$3,'Исходные данные'!$F$2:$F$953,$H9&"",'Исходные данные'!$L$2:$L$953,"УТТ"))) | T8: =IF(SUMIFS('Исходные данные'!$I$2:$I$953,'Исходные данные'!$D$2:$D$953,T$3,'Исходные данные'!$F$2:$F$953,$H9&"",'Исходные данные'!$L$2:$L$953,"УТТ")+SUMIFS('Исходные данные'!$J$2:$J$953,'Исходные данные'!$D$2:$D$953,T$3,'Исходные данные'!$F$2:$F$953,$H9&"",'Исходные данные'!$L$2:$L$953,"УТТ")=0,"","утт-"&(SUMIFS('Исходные данные'!$I$2:$I$953,'Исходные данные'!$D$2:$D$953,T$3,'Исходные данные'!$F$2:$F$953,$H9&"",'Исходные данные'!$L$2:$L$953,"УТТ")+SUMIFS('Исходные данные'!$J$2:$J$953,'Исходные данные'!$D$2:$D$953,T$3,'Исходные данные'!$F$2:$F$953,$H9&"",'Исходные данные'!$L$2:$L$953,"УТТ"))) | U8: =IF(SUMIFS('Исходные данные'!$I$2:$I$953,'Исходные данные'!$D$2:$D$953,U$3,'Исходные данные'!$F$2:$F$953,$H9&"",'Исходные данные'!$L$2:$L$953,"УТТ")+SUMIFS('Исходные данные'!$J$2:$J$953,'Исходные данные'!$D$2:$D$953,U$3,'Исходные данные'!$F$2:$F$953,$H9&"",'Исходные данные'!$L$2:$L$953,"УТТ")=0,"","утт-"&(SUMIFS('Исходные данные'!$I$2:$I$953,'Исходные данные'!$D$2:$D$953,U$3,'Исходные данные'!$F$2:$F$953,$H9&"",'Исходные данные'!$L$2:$L$953,"УТТ")+SUMIFS('Исходные данные'!$J$2:$J$953,'Исходные данные'!$D$2:$D$953,U$3,'Исходные данные'!$F$2:$F$953,$H9&"",'Исходные данные'!$L$2:$L$953,"УТТ"))) | V8: =IF(SUMIFS('Исходные данные'!$I$2:$I$953,'Исходные данные'!$D$2:$D$953,V$3,'Исходные данные'!$F$2:$F$953,$H9&"",'Исходные данные'!$L$2:$L$953,"УТТ")+SUMIFS('Исходные данные'!$J$2:$J$953,'Исходные данные'!$D$2:$D$953,V$3,'Исходные данные'!$F$2:$F$953,$H9&"",'Исходные данные'!$L$2:$L$953,"УТТ")=0,"","утт-"&(SUMIFS('Исходные данные'!$I$2:$I$953,'Исходные данные'!$D$2:$D$953,V$3,'Исходные данные'!$F$2:$F$953,$H9&"",'Исходные данные'!$L$2:$L$953,"УТТ")+SUMIFS('Исходные данные'!$J$2:$J$953,'Исходные данные'!$D$2:$D$953,V$3,'Исходные данные'!$F$2:$F$953,$H9&"",'Исходные данные'!$L$2:$L$953,"УТТ"))) | ... AA8: =IF(SUMIFS('Исходные данные'!$I$2:$I$953,'Исходные данные'!$D$2:$D$953,AA$3,'Исходные данные'!$F$2:$F$953,$H9&"",'Исходные данные'!$L$2:$L$953,"УТТ")+SUMIFS('Исходные данные'!$J$2:$J$953,'Исходные данные'!$D$2:$D$953,AA$3,'Исходные данные'!$F$2:$F$953,$H9&"",'Исходные данные'!$L$2:$L$953,"УТТ")=0,"","утт-"&(SUMIFS('Исходные данные'!$I$2:$I$953,'Исходные данные'!$D$2:$D$953,AA$3,'Исходные данные'!$F$2:$F$953,$H9&"",'Исходные данные'!$L$2:$L$953,"УТТ")+SUMIFS('Исходные данные'!$J$2:$J$953,'Исходные данные'!$D$2:$D$953,AA$3,'Исходные данные'!$F$2:$F$953,$H9&"",'Исходные данные'!$L$2:$L$953,"УТТ"))) | AC8: =IF(SUMIFS('Исходные данные'!$I$2:$I$953,'Исходные данные'!$D$2:$D$953,AC$3,'Исходные данные'!$F$2:$F$953,$H9&"",'Исходные данные'!$L$2:$L$953,"УТТ")+SUMIFS('Исходные данные'!$J$2:$J$953,'Исходные данные'!$D$2:$D$953,AC$3,'Исходные данные'!$F$2:$F$953,$H9&"",'Исходные данные'!$L$2:$L$953,"УТТ")=0,"","утт-"&(SUMIFS('Исходные данные'!$I$2:$I$953,'Исходные данные'!$D$2:$D$953,AC$3,'Исходные данные'!$F$2:$F$953,$H9&"",'Исходные данные'!$L$2:$L$953,"УТТ")+SUMIFS('Исходные данные'!$J$2:$J$953,'Исходные данные'!$D$2:$D$953,AC$3,'Исходные данные'!$F$2:$F$953,$H9&"",'Исходные данные'!$L$2:$L$953,"УТТ"))) | AD8: =IF(SUMIFS('Исходные данные'!$I$2:$I$953,'Исходные данные'!$D$2:$D$953,AD$3,'Исходные данные'!$F$2:$F$953,$H9&"",'Исходные данные'!$L$2:$L$953,"УТТ")+SUMIFS('Исходные данные'!$J$2:$J$953,'Исходные данные'!$D$2:$D$953,AD$3,'Исходные данные'!$F$2:$F$953,$H9&"",'Исходные данные'!$L$2:$L$953,"УТТ")=0,"","утт-"&(SUMIFS('Исходные данные'!$I$2:$I$953,'Исходные данные'!$D$2:$D$953,AD$3,'Исходные данные'!$F$2:$F$953,$H9&"",'Исходные данные'!$L$2:$L$953,"УТТ")+SUMIFS('Исходные данные'!$J$2:$J$953,'Исходные данные'!$D$2:$D$953,AD$3,'Исходные данные'!$F$2:$F$953,$H9&"",'Исходные данные'!$L$2:$L$953,"УТТ")))
A9: 7 | H9: 49 | I9: Вакуум уст. | J9: =IFERROR(INDEX('Выход ТС'!$C:$C,MATCH($H9&"",'Выход ТС'!$A:$A,0)),"") | K9: =IFERROR(INDEX('Выход ТС'!$D:$D,MATCH($H9&"",'Выход ТС'!$A:$A,0)),"") | L9: =IFERROR(INDEX('Выход ТС'!$E:$E,MATCH($H9&"",'Выход ТС'!$A:$A,0)),"") | M9: =IFERROR(IF(INDEX('Выход ТС'!$F:$F,MATCH($H9&"",'Выход ТС'!$A:$A,0))=0,"",INDEX('Выход ТС'!$F:$F,MATCH($H9&"",'Выход ТС'!$A:$A,0))),"") | N9: =IFERROR(IF(INDEX('Выход ТС'!$G:$G,MATCH($H9&"",'Выход ТС'!$A:$A,0))=0,"",INDEX('Выход ТС'!$G:$G,MATCH($H9&"",'Выход ТС'!$A:$A,0))),"") | O9: =IF(SUMIFS('Исходные данные'!$I$2:$I$953,'Исходные данные'!$D$2:$D$953,O$3,'Исходные данные'!$F$2:$F$953,$H9&"")+SUMIFS('Исходные данные'!$J$2:$J$953,'Исходные данные'!$D$2:$D$953,O$3,'Исходные данные'!$F$2:$F$953,$H9&"")=0,"",IF(SUMIFS('Исходные данные'!$J$2:$J$953,'Исходные данные'!$D$2:$D$953,O$3,'Исходные данные'!$F$2:$F$953,$H9&"")=0,SUMIFS('Исходные данные'!$I$2:$I$953,'Исходные данные'!$D$2:$D$953,O$3,'Исходные данные'!$F$2:$F$953,$H9&""),IF(SUMIFS('Исходные данные'!$I$2:$I$953,'Исходные данные'!$D$2:$D$953,O$3,'Исходные данные'!$F$2:$F$953,$H9&"")=0,"0+"&SUMIFS('Исходные данные'!$J$2:$J$953,'Исходные данные'!$D$2:$D$953,O$3,'Исходные данные'!$F$2:$F$953,$H9&"")&"="&SUMIFS('Исходные данные'!$J$2:$J$953,'Исходные данные'!$D$2:$D$953,O$3,'Исходные данные'!$F$2:$F$953,$H9&""),SUMIFS('Исходные данные'!$I$2:$I$953,'Исходные данные'!$D$2:$D$953,O$3,'Исходные данные'!$F$2:$F$953,$H9&"")&"+"&SUMIFS('Исходные данные'!$J$2:$J$953,'Исходные данные'!$D$2:$D$953,O$3,'Исходные данные'!$F$2:$F$953,$H9&"")&"="&(SUMIFS('Исходные данные'!$I$2:$I$953,'Исходные данные'!$D$2:$D$953,O$3,'Исходные данные'!$F$2:$F$953,$H9&"")+SUMIFS('Исходные данные'!$J$2:$J$953,'Исходные данные'!$D$2:$D$953,O$3,'Исходные данные'!$F$2:$F$953,$H9&""))))) | P9: =IF(SUMIFS('Исходные данные'!$I$2:$I$953,'Исходные данные'!$D$2:$D$953,P$3,'Исходные данные'!$F$2:$F$953,$H9&"")+SUMIFS('Исходные данные'!$J$2:$J$953,'Исходные данные'!$D$2:$D$953,P$3,'Исходные данные'!$F$2:$F$953,$H9&"")=0,"",IF(SUMIFS('Исходные данные'!$J$2:$J$953,'Исходные данные'!$D$2:$D$953,P$3,'Исходные данные'!$F$2:$F$953,$H9&"")=0,SUMIFS('Исходные данные'!$I$2:$I$953,'Исходные данные'!$D$2:$D$953,P$3,'Исходные данные'!$F$2:$F$953,$H9&""),IF(SUMIFS('Исходные данные'!$I$2:$I$953,'Исходные данные'!$D$2:$D$953,P$3,'Исходные данные'!$F$2:$F$953,$H9&"")=0,"0+"&SUMIFS('Исходные данные'!$J$2:$J$953,'Исходные данные'!$D$2:$D$953,P$3,'Исходные данные'!$F$2:$F$953,$H9&"")&"="&SUMIFS('Исходные данные'!$J$2:$J$953,'Исходные данные'!$D$2:$D$953,P$3,'Исходные данные'!$F$2:$F$953,$H9&""),SUMIFS('Исходные данные'!$I$2:$I$953,'Исходные данные'!$D$2:$D$953,P$3,'Исходные данные'!$F$2:$F$953,$H9&"")&"+"&SUMIFS('Исходные данные'!$J$2:$J$953,'Исходные данные'!$D$2:$D$953,P$3,'Исходные данные'!$F$2:$F$953,$H9&"")&"="&(SUMIFS('Исходные данные'!$I$2:$I$953,'Исходные данные'!$D$2:$D$953,P$3,'Исходные данные'!$F$2:$F$953,$H9&"")+SUMIFS('Исходные данные'!$J$2:$J$953,'Исходные данные'!$D$2:$D$953,P$3,'Исходные данные'!$F$2:$F$953,$H9&""))))) | Q9: =IF(SUMIFS('Исходные данные'!$I$2:$I$953,'Исходные данные'!$D$2:$D$953,Q$3,'Исходные данные'!$F$2:$F$953,$H9&"")+SUMIFS('Исходные данные'!$J$2:$J$953,'Исходные данные'!$D$2:$D$953,Q$3,'Исходные данные'!$F$2:$F$953,$H9&"")=0,"",IF(SUMIFS('Исходные данные'!$J$2:$J$953,'Исходные данные'!$D$2:$D$953,Q$3,'Исходные данные'!$F$2:$F$953,$H9&"")=0,SUMIFS('Исходные данные'!$I$2:$I$953,'Исходные данные'!$D$2:$D$953,Q$3,'Исходные данные'!$F$2:$F$953,$H9&""),IF(SUMIFS('Исходные данные'!$I$2:$I$953,'Исходные данные'!$D$2:$D$953,Q$3,'Исходные данные'!$F$2:$F$953,$H9&"")=0,"0+"&SUMIFS('Исходные данные'!$J$2:$J$953,'Исходные данные'!$D$2:$D$953,Q$3,'Исходные данные'!$F$2:$F$953,$H9&"")&"="&SUMIFS('Исходные данные'!$J$2:$J$953,'Исходные данные'!$D$2:$D$953,Q$3,'Исходные данные'!$F$2:$F$953,$H9&""),SUMIFS('Исходные данные'!$I$2:$I$953,'Исходные данные'!$D$2:$D$953,Q$3,'Исходные данные'!$F$2:$F$953,$H9&"")&"+"&SUMIFS('Исходные данные'!$J$2:$J$953,'Исходные данные'!$D$2:$D$953,Q$3,'Исходные данные'!$F$2:$F$953,$H9&"")&"="&(SUMIFS('Исходные данные'!$I$2:$I$953,'Исходные данные'!$D$2:$D$953,Q$3,'Исходные данные'!$F$2:$F$953,$H9&"")+SUMIFS('Исходные данные'!$J$2:$J$953,'Исходные данные'!$D$2:$D$953,Q$3,'Исходные данные'!$F$2:$F$953,$H9&""))))) | R9: =IF(SUMIFS('Исходные данные'!$I$2:$I$953,'Исходные данные'!$D$2:$D$953,R$3,'Исходные данные'!$F$2:$F$953,$H9&"")+SUMIFS('Исходные данные'!$J$2:$J$953,'Исходные данные'!$D$2:$D$953,R$3,'Исходные данные'!$F$2:$F$953,$H9&"")=0,"",IF(SUMIFS('Исходные данные'!$J$2:$J$953,'Исходные данные'!$D$2:$D$953,R$3,'Исходные данные'!$F$2:$F$953,$H9&"")=0,SUMIFS('Исходные данные'!$I$2:$I$953,'Исходные данные'!$D$2:$D$953,R$3,'Исходные данные'!$F$2:$F$953,$H9&""),IF(SUMIFS('Исходные данные'!$I$2:$I$953,'Исходные данные'!$D$2:$D$953,R$3,'Исходные данные'!$F$2:$F$953,$H9&"")=0,"0+"&SUMIFS('Исходные данные'!$J$2:$J$953,'Исходные данные'!$D$2:$D$953,R$3,'Исходные данные'!$F$2:$F$953,$H9&"")&"="&SUMIFS('Исходные данные'!$J$2:$J$953,'Исходные данные'!$D$2:$D$953,R$3,'Исходные данные'!$F$2:$F$953,$H9&""),SUMIFS('Исходные данные'!$I$2:$I$953,'Исходные данные'!$D$2:$D$953,R$3,'Исходные данные'!$F$2:$F$953,$H9&"")&"+"&SUMIFS('Исходные данные'!$J$2:$J$953,'Исходные данные'!$D$2:$D$953,R$3,'Исходные данные'!$F$2:$F$953,$H9&"")&"="&(SUMIFS('Исходные данные'!$I$2:$I$953,'Исходные данные'!$D$2:$D$953,R$3,'Исходные данные'!$F$2:$F$953,$H9&"")+SUMIFS('Исходные данные'!$J$2:$J$953,'Исходные данные'!$D$2:$D$953,R$3,'Исходные данные'!$F$2:$F$953,$H9&""))))) | S9: =IF(SUMIFS('Исходные данные'!$I$2:$I$953,'Исходные данные'!$D$2:$D$953,S$3,'Исходные данные'!$F$2:$F$953,$H9&"")+SUMIFS('Исходные данные'!$J$2:$J$953,'Исходные данные'!$D$2:$D$953,S$3,'Исходные данные'!$F$2:$F$953,$H9&"")=0,"",IF(SUMIFS('Исходные данные'!$J$2:$J$953,'Исходные данные'!$D$2:$D$953,S$3,'Исходные данные'!$F$2:$F$953,$H9&"")=0,SUMIFS('Исходные данные'!$I$2:$I$953,'Исходные данные'!$D$2:$D$953,S$3,'Исходные данные'!$F$2:$F$953,$H9&""),IF(SUMIFS('Исходные данные'!$I$2:$I$953,'Исходные данные'!$D$2:$D$953,S$3,'Исходные данные'!$F$2:$F$953,$H9&"")=0,"0+"&SUMIFS('Исходные данные'!$J$2:$J$953,'Исходные данные'!$D$2:$D$953,S$3,'Исходные данные'!$F$2:$F$953,$H9&"")&"="&SUMIFS('Исходные данные'!$J$2:$J$953,'Исходные данные'!$D$2:$D$953,S$3,'Исходные данные'!$F$2:$F$953,$H9&""),SUMIFS('Исходные данные'!$I$2:$I$953,'Исходные данные'!$D$2:$D$953,S$3,'Исходные данные'!$F$2:$F$953,$H9&"")&"+"&SUMIFS('Исходные данные'!$J$2:$J$953,'Исходные данные'!$D$2:$D$953,S$3,'Исходные данные'!$F$2:$F$953,$H9&"")&"="&(SUMIFS('Исходные данные'!$I$2:$I$953,'Исходные данные'!$D$2:$D$953,S$3,'Исходные данные'!$F$2:$F$953,$H9&"")+SUMIFS('Исходные данные'!$J$2:$J$953,'Исходные данные'!$D$2:$D$953,S$3,'Исходные данные'!$F$2:$F$953,$H9&""))))) | T9: =IF(SUMIFS('Исходные данные'!$I$2:$I$953,'Исходные данные'!$D$2:$D$953,T$3,'Исходные данные'!$F$2:$F$953,$H9&"")+SUMIFS('Исходные данные'!$J$2:$J$953,'Исходные данные'!$D$2:$D$953,T$3,'Исходные данные'!$F$2:$F$953,$H9&"")=0,"",IF(SUMIFS('Исходные данные'!$J$2:$J$953,'Исходные данные'!$D$2:$D$953,T$3,'Исходные данные'!$F$2:$F$953,$H9&"")=0,SUMIFS('Исходные данные'!$I$2:$I$953,'Исходные данные'!$D$2:$D$953,T$3,'Исходные данные'!$F$2:$F$953,$H9&""),IF(SUMIFS('Исходные данные'!$I$2:$I$953,'Исходные данные'!$D$2:$D$953,T$3,'Исходные данные'!$F$2:$F$953,$H9&"")=0,"0+"&SUMIFS('Исходные данные'!$J$2:$J$953,'Исходные данные'!$D$2:$D$953,T$3,'Исходные данные'!$F$2:$F$953,$H9&"")&"="&SUMIFS('Исходные данные'!$J$2:$J$953,'Исходные данные'!$D$2:$D$953,T$3,'Исходные данные'!$F$2:$F$953,$H9&""),SUMIFS('Исходные данные'!$I$2:$I$953,'Исходные данные'!$D$2:$D$953,T$3,'Исходные данные'!$F$2:$F$953,$H9&"")&"+"&SUMIFS('Исходные данные'!$J$2:$J$953,'Исходные данные'!$D$2:$D$953,T$3,'Исходные данные'!$F$2:$F$953,$H9&"")&"="&(SUMIFS('Исходные данные'!$I$2:$I$953,'Исходные данные'!$D$2:$D$953,T$3,'Исходные данные'!$F$2:$F$953,$H9&"")+SUMIFS('Исходные данные'!$J$2:$J$953,'Исходные данные'!$D$2:$D$953,T$3,'Исходные данные'!$F$2:$F$953,$H9&""))))) | U9: =IF(SUMIFS('Исходные данные'!$I$2:$I$953,'Исходные данные'!$D$2:$D$953,U$3,'Исходные данные'!$F$2:$F$953,$H9&"")+SUMIFS('Исходные данные'!$J$2:$J$953,'Исходные данные'!$D$2:$D$953,U$3,'Исходные данные'!$F$2:$F$953,$H9&"")=0,"",IF(SUMIFS('Исходные данные'!$J$2:$J$953,'Исходные данные'!$D$2:$D$953,U$3,'Исходные данные'!$F$2:$F$953,$H9&"")=0,SUMIFS('Исходные данные'!$I$2:$I$953,'Исходные данные'!$D$2:$D$953,U$3,'Исходные данные'!$F$2:$F$953,$H9&""),IF(SUMIFS('Исходные данные'!$I$2:$I$953,'Исходные данные'!$D$2:$D$953,U$3,'Исходные данные'!$F$2:$F$953,$H9&"")=0,"0+"&SUMIFS('Исходные данные'!$J$2:$J$953,'Исходные данные'!$D$2:$D$953,U$3,'Исходные данные'!$F$2:$F$953,$H9&"")&"="&SUMIFS('Исходные данные'!$J$2:$J$953,'Исходные данные'!$D$2:$D$953,U$3,'Исходные данные'!$F$2:$F$953,$H9&""),SUMIFS('Исходные данные'!$I$2:$I$953,'Исходные данные'!$D$2:$D$953,U$3,'Исходные данные'!$F$2:$F$953,$H9&"")&"+"&SUMIFS('Исходные данные'!$J$2:$J$953,'Исходные данные'!$D$2:$D$953,U$3,'Исходные данные'!$F$2:$F$953,$H9&"")&"="&(SUMIFS('Исходные данные'!$I$2:$I$953,'Исходные данные'!$D$2:$D$953,U$3,'Исходные данные'!$F$2:$F$953,$H9&"")+SUMIFS('Исходные данные'!$J$2:$J$953,'Исходные данные'!$D$2:$D$953,U$3,'Исходные данные'!$F$2:$F$953,$H9&""))))) | V9: =IF(SUMIFS('Исходные данные'!$I$2:$I$953,'Исходные данные'!$D$2:$D$953,V$3,'Исходные данные'!$F$2:$F$953,$H9&"")+SUMIFS('Исходные данные'!$J$2:$J$953,'Исходные данные'!$D$2:$D$953,V$3,'Исходные данные'!$F$2:$F$953,$H9&"")=0,"",IF(SUMIFS('Исходные данные'!$J$2:$J$953,'Исходные данные'!$D$2:$D$953,V$3,'Исходные данные'!$F$2:$F$953,$H9&"")=0,SUMIFS('Исходные данные'!$I$2:$I$953,'Исходные данные'!$D$2:$D$953,V$3,'Исходные данные'!$F$2:$F$953,$H9&""),IF(SUMIFS('Исходные данные'!$I$2:$I$953,'Исходные данные'!$D$2:$D$953,V$3,'Исходные данные'!$F$2:$F$953,$H9&"")=0,"0+"&SUMIFS('Исходные данные'!$J$2:$J$953,'Исходные данные'!$D$2:$D$953,V$3,'Исходные данные'!$F$2:$F$953,$H9&"")&"="&SUMIFS('Исходные данные'!$J$2:$J$953,'Исходные данные'!$D$2:$D$953,V$3,'Исходные данные'!$F$2:$F$953,$H9&""),SUMIFS('Исходные данные'!$I$2:$I$953,'Исходные данные'!$D$2:$D$953,V$3,'Исходные данные'!$F$2:$F$953,$H9&"")&"+"&SUMIFS('Исходные данные'!$J$2:$J$953,'Исходные данные'!$D$2:$D$953,V$3,'Исходные данные'!$F$2:$F$953,$H9&"")&"="&(SUMIFS('Исходные данные'!$I$2:$I$953,'Исходные данные'!$D$2:$D$953,V$3,'Исходные данные'!$F$2:$F$953,$H9&"")+SUMIFS('Исходные данные'!$J$2:$J$953,'Исходные данные'!$D$2:$D$953,V$3,'Исходные данные'!$F$2:$F$953,$H9&""))))) | ... AA9: =IF(SUMIFS('Исходные данные'!$I$2:$I$953,'Исходные данные'!$D$2:$D$953,AA$3,'Исходные данные'!$F$2:$F$953,$H9&"")+SUMIFS('Исходные данные'!$J$2:$J$953,'Исходные данные'!$D$2:$D$953,AA$3,'Исходные данные'!$F$2:$F$953,$H9&"")=0,"",IF(SUMIFS('Исходные данные'!$J$2:$J$953,'Исходные данные'!$D$2:$D$953,AA$3,'Исходные данные'!$F$2:$F$953,$H9&"")=0,SUMIFS('Исходные данные'!$I$2:$I$953,'Исходные данные'!$D$2:$D$953,AA$3,'Исходные данные'!$F$2:$F$953,$H9&""),IF(SUMIFS('Исходные данные'!$I$2:$I$953,'Исходные данные'!$D$2:$D$953,AA$3,'Исходные данные'!$F$2:$F$953,$H9&"")=0,"0+"&SUMIFS('Исходные данные'!$J$2:$J$953,'Исходные данные'!$D$2:$D$953,AA$3,'Исходные данные'!$F$2:$F$953,$H9&"")&"="&SUMIFS('Исходные данные'!$J$2:$J$953,'Исходные данные'!$D$2:$D$953,AA$3,'Исходные данные'!$F$2:$F$953,$H9&""),SUMIFS('Исходные данные'!$I$2:$I$953,'Исходные данные'!$D$2:$D$953,AA$3,'Исходные данные'!$F$2:$F$953,$H9&"")&"+"&SUMIFS('Исходные данные'!$J$2:$J$953,'Исходные данные'!$D$2:$D$953,AA$3,'Исходные данные'!$F$2:$F$953,$H9&"")&"="&(SUMIFS('Исходные данные'!$I$2:$I$953,'Исходные данные'!$D$2:$D$953,AA$3,'Исходные данные'!$F$2:$F$953,$H9&"")+SUMIFS('Исходные данные'!$J$2:$J$953,'Исходные данные'!$D$2:$D$953,AA$3,'Исходные данные'!$F$2:$F$953,$H9&""))))) | AC9: =IF(SUMIFS('Исходные данные'!$I$2:$I$953,'Исходные данные'!$D$2:$D$953,AC$3,'Исходные данные'!$F$2:$F$953,$H9&"")+SUMIFS('Исходные данные'!$J$2:$J$953,'Исходные данные'!$D$2:$D$953,AC$3,'Исходные данные'!$F$2:$F$953,$H9&"")=0,"",IF(SUMIFS('Исходные данные'!$J$2:$J$953,'Исходные данные'!$D$2:$D$953,AC$3,'Исходные данные'!$F$2:$F$953,$H9&"")=0,SUMIFS('Исходные данные'!$I$2:$I$953,'Исходные данные'!$D$2:$D$953,AC$3,'Исходные данные'!$F$2:$F$953,$H9&""),IF(SUMIFS('Исходные данные'!$I$2:$I$953,'Исходные данные'!$D$2:$D$953,AC$3,'Исходные данные'!$F$2:$F$953,$H9&"")=0,"0+"&SUMIFS('Исходные данные'!$J$2:$J$953,'Исходные данные'!$D$2:$D$953,AC$3,'Исходные данные'!$F$2:$F$953,$H9&"")&"="&SUMIFS('Исходные данные'!$J$2:$J$953,'Исходные данные'!$D$2:$D$953,AC$3,'Исходные данные'!$F$2:$F$953,$H9&""),SUMIFS('Исходные данные'!$I$2:$I$953,'Исходные данные'!$D$2:$D$953,AC$3,'Исходные данные'!$F$2:$F$953,$H9&"")&"+"&SUMIFS('Исходные данные'!$J$2:$J$953,'Исходные данные'!$D$2:$D$953,AC$3,'Исходные данные'!$F$2:$F$953,$H9&"")&"="&(SUMIFS('Исходные данные'!$I$2:$I$953,'Исходные данные'!$D$2:$D$953,AC$3,'Исходные данные'!$F$2:$F$953,$H9&"")+SUMIFS('Исходные данные'!$J$2:$J$953,'Исходные данные'!$D$2:$D$953,AC$3,'Исходные данные'!$F$2:$F$953,$H9&""))))) | AD9: =IF(SUMIFS('Исходные данные'!$I$2:$I$953,'Исходные данные'!$D$2:$D$953,AD$3,'Исходные данные'!$F$2:$F$953,$H9&"")+SUMIFS('Исходные данные'!$J$2:$J$953,'Исходные данные'!$D$2:$D$953,AD$3,'Исходные данные'!$F$2:$F$953,$H9&"")=0,"",IF(SUMIFS('Исходные данные'!$J$2:$J$953,'Исходные данные'!$D$2:$D$953,AD$3,'Исходные данные'!$F$2:$F$953,$H9&"")=0,SUMIFS('Исходные данные'!$I$2:$I$953,'Исходные данные'!$D$2:$D$953,AD$3,'Исходные данные'!$F$2:$F$953,$H9&""),IF(SUMIFS('Исходные данные'!$I$2:$I$953,'Исходные данные'!$D$2:$D$953,AD$3,'Исходные данные'!$F$2:$F$953,$H9&"")=0,"0+"&SUMIFS('Исходные данные'!$J$2:$J$953,'Исходные данные'!$D$2:$D$953,AD$3,'Исходные данные'!$F$2:$F$953,$H9&"")&"="&SUMIFS('Исходные данные'!$J$2:$J$953,'Исходные данные'!$D$2:$D$953,AD$3,'Исходные данные'!$F$2:$F$953,$H9&""),SUMIFS('Исходные данные'!$I$2:$I$953,'Исходные данные'!$D$2:$D$953,AD$3,'Исходные данные'!$F$2:$F$953,$H9&"")&"+"&SUMIFS('Исходные данные'!$J$2:$J$953,'Исходные данные'!$D$2:$D$953,AD$3,'Исходные данные'!$F$2:$F$953,$H9&"")&"="&(SUMIFS('Исходные данные'!$I$2:$I$953,'Исходные данные'!$D$2:$D$953,AD$3,'Исходные данные'!$F$2:$F$953,$H9&"")+SUMIFS('Исходные данные'!$J$2:$J$953,'Исходные данные'!$D$2:$D$953,AD$3,'Исходные данные'!$F$2:$F$953,$H9&"")))))
A10: 8 | O10: =IF(SUMIFS('Исходные данные'!$I$2:$I$953,'Исходные данные'!$D$2:$D$953,O$3,'Исходные данные'!$F$2:$F$953,$H11&"",'Исходные данные'!$L$2:$L$953,"УТТ")+SUMIFS('Исходные данные'!$J$2:$J$953,'Исходные данные'!$D$2:$D$953,O$3,'Исходные данные'!$F$2:$F$953,$H11&"",'Исходные данные'!$L$2:$L$953,"УТТ")=0,"","утт-"&(SUMIFS('Исходные данные'!$I$2:$I$953,'Исходные данные'!$D$2:$D$953,O$3,'Исходные данные'!$F$2:$F$953,$H11&"",'Исходные данные'!$L$2:$L$953,"УТТ")+SUMIFS('Исходные данные'!$J$2:$J$953,'Исходные данные'!$D$2:$D$953,O$3,'Исходные данные'!$F$2:$F$953,$H11&"",'Исходные данные'!$L$2:$L$953,"УТТ"))) | P10: =IF(SUMIFS('Исходные данные'!$I$2:$I$953,'Исходные данные'!$D$2:$D$953,P$3,'Исходные данные'!$F$2:$F$953,$H11&"",'Исходные данные'!$L$2:$L$953,"УТТ")+SUMIFS('Исходные данные'!$J$2:$J$953,'Исходные данные'!$D$2:$D$953,P$3,'Исходные данные'!$F$2:$F$953,$H11&"",'Исходные данные'!$L$2:$L$953,"УТТ")=0,"","утт-"&(SUMIFS('Исходные данные'!$I$2:$I$953,'Исходные данные'!$D$2:$D$953,P$3,'Исходные данные'!$F$2:$F$953,$H11&"",'Исходные данные'!$L$2:$L$953,"УТТ")+SUMIFS('Исходные данные'!$J$2:$J$953,'Исходные данные'!$D$2:$D$953,P$3,'Исходные данные'!$F$2:$F$953,$H11&"",'Исходные данные'!$L$2:$L$953,"УТТ"))) | Q10: =IF(SUMIFS('Исходные данные'!$I$2:$I$953,'Исходные данные'!$D$2:$D$953,Q$3,'Исходные данные'!$F$2:$F$953,$H11&"",'Исходные данные'!$L$2:$L$953,"УТТ")+SUMIFS('Исходные данные'!$J$2:$J$953,'Исходные данные'!$D$2:$D$953,Q$3,'Исходные данные'!$F$2:$F$953,$H11&"",'Исходные данные'!$L$2:$L$953,"УТТ")=0,"","утт-"&(SUMIFS('Исходные данные'!$I$2:$I$953,'Исходные данные'!$D$2:$D$953,Q$3,'Исходные данные'!$F$2:$F$953,$H11&"",'Исходные данные'!$L$2:$L$953,"УТТ")+SUMIFS('Исходные данные'!$J$2:$J$953,'Исходные данные'!$D$2:$D$953,Q$3,'Исходные данные'!$F$2:$F$953,$H11&"",'Исходные данные'!$L$2:$L$953,"УТТ"))) | R10: =IF(SUMIFS('Исходные данные'!$I$2:$I$953,'Исходные данные'!$D$2:$D$953,R$3,'Исходные данные'!$F$2:$F$953,$H11&"",'Исходные данные'!$L$2:$L$953,"УТТ")+SUMIFS('Исходные данные'!$J$2:$J$953,'Исходные данные'!$D$2:$D$953,R$3,'Исходные данные'!$F$2:$F$953,$H11&"",'Исходные данные'!$L$2:$L$953,"УТТ")=0,"","утт-"&(SUMIFS('Исходные данные'!$I$2:$I$953,'Исходные данные'!$D$2:$D$953,R$3,'Исходные данные'!$F$2:$F$953,$H11&"",'Исходные данные'!$L$2:$L$953,"УТТ")+SUMIFS('Исходные данные'!$J$2:$J$953,'Исходные данные'!$D$2:$D$953,R$3,'Исходные данные'!$F$2:$F$953,$H11&"",'Исходные данные'!$L$2:$L$953,"УТТ"))) | S10: =IF(SUMIFS('Исходные данные'!$I$2:$I$953,'Исходные данные'!$D$2:$D$953,S$3,'Исходные данные'!$F$2:$F$953,$H11&"",'Исходные данные'!$L$2:$L$953,"УТТ")+SUMIFS('Исходные данные'!$J$2:$J$953,'Исходные данные'!$D$2:$D$953,S$3,'Исходные данные'!$F$2:$F$953,$H11&"",'Исходные данные'!$L$2:$L$953,"УТТ")=0,"","утт-"&(SUMIFS('Исходные данные'!$I$2:$I$953,'Исходные данные'!$D$2:$D$953,S$3,'Исходные данные'!$F$2:$F$953,$H11&"",'Исходные данные'!$L$2:$L$953,"УТТ")+SUMIFS('Исходные данные'!$J$2:$J$953,'Исходные данные'!$D$2:$D$953,S$3,'Исходные данные'!$F$2:$F$953,$H11&"",'Исходные данные'!$L$2:$L$953,"УТТ"))) | T10: =IF(SUMIFS('Исходные данные'!$I$2:$I$953,'Исходные данные'!$D$2:$D$953,T$3,'Исходные данные'!$F$2:$F$953,$H11&"",'Исходные данные'!$L$2:$L$953,"УТТ")+SUMIFS('Исходные данные'!$J$2:$J$953,'Исходные данные'!$D$2:$D$953,T$3,'Исходные данные'!$F$2:$F$953,$H11&"",'Исходные данные'!$L$2:$L$953,"УТТ")=0,"","утт-"&(SUMIFS('Исходные данные'!$I$2:$I$953,'Исходные данные'!$D$2:$D$953,T$3,'Исходные данные'!$F$2:$F$953,$H11&"",'Исходные данные'!$L$2:$L$953,"УТТ")+SUMIFS('Исходные данные'!$J$2:$J$953,'Исходные данные'!$D$2:$D$953,T$3,'Исходные данные'!$F$2:$F$953,$H11&"",'Исходные данные'!$L$2:$L$953,"УТТ"))) | U10: =IF(SUMIFS('Исходные данные'!$I$2:$I$953,'Исходные данные'!$D$2:$D$953,U$3,'Исходные данные'!$F$2:$F$953,$H11&"",'Исходные данные'!$L$2:$L$953,"УТТ")+SUMIFS('Исходные данные'!$J$2:$J$953,'Исходные данные'!$D$2:$D$953,U$3,'Исходные данные'!$F$2:$F$953,$H11&"",'Исходные данные'!$L$2:$L$953,"УТТ")=0,"","утт-"&(SUMIFS('Исходные данные'!$I$2:$I$953,'Исходные данные'!$D$2:$D$953,U$3,'Исходные данные'!$F$2:$F$953,$H11&"",'Исходные данные'!$L$2:$L$953,"УТТ")+SUMIFS('Исходные данные'!$J$2:$J$953,'Исходные данные'!$D$2:$D$953,U$3,'Исходные данные'!$F$2:$F$953,$H11&"",'Исходные данные'!$L$2:$L$953,"УТТ"))) | V10: =IF(SUMIFS('Исходные данные'!$I$2:$I$953,'Исходные данные'!$D$2:$D$953,V$3,'Исходные данные'!$F$2:$F$953,$H11&"",'Исходные данные'!$L$2:$L$953,"УТТ")+SUMIFS('Исходные данные'!$J$2:$J$953,'Исходные данные'!$D$2:$D$953,V$3,'Исходные данные'!$F$2:$F$953,$H11&"",'Исходные данные'!$L$2:$L$953,"УТТ")=0,"","утт-"&(SUMIFS('Исходные данные'!$I$2:$I$953,'Исходные данные'!$D$2:$D$953,V$3,'Исходные данные'!$F$2:$F$953,$H11&"",'Исходные данные'!$L$2:$L$953,"УТТ")+SUMIFS('Исходные данные'!$J$2:$J$953,'Исходные данные'!$D$2:$D$953,V$3,'Исходные данные'!$F$2:$F$953,$H11&"",'Исходные данные'!$L$2:$L$953,"УТТ"))) | ... AA10: =IF(SUMIFS('Исходные данные'!$I$2:$I$953,'Исходные данные'!$D$2:$D$953,AA$3,'Исходные данные'!$F$2:$F$953,$H11&"",'Исходные данные'!$L$2:$L$953,"УТТ")+SUMIFS('Исходные данные'!$J$2:$J$953,'Исходные данные'!$D$2:$D$953,AA$3,'Исходные данные'!$F$2:$F$953,$H11&"",'Исходные данные'!$L$2:$L$953,"УТТ")=0,"","утт-"&(SUMIFS('Исходные данные'!$I$2:$I$953,'Исходные данные'!$D$2:$D$953,AA$3,'Исходные данные'!$F$2:$F$953,$H11&"",'Исходные данные'!$L$2:$L$953,"УТТ")+SUMIFS('Исходные данные'!$J$2:$J$953,'Исходные данные'!$D$2:$D$953,AA$3,'Исходные данные'!$F$2:$F$953,$H11&"",'Исходные данные'!$L$2:$L$953,"УТТ"))) | AC10: =IF(SUMIFS('Исходные данные'!$I$2:$I$953,'Исходные данные'!$D$2:$D$953,AC$3,'Исходные данные'!$F$2:$F$953,$H11&"",'Исходные данные'!$L$2:$L$953,"УТТ")+SUMIFS('Исходные данные'!$J$2:$J$953,'Исходные данные'!$D$2:$D$953,AC$3,'Исходные данные'!$F$2:$F$953,$H11&"",'Исходные данные'!$L$2:$L$953,"УТТ")=0,"","утт-"&(SUMIFS('Исходные данные'!$I$2:$I$953,'Исходные данные'!$D$2:$D$953,AC$3,'Исходные данные'!$F$2:$F$953,$H11&"",'Исходные данные'!$L$2:$L$953,"УТТ")+SUMIFS('Исходные данные'!$J$2:$J$953,'Исходные данные'!$D$2:$D$953,AC$3,'Исходные данные'!$F$2:$F$953,$H11&"",'Исходные данные'!$L$2:$L$953,"УТТ"))) | AD10: =IF(SUMIFS('Исходные данные'!$I$2:$I$953,'Исходные данные'!$D$2:$D$953,AD$3,'Исходные данные'!$F$2:$F$953,$H11&"",'Исходные данные'!$L$2:$L$953,"УТТ")+SUMIFS('Исходные данные'!$J$2:$J$953,'Исходные данные'!$D$2:$D$953,AD$3,'Исходные данные'!$F$2:$F$953,$H11&"",'Исходные данные'!$L$2:$L$953,"УТТ")=0,"","утт-"&(SUMIFS('Исходные данные'!$I$2:$I$953,'Исходные данные'!$D$2:$D$953,AD$3,'Исходные данные'!$F$2:$F$953,$H11&"",'Исходные данные'!$L$2:$L$953,"УТТ")+SUMIFS('Исходные данные'!$J$2:$J$953,'Исходные данные'!$D$2:$D$953,AD$3,'Исходные данные'!$F$2:$F$953,$H11&"",'Исходные данные'!$L$2:$L$953,"УТТ")))
A11: 9 | H11: 28 | I11: Автокран | J11: =IFERROR(INDEX('Выход ТС'!$C:$C,MATCH($H11&"",'Выход ТС'!$A:$A,0)),"") | K11: =IFERROR(INDEX('Выход ТС'!$D:$D,MATCH($H11&"",'Выход ТС'!$A:$A,0)),"") | L11: =IFERROR(INDEX('Выход ТС'!$E:$E,MATCH($H11&"",'Выход ТС'!$A:$A,0)),"") | M11: =IFERROR(IF(INDEX('Выход ТС'!$F:$F,MATCH($H11&"",'Выход ТС'!$A:$A,0))=0,"",INDEX('Выход ТС'!$F:$F,MATCH($H11&"",'Выход ТС'!$A:$A,0))),"") | N11: =IFERROR(IF(INDEX('Выход ТС'!$G:$G,MATCH($H11&"",'Выход ТС'!$A:$A,0))=0,"",INDEX('Выход ТС'!$G:$G,MATCH($H11&"",'Выход ТС'!$A:$A,0))),"") | O11: =IF(SUMIFS('Исходные данные'!$I$2:$I$953,'Исходные данные'!$D$2:$D$953,O$3,'Исходные данные'!$F$2:$F$953,$H11&"")+SUMIFS('Исходные данные'!$J$2:$J$953,'Исходные данные'!$D$2:$D$953,O$3,'Исходные данные'!$F$2:$F$953,$H11&"")=0,"",IF(SUMIFS('Исходные данные'!$J$2:$J$953,'Исходные данные'!$D$2:$D$953,O$3,'Исходные данные'!$F$2:$F$953,$H11&"")=0,SUMIFS('Исходные данные'!$I$2:$I$953,'Исходные данные'!$D$2:$D$953,O$3,'Исходные данные'!$F$2:$F$953,$H11&""),IF(SUMIFS('Исходные данные'!$I$2:$I$953,'Исходные данные'!$D$2:$D$953,O$3,'Исходные данные'!$F$2:$F$953,$H11&"")=0,"0+"&SUMIFS('Исходные данные'!$J$2:$J$953,'Исходные данные'!$D$2:$D$953,O$3,'Исходные данные'!$F$2:$F$953,$H11&"")&"="&SUMIFS('Исходные данные'!$J$2:$J$953,'Исходные данные'!$D$2:$D$953,O$3,'Исходные данные'!$F$2:$F$953,$H11&""),SUMIFS('Исходные данные'!$I$2:$I$953,'Исходные данные'!$D$2:$D$953,O$3,'Исходные данные'!$F$2:$F$953,$H11&"")&"+"&SUMIFS('Исходные данные'!$J$2:$J$953,'Исходные данные'!$D$2:$D$953,O$3,'Исходные данные'!$F$2:$F$953,$H11&"")&"="&(SUMIFS('Исходные данные'!$I$2:$I$953,'Исходные данные'!$D$2:$D$953,O$3,'Исходные данные'!$F$2:$F$953,$H11&"")+SUMIFS('Исходные данные'!$J$2:$J$953,'Исходные данные'!$D$2:$D$953,O$3,'Исходные данные'!$F$2:$F$953,$H11&""))))) | P11: =IF(SUMIFS('Исходные данные'!$I$2:$I$953,'Исходные данные'!$D$2:$D$953,P$3,'Исходные данные'!$F$2:$F$953,$H11&"")+SUMIFS('Исходные данные'!$J$2:$J$953,'Исходные данные'!$D$2:$D$953,P$3,'Исходные данные'!$F$2:$F$953,$H11&"")=0,"",IF(SUMIFS('Исходные данные'!$J$2:$J$953,'Исходные данные'!$D$2:$D$953,P$3,'Исходные данные'!$F$2:$F$953,$H11&"")=0,SUMIFS('Исходные данные'!$I$2:$I$953,'Исходные данные'!$D$2:$D$953,P$3,'Исходные данные'!$F$2:$F$953,$H11&""),IF(SUMIFS('Исходные данные'!$I$2:$I$953,'Исходные данные'!$D$2:$D$953,P$3,'Исходные данные'!$F$2:$F$953,$H11&"")=0,"0+"&SUMIFS('Исходные данные'!$J$2:$J$953,'Исходные данные'!$D$2:$D$953,P$3,'Исходные данные'!$F$2:$F$953,$H11&"")&"="&SUMIFS('Исходные данные'!$J$2:$J$953,'Исходные данные'!$D$2:$D$953,P$3,'Исходные данные'!$F$2:$F$953,$H11&""),SUMIFS('Исходные данные'!$I$2:$I$953,'Исходные данные'!$D$2:$D$953,P$3,'Исходные данные'!$F$2:$F$953,$H11&"")&"+"&SUMIFS('Исходные данные'!$J$2:$J$953,'Исходные данные'!$D$2:$D$953,P$3,'Исходные данные'!$F$2:$F$953,$H11&"")&"="&(SUMIFS('Исходные данные'!$I$2:$I$953,'Исходные данные'!$D$2:$D$953,P$3,'Исходные данные'!$F$2:$F$953,$H11&"")+SUMIFS('Исходные данные'!$J$2:$J$953,'Исходные данные'!$D$2:$D$953,P$3,'Исходные данные'!$F$2:$F$953,$H11&""))))) | Q11: =IF(SUMIFS('Исходные данные'!$I$2:$I$953,'Исходные данные'!$D$2:$D$953,Q$3,'Исходные данные'!$F$2:$F$953,$H11&"")+SUMIFS('Исходные данные'!$J$2:$J$953,'Исходные данные'!$D$2:$D$953,Q$3,'Исходные данные'!$F$2:$F$953,$H11&"")=0,"",IF(SUMIFS('Исходные данные'!$J$2:$J$953,'Исходные данные'!$D$2:$D$953,Q$3,'Исходные данные'!$F$2:$F$953,$H11&"")=0,SUMIFS('Исходные данные'!$I$2:$I$953,'Исходные данные'!$D$2:$D$953,Q$3,'Исходные данные'!$F$2:$F$953,$H11&""),IF(SUMIFS('Исходные данные'!$I$2:$I$953,'Исходные данные'!$D$2:$D$953,Q$3,'Исходные данные'!$F$2:$F$953,$H11&"")=0,"0+"&SUMIFS('Исходные данные'!$J$2:$J$953,'Исходные данные'!$D$2:$D$953,Q$3,'Исходные данные'!$F$2:$F$953,$H11&"")&"="&SUMIFS('Исходные данные'!$J$2:$J$953,'Исходные данные'!$D$2:$D$953,Q$3,'Исходные данные'!$F$2:$F$953,$H11&""),SUMIFS('Исходные данные'!$I$2:$I$953,'Исходные данные'!$D$2:$D$953,Q$3,'Исходные данные'!$F$2:$F$953,$H11&"")&"+"&SUMIFS('Исходные данные'!$J$2:$J$953,'Исходные данные'!$D$2:$D$953,Q$3,'Исходные данные'!$F$2:$F$953,$H11&"")&"="&(SUMIFS('Исходные данные'!$I$2:$I$953,'Исходные данные'!$D$2:$D$953,Q$3,'Исходные данные'!$F$2:$F$953,$H11&"")+SUMIFS('Исходные данные'!$J$2:$J$953,'Исходные данные'!$D$2:$D$953,Q$3,'Исходные данные'!$F$2:$F$953,$H11&""))))) | R11: =IF(SUMIFS('Исходные данные'!$I$2:$I$953,'Исходные данные'!$D$2:$D$953,R$3,'Исходные данные'!$F$2:$F$953,$H11&"")+SUMIFS('Исходные данные'!$J$2:$J$953,'Исходные данные'!$D$2:$D$953,R$3,'Исходные данные'!$F$2:$F$953,$H11&"")=0,"",IF(SUMIFS('Исходные данные'!$J$2:$J$953,'Исходные данные'!$D$2:$D$953,R$3,'Исходные данные'!$F$2:$F$953,$H11&"")=0,SUMIFS('Исходные данные'!$I$2:$I$953,'Исходные данные'!$D$2:$D$953,R$3,'Исходные данные'!$F$2:$F$953,$H11&""),IF(SUMIFS('Исходные данные'!$I$2:$I$953,'Исходные данные'!$D$2:$D$953,R$3,'Исходные данные'!$F$2:$F$953,$H11&"")=0,"0+"&SUMIFS('Исходные данные'!$J$2:$J$953,'Исходные данные'!$D$2:$D$953,R$3,'Исходные данные'!$F$2:$F$953,$H11&"")&"="&SUMIFS('Исходные данные'!$J$2:$J$953,'Исходные данные'!$D$2:$D$953,R$3,'Исходные данные'!$F$2:$F$953,$H11&""),SUMIFS('Исходные данные'!$I$2:$I$953,'Исходные данные'!$D$2:$D$953,R$3,'Исходные данные'!$F$2:$F$953,$H11&"")&"+"&SUMIFS('Исходные данные'!$J$2:$J$953,'Исходные данные'!$D$2:$D$953,R$3,'Исходные данные'!$F$2:$F$953,$H11&"")&"="&(SUMIFS('Исходные данные'!$I$2:$I$953,'Исходные данные'!$D$2:$D$953,R$3,'Исходные данные'!$F$2:$F$953,$H11&"")+SUMIFS('Исходные данные'!$J$2:$J$953,'Исходные данные'!$D$2:$D$953,R$3,'Исходные данные'!$F$2:$F$953,$H11&""))))) | S11: =IF(SUMIFS('Исходные данные'!$I$2:$I$953,'Исходные данные'!$D$2:$D$953,S$3,'Исходные данные'!$F$2:$F$953,$H11&"")+SUMIFS('Исходные данные'!$J$2:$J$953,'Исходные данные'!$D$2:$D$953,S$3,'Исходные данные'!$F$2:$F$953,$H11&"")=0,"",IF(SUMIFS('Исходные данные'!$J$2:$J$953,'Исходные данные'!$D$2:$D$953,S$3,'Исходные данные'!$F$2:$F$953,$H11&"")=0,SUMIFS('Исходные данные'!$I$2:$I$953,'Исходные данные'!$D$2:$D$953,S$3,'Исходные данные'!$F$2:$F$953,$H11&""),IF(SUMIFS('Исходные данные'!$I$2:$I$953,'Исходные данные'!$D$2:$D$953,S$3,'Исходные данные'!$F$2:$F$953,$H11&"")=0,"0+"&SUMIFS('Исходные данные'!$J$2:$J$953,'Исходные данные'!$D$2:$D$953,S$3,'Исходные данные'!$F$2:$F$953,$H11&"")&"="&SUMIFS('Исходные данные'!$J$2:$J$953,'Исходные данные'!$D$2:$D$953,S$3,'Исходные данные'!$F$2:$F$953,$H11&""),SUMIFS('Исходные данные'!$I$2:$I$953,'Исходные данные'!$D$2:$D$953,S$3,'Исходные данные'!$F$2:$F$953,$H11&"")&"+"&SUMIFS('Исходные данные'!$J$2:$J$953,'Исходные данные'!$D$2:$D$953,S$3,'Исходные данные'!$F$2:$F$953,$H11&"")&"="&(SUMIFS('Исходные данные'!$I$2:$I$953,'Исходные данные'!$D$2:$D$953,S$3,'Исходные данные'!$F$2:$F$953,$H11&"")+SUMIFS('Исходные данные'!$J$2:$J$953,'Исходные данные'!$D$2:$D$953,S$3,'Исходные данные'!$F$2:$F$953,$H11&""))))) | T11: =IF(SUMIFS('Исходные данные'!$I$2:$I$953,'Исходные данные'!$D$2:$D$953,T$3,'Исходные данные'!$F$2:$F$953,$H11&"")+SUMIFS('Исходные данные'!$J$2:$J$953,'Исходные данные'!$D$2:$D$953,T$3,'Исходные данные'!$F$2:$F$953,$H11&"")=0,"",IF(SUMIFS('Исходные данные'!$J$2:$J$953,'Исходные данные'!$D$2:$D$953,T$3,'Исходные данные'!$F$2:$F$953,$H11&"")=0,SUMIFS('Исходные данные'!$I$2:$I$953,'Исходные данные'!$D$2:$D$953,T$3,'Исходные данные'!$F$2:$F$953,$H11&""),IF(SUMIFS('Исходные данные'!$I$2:$I$953,'Исходные данные'!$D$2:$D$953,T$3,'Исходные данные'!$F$2:$F$953,$H11&"")=0,"0+"&SUMIFS('Исходные данные'!$J$2:$J$953,'Исходные данные'!$D$2:$D$953,T$3,'Исходные данные'!$F$2:$F$953,$H11&"")&"="&SUMIFS('Исходные данные'!$J$2:$J$953,'Исходные данные'!$D$2:$D$953,T$3,'Исходные данные'!$F$2:$F$953,$H11&""),SUMIFS('Исходные данные'!$I$2:$I$953,'Исходные данные'!$D$2:$D$953,T$3,'Исходные данные'!$F$2:$F$953,$H11&"")&"+"&SUMIFS('Исходные данные'!$J$2:$J$953,'Исходные данные'!$D$2:$D$953,T$3,'Исходные данные'!$F$2:$F$953,$H11&"")&"="&(SUMIFS('Исходные данные'!$I$2:$I$953,'Исходные данные'!$D$2:$D$953,T$3,'Исходные данные'!$F$2:$F$953,$H11&"")+SUMIFS('Исходные данные'!$J$2:$J$953,'Исходные данные'!$D$2:$D$953,T$3,'Исходные данные'!$F$2:$F$953,$H11&""))))) | U11: =IF(SUMIFS('Исходные данные'!$I$2:$I$953,'Исходные данные'!$D$2:$D$953,U$3,'Исходные данные'!$F$2:$F$953,$H11&"")+SUMIFS('Исходные данные'!$J$2:$J$953,'Исходные данные'!$D$2:$D$953,U$3,'Исходные данные'!$F$2:$F$953,$H11&"")=0,"",IF(SUMIFS('Исходные данные'!$J$2:$J$953,'Исходные данные'!$D$2:$D$953,U$3,'Исходные данные'!$F$2:$F$953,$H11&"")=0,SUMIFS('Исходные данные'!$I$2:$I$953,'Исходные данные'!$D$2:$D$953,U$3,'Исходные данные'!$F$2:$F$953,$H11&""),IF(SUMIFS('Исходные данные'!$I$2:$I$953,'Исходные данные'!$D$2:$D$953,U$3,'Исходные данные'!$F$2:$F$953,$H11&"")=0,"0+"&SUMIFS('Исходные данные'!$J$2:$J$953,'Исходные данные'!$D$2:$D$953,U$3,'Исходные данные'!$F$2:$F$953,$H11&"")&"="&SUMIFS('Исходные данные'!$J$2:$J$953,'Исходные данные'!$D$2:$D$953,U$3,'Исходные данные'!$F$2:$F$953,$H11&""),SUMIFS('Исходные данные'!$I$2:$I$953,'Исходные данные'!$D$2:$D$953,U$3,'Исходные данные'!$F$2:$F$953,$H11&"")&"+"&SUMIFS('Исходные данные'!$J$2:$J$953,'Исходные данные'!$D$2:$D$953,U$3,'Исходные данные'!$F$2:$F$953,$H11&"")&"="&(SUMIFS('Исходные данные'!$I$2:$I$953,'Исходные данные'!$D$2:$D$953,U$3,'Исходные данные'!$F$2:$F$953,$H11&"")+SUMIFS('Исходные данные'!$J$2:$J$953,'Исходные данные'!$D$2:$D$953,U$3,'Исходные данные'!$F$2:$F$953,$H11&""))))) | V11: =IF(SUMIFS('Исходные данные'!$I$2:$I$953,'Исходные данные'!$D$2:$D$953,V$3,'Исходные данные'!$F$2:$F$953,$H11&"")+SUMIFS('Исходные данные'!$J$2:$J$953,'Исходные данные'!$D$2:$D$953,V$3,'Исходные данные'!$F$2:$F$953,$H11&"")=0,"",IF(SUMIFS('Исходные данные'!$J$2:$J$953,'Исходные данные'!$D$2:$D$953,V$3,'Исходные данные'!$F$2:$F$953,$H11&"")=0,SUMIFS('Исходные данные'!$I$2:$I$953,'Исходные данные'!$D$2:$D$953,V$3,'Исходные данные'!$F$2:$F$953,$H11&""),IF(SUMIFS('Исходные данные'!$I$2:$I$953,'Исходные данные'!$D$2:$D$953,V$3,'Исходные данные'!$F$2:$F$953,$H11&"")=0,"0+"&SUMIFS('Исходные данные'!$J$2:$J$953,'Исходные данные'!$D$2:$D$953,V$3,'Исходные данные'!$F$2:$F$953,$H11&"")&"="&SUMIFS('Исходные данные'!$J$2:$J$953,'Исходные данные'!$D$2:$D$953,V$3,'Исходные данные'!$F$2:$F$953,$H11&""),SUMIFS('Исходные данные'!$I$2:$I$953,'Исходные данные'!$D$2:$D$953,V$3,'Исходные данные'!$F$2:$F$953,$H11&"")&"+"&SUMIFS('Исходные данные'!$J$2:$J$953,'Исходные данные'!$D$2:$D$953,V$3,'Исходные данные'!$F$2:$F$953,$H11&"")&"="&(SUMIFS('Исходные данные'!$I$2:$I$953,'Исходные данные'!$D$2:$D$953,V$3,'Исходные данные'!$F$2:$F$953,$H11&"")+SUMIFS('Исходные данные'!$J$2:$J$953,'Исходные данные'!$D$2:$D$953,V$3,'Исходные данные'!$F$2:$F$953,$H11&""))))) | ... AA11: =IF(SUMIFS('Исходные данные'!$I$2:$I$953,'Исходные данные'!$D$2:$D$953,AA$3,'Исходные данные'!$F$2:$F$953,$H11&"")+SUMIFS('Исходные данные'!$J$2:$J$953,'Исходные данные'!$D$2:$D$953,AA$3,'Исходные данные'!$F$2:$F$953,$H11&"")=0,"",IF(SUMIFS('Исходные данные'!$J$2:$J$953,'Исходные данные'!$D$2:$D$953,AA$3,'Исходные данные'!$F$2:$F$953,$H11&"")=0,SUMIFS('Исходные данные'!$I$2:$I$953,'Исходные данные'!$D$2:$D$953,AA$3,'Исходные данные'!$F$2:$F$953,$H11&""),IF(SUMIFS('Исходные данные'!$I$2:$I$953,'Исходные данные'!$D$2:$D$953,AA$3,'Исходные данные'!$F$2:$F$953,$H11&"")=0,"0+"&SUMIFS('Исходные данные'!$J$2:$J$953,'Исходные данные'!$D$2:$D$953,AA$3,'Исходные данные'!$F$2:$F$953,$H11&"")&"="&SUMIFS('Исходные данные'!$J$2:$J$953,'Исходные данные'!$D$2:$D$953,AA$3,'Исходные данные'!$F$2:$F$953,$H11&""),SUMIFS('Исходные данные'!$I$2:$I$953,'Исходные данные'!$D$2:$D$953,AA$3,'Исходные данные'!$F$2:$F$953,$H11&"")&"+"&SUMIFS('Исходные данные'!$J$2:$J$953,'Исходные данные'!$D$2:$D$953,AA$3,'Исходные данные'!$F$2:$F$953,$H11&"")&"="&(SUMIFS('Исходные данные'!$I$2:$I$953,'Исходные данные'!$D$2:$D$953,AA$3,'Исходные данные'!$F$2:$F$953,$H11&"")+SUMIFS('Исходные данные'!$J$2:$J$953,'Исходные данные'!$D$2:$D$953,AA$3,'Исходные данные'!$F$2:$F$953,$H11&""))))) | AC11: =IF(SUMIFS('Исходные данные'!$I$2:$I$953,'Исходные данные'!$D$2:$D$953,AC$3,'Исходные данные'!$F$2:$F$953,$H11&"")+SUMIFS('Исходные данные'!$J$2:$J$953,'Исходные данные'!$D$2:$D$953,AC$3,'Исходные данные'!$F$2:$F$953,$H11&"")=0,"",IF(SUMIFS('Исходные данные'!$J$2:$J$953,'Исходные данные'!$D$2:$D$953,AC$3,'Исходные данные'!$F$2:$F$953,$H11&"")=0,SUMIFS('Исходные данные'!$I$2:$I$953,'Исходные данные'!$D$2:$D$953,AC$3,'Исходные данные'!$F$2:$F$953,$H11&""),IF(SUMIFS('Исходные данные'!$I$2:$I$953,'Исходные данные'!$D$2:$D$953,AC$3,'Исходные данные'!$F$2:$F$953,$H11&"")=0,"0+"&SUMIFS('Исходные данные'!$J$2:$J$953,'Исходные данные'!$D$2:$D$953,AC$3,'Исходные данные'!$F$2:$F$953,$H11&"")&"="&SUMIFS('Исходные данные'!$J$2:$J$953,'Исходные данные'!$D$2:$D$953,AC$3,'Исходные данные'!$F$2:$F$953,$H11&""),SUMIFS('Исходные данные'!$I$2:$I$953,'Исходные данные'!$D$2:$D$953,AC$3,'Исходные данные'!$F$2:$F$953,$H11&"")&"+"&SUMIFS('Исходные данные'!$J$2:$J$953,'Исходные данные'!$D$2:$D$953,AC$3,'Исходные данные'!$F$2:$F$953,$H11&"")&"="&(SUMIFS('Исходные данные'!$I$2:$I$953,'Исходные данные'!$D$2:$D$953,AC$3,'Исходные данные'!$F$2:$F$953,$H11&"")+SUMIFS('Исходные данные'!$J$2:$J$953,'Исходные данные'!$D$2:$D$953,AC$3,'Исходные данные'!$F$2:$F$953,$H11&""))))) | AD11: =IF(SUMIFS('Исходные данные'!$I$2:$I$953,'Исходные данные'!$D$2:$D$953,AD$3,'Исходные данные'!$F$2:$F$953,$H11&"")+SUMIFS('Исходные данные'!$J$2:$J$953,'Исходные данные'!$D$2:$D$953,AD$3,'Исходные данные'!$F$2:$F$953,$H11&"")=0,"",IF(SUMIFS('Исходные данные'!$J$2:$J$953,'Исходные данные'!$D$2:$D$953,AD$3,'Исходные данные'!$F$2:$F$953,$H11&"")=0,SUMIFS('Исходные данные'!$I$2:$I$953,'Исходные данные'!$D$2:$D$953,AD$3,'Исходные данные'!$F$2:$F$953,$H11&""),IF(SUMIFS('Исходные данные'!$I$2:$I$953,'Исходные данные'!$D$2:$D$953,AD$3,'Исходные данные'!$F$2:$F$953,$H11&"")=0,"0+"&SUMIFS('Исходные данные'!$J$2:$J$953,'Исходные данные'!$D$2:$D$953,AD$3,'Исходные данные'!$F$2:$F$953,$H11&"")&"="&SUMIFS('Исходные данные'!$J$2:$J$953,'Исходные данные'!$D$2:$D$953,AD$3,'Исходные данные'!$F$2:$F$953,$H11&""),SUMIFS('Исходные данные'!$I$2:$I$953,'Исходные данные'!$D$2:$D$953,AD$3,'Исходные данные'!$F$2:$F$953,$H11&"")&"+"&SUMIFS('Исходные данные'!$J$2:$J$953,'Исходные данные'!$D$2:$D$953,AD$3,'Исходные данные'!$F$2:$F$953,$H11&"")&"="&(SUMIFS('Исходные данные'!$I$2:$I$953,'Исходные данные'!$D$2:$D$953,AD$3,'Исходные данные'!$F$2:$F$953,$H11&"")+SUMIFS('Исходные данные'!$J$2:$J$953,'Исходные данные'!$D$2:$D$953,AD$3,'Исходные данные'!$F$2:$F$953,$H11&"")))))
A12: 10 | O12: =IF(SUMIFS('Исходные данные'!$I$2:$I$953,'Исходные данные'!$D$2:$D$953,O$3,'Исходные данные'!$F$2:$F$953,$H13&"",'Исходные данные'!$L$2:$L$953,"УТТ")+SUMIFS('Исходные данные'!$J$2:$J$953,'Исходные данные'!$D$2:$D$953,O$3,'Исходные данные'!$F$2:$F$953,$H13&"",'Исходные данные'!$L$2:$L$953,"УТТ")=0,"","утт-"&(SUMIFS('Исходные данные'!$I$2:$I$953,'Исходные данные'!$D$2:$D$953,O$3,'Исходные данные'!$F$2:$F$953,$H13&"",'Исходные данные'!$L$2:$L$953,"УТТ")+SUMIFS('Исходные данные'!$J$2:$J$953,'Исходные данные'!$D$2:$D$953,O$3,'Исходные данные'!$F$2:$F$953,$H13&"",'Исходные данные'!$L$2:$L$953,"УТТ"))) | P12: =IF(SUMIFS('Исходные данные'!$I$2:$I$953,'Исходные данные'!$D$2:$D$953,P$3,'Исходные данные'!$F$2:$F$953,$H13&"",'Исходные данные'!$L$2:$L$953,"УТТ")+SUMIFS('Исходные данные'!$J$2:$J$953,'Исходные данные'!$D$2:$D$953,P$3,'Исходные данные'!$F$2:$F$953,$H13&"",'Исходные данные'!$L$2:$L$953,"УТТ")=0,"","утт-"&(SUMIFS('Исходные данные'!$I$2:$I$953,'Исходные данные'!$D$2:$D$953,P$3,'Исходные данные'!$F$2:$F$953,$H13&"",'Исходные данные'!$L$2:$L$953,"УТТ")+SUMIFS('Исходные данные'!$J$2:$J$953,'Исходные данные'!$D$2:$D$953,P$3,'Исходные данные'!$F$2:$F$953,$H13&"",'Исходные данные'!$L$2:$L$953,"УТТ"))) | Q12: =IF(SUMIFS('Исходные данные'!$I$2:$I$953,'Исходные данные'!$D$2:$D$953,Q$3,'Исходные данные'!$F$2:$F$953,$H13&"",'Исходные данные'!$L$2:$L$953,"УТТ")+SUMIFS('Исходные данные'!$J$2:$J$953,'Исходные данные'!$D$2:$D$953,Q$3,'Исходные данные'!$F$2:$F$953,$H13&"",'Исходные данные'!$L$2:$L$953,"УТТ")=0,"","утт-"&(SUMIFS('Исходные данные'!$I$2:$I$953,'Исходные данные'!$D$2:$D$953,Q$3,'Исходные данные'!$F$2:$F$953,$H13&"",'Исходные данные'!$L$2:$L$953,"УТТ")+SUMIFS('Исходные данные'!$J$2:$J$953,'Исходные данные'!$D$2:$D$953,Q$3,'Исходные данные'!$F$2:$F$953,$H13&"",'Исходные данные'!$L$2:$L$953,"УТТ"))) | R12: =IF(SUMIFS('Исходные данные'!$I$2:$I$953,'Исходные данные'!$D$2:$D$953,R$3,'Исходные данные'!$F$2:$F$953,$H13&"",'Исходные данные'!$L$2:$L$953,"УТТ")+SUMIFS('Исходные данные'!$J$2:$J$953,'Исходные данные'!$D$2:$D$953,R$3,'Исходные данные'!$F$2:$F$953,$H13&"",'Исходные данные'!$L$2:$L$953,"УТТ")=0,"","утт-"&(SUMIFS('Исходные данные'!$I$2:$I$953,'Исходные данные'!$D$2:$D$953,R$3,'Исходные данные'!$F$2:$F$953,$H13&"",'Исходные данные'!$L$2:$L$953,"УТТ")+SUMIFS('Исходные данные'!$J$2:$J$953,'Исходные данные'!$D$2:$D$953,R$3,'Исходные данные'!$F$2:$F$953,$H13&"",'Исходные данные'!$L$2:$L$953,"УТТ"))) | S12: =IF(SUMIFS('Исходные данные'!$I$2:$I$953,'Исходные данные'!$D$2:$D$953,S$3,'Исходные данные'!$F$2:$F$953,$H13&"",'Исходные данные'!$L$2:$L$953,"УТТ")+SUMIFS('Исходные данные'!$J$2:$J$953,'Исходные данные'!$D$2:$D$953,S$3,'Исходные данные'!$F$2:$F$953,$H13&"",'Исходные данные'!$L$2:$L$953,"УТТ")=0,"","утт-"&(SUMIFS('Исходные данные'!$I$2:$I$953,'Исходные данные'!$D$2:$D$953,S$3,'Исходные данные'!$F$2:$F$953,$H13&"",'Исходные данные'!$L$2:$L$953,"УТТ")+SUMIFS('Исходные данные'!$J$2:$J$953,'Исходные данные'!$D$2:$D$953,S$3,'Исходные данные'!$F$2:$F$953,$H13&"",'Исходные данные'!$L$2:$L$953,"УТТ"))) | T12: =IF(SUMIFS('Исходные данные'!$I$2:$I$953,'Исходные данные'!$D$2:$D$953,T$3,'Исходные данные'!$F$2:$F$953,$H13&"",'Исходные данные'!$L$2:$L$953,"УТТ")+SUMIFS('Исходные данные'!$J$2:$J$953,'Исходные данные'!$D$2:$D$953,T$3,'Исходные данные'!$F$2:$F$953,$H13&"",'Исходные данные'!$L$2:$L$953,"УТТ")=0,"","утт-"&(SUMIFS('Исходные данные'!$I$2:$I$953,'Исходные данные'!$D$2:$D$953,T$3,'Исходные данные'!$F$2:$F$953,$H13&"",'Исходные данные'!$L$2:$L$953,"УТТ")+SUMIFS('Исходные данные'!$J$2:$J$953,'Исходные данные'!$D$2:$D$953,T$3,'Исходные данные'!$F$2:$F$953,$H13&"",'Исходные данные'!$L$2:$L$953,"УТТ"))) | U12: =IF(SUMIFS('Исходные данные'!$I$2:$I$953,'Исходные данные'!$D$2:$D$953,U$3,'Исходные данные'!$F$2:$F$953,$H13&"",'Исходные данные'!$L$2:$L$953,"УТТ")+SUMIFS('Исходные данные'!$J$2:$J$953,'Исходные данные'!$D$2:$D$953,U$3,'Исходные данные'!$F$2:$F$953,$H13&"",'Исходные данные'!$L$2:$L$953,"УТТ")=0,"","утт-"&(SUMIFS('Исходные данные'!$I$2:$I$953,'Исходные данные'!$D$2:$D$953,U$3,'Исходные данные'!$F$2:$F$953,$H13&"",'Исходные данные'!$L$2:$L$953,"УТТ")+SUMIFS('Исходные данные'!$J$2:$J$953,'Исходные данные'!$D$2:$D$953,U$3,'Исходные данные'!$F$2:$F$953,$H13&"",'Исходные данные'!$L$2:$L$953,"УТТ"))) | V12: =IF(SUMIFS('Исходные данные'!$I$2:$I$953,'Исходные данные'!$D$2:$D$953,V$3,'Исходные данные'!$F$2:$F$953,$H13&"",'Исходные данные'!$L$2:$L$953,"УТТ")+SUMIFS('Исходные данные'!$J$2:$J$953,'Исходные данные'!$D$2:$D$953,V$3,'Исходные данные'!$F$2:$F$953,$H13&"",'Исходные данные'!$L$2:$L$953,"УТТ")=0,"","утт-"&(SUMIFS('Исходные данные'!$I$2:$I$953,'Исходные данные'!$D$2:$D$953,V$3,'Исходные данные'!$F$2:$F$953,$H13&"",'Исходные данные'!$L$2:$L$953,"УТТ")+SUMIFS('Исходные данные'!$J$2:$J$953,'Исходные данные'!$D$2:$D$953,V$3,'Исходные данные'!$F$2:$F$953,$H13&"",'Исходные данные'!$L$2:$L$953,"УТТ"))) | ... AA12: =IF(SUMIFS('Исходные данные'!$I$2:$I$953,'Исходные данные'!$D$2:$D$953,AA$3,'Исходные данные'!$F$2:$F$953,$H13&"",'Исходные данные'!$L$2:$L$953,"УТТ")+SUMIFS('Исходные данные'!$J$2:$J$953,'Исходные данные'!$D$2:$D$953,AA$3,'Исходные данные'!$F$2:$F$953,$H13&"",'Исходные данные'!$L$2:$L$953,"УТТ")=0,"","утт-"&(SUMIFS('Исходные данные'!$I$2:$I$953,'Исходные данные'!$D$2:$D$953,AA$3,'Исходные данные'!$F$2:$F$953,$H13&"",'Исходные данные'!$L$2:$L$953,"УТТ")+SUMIFS('Исходные данные'!$J$2:$J$953,'Исходные данные'!$D$2:$D$953,AA$3,'Исходные данные'!$F$2:$F$953,$H13&"",'Исходные данные'!$L$2:$L$953,"УТТ"))) | AC12: =IF(SUMIFS('Исходные данные'!$I$2:$I$953,'Исходные данные'!$D$2:$D$953,AC$3,'Исходные данные'!$F$2:$F$953,$H13&"",'Исходные данные'!$L$2:$L$953,"УТТ")+SUMIFS('Исходные данные'!$J$2:$J$953,'Исходные данные'!$D$2:$D$953,AC$3,'Исходные данные'!$F$2:$F$953,$H13&"",'Исходные данные'!$L$2:$L$953,"УТТ")=0,"","утт-"&(SUMIFS('Исходные данные'!$I$2:$I$953,'Исходные данные'!$D$2:$D$953,AC$3,'Исходные данные'!$F$2:$F$953,$H13&"",'Исходные данные'!$L$2:$L$953,"УТТ")+SUMIFS('Исходные данные'!$J$2:$J$953,'Исходные данные'!$D$2:$D$953,AC$3,'Исходные данные'!$F$2:$F$953,$H13&"",'Исходные данные'!$L$2:$L$953,"УТТ"))) | AD12: =IF(SUMIFS('Исходные данные'!$I$2:$I$953,'Исходные данные'!$D$2:$D$953,AD$3,'Исходные данные'!$F$2:$F$953,$H13&"",'Исходные данные'!$L$2:$L$953,"УТТ")+SUMIFS('Исходные данные'!$J$2:$J$953,'Исходные данные'!$D$2:$D$953,AD$3,'Исходные данные'!$F$2:$F$953,$H13&"",'Исходные данные'!$L$2:$L$953,"УТТ")=0,"","утт-"&(SUMIFS('Исходные данные'!$I$2:$I$953,'Исходные данные'!$D$2:$D$953,AD$3,'Исходные данные'!$F$2:$F$953,$H13&"",'Исходные данные'!$L$2:$L$953,"УТТ")+SUMIFS('Исходные данные'!$J$2:$J$953,'Исходные данные'!$D$2:$D$953,AD$3,'Исходные данные'!$F$2:$F$953,$H13&"",'Исходные данные'!$L$2:$L$953,"УТТ")))
A13: 11 | H13: 22 | I13: ТРАЛ | J13: =IFERROR(INDEX('Выход ТС'!$C:$C,MATCH($H13&"",'Выход ТС'!$A:$A,0)),"") | K13: =IFERROR(INDEX('Выход ТС'!$D:$D,MATCH($H13&"",'Выход ТС'!$A:$A,0)),"") | L13: =IFERROR(INDEX('Выход ТС'!$E:$E,MATCH($H13&"",'Выход ТС'!$A:$A,0)),"") | M13: =IFERROR(IF(INDEX('Выход ТС'!$F:$F,MATCH($H13&"",'Выход ТС'!$A:$A,0))=0,"",INDEX('Выход ТС'!$F:$F,MATCH($H13&"",'Выход ТС'!$A:$A,0))),"") | N13: =IFERROR(IF(INDEX('Выход ТС'!$G:$G,MATCH($H13&"",'Выход ТС'!$A:$A,0))=0,"",INDEX('Выход ТС'!$G:$G,MATCH($H13&"",'Выход ТС'!$A:$A,0))),"") | O13: =IF(SUMIFS('Исходные данные'!$I$2:$I$953,'Исходные данные'!$D$2:$D$953,O$3,'Исходные данные'!$F$2:$F$953,$H13&"")+SUMIFS('Исходные данные'!$J$2:$J$953,'Исходные данные'!$D$2:$D$953,O$3,'Исходные данные'!$F$2:$F$953,$H13&"")=0,"",IF(SUMIFS('Исходные данные'!$J$2:$J$953,'Исходные данные'!$D$2:$D$953,O$3,'Исходные данные'!$F$2:$F$953,$H13&"")=0,SUMIFS('Исходные данные'!$I$2:$I$953,'Исходные данные'!$D$2:$D$953,O$3,'Исходные данные'!$F$2:$F$953,$H13&""),IF(SUMIFS('Исходные данные'!$I$2:$I$953,'Исходные данные'!$D$2:$D$953,O$3,'Исходные данные'!$F$2:$F$953,$H13&"")=0,"0+"&SUMIFS('Исходные данные'!$J$2:$J$953,'Исходные данные'!$D$2:$D$953,O$3,'Исходные данные'!$F$2:$F$953,$H13&"")&"="&SUMIFS('Исходные данные'!$J$2:$J$953,'Исходные данные'!$D$2:$D$953,O$3,'Исходные данные'!$F$2:$F$953,$H13&""),SUMIFS('Исходные данные'!$I$2:$I$953,'Исходные данные'!$D$2:$D$953,O$3,'Исходные данные'!$F$2:$F$953,$H13&"")&"+"&SUMIFS('Исходные данные'!$J$2:$J$953,'Исходные данные'!$D$2:$D$953,O$3,'Исходные данные'!$F$2:$F$953,$H13&"")&"="&(SUMIFS('Исходные данные'!$I$2:$I$953,'Исходные данные'!$D$2:$D$953,O$3,'Исходные данные'!$F$2:$F$953,$H13&"")+SUMIFS('Исходные данные'!$J$2:$J$953,'Исходные данные'!$D$2:$D$953,O$3,'Исходные данные'!$F$2:$F$953,$H13&""))))) | P13: =IF(SUMIFS('Исходные данные'!$I$2:$I$953,'Исходные данные'!$D$2:$D$953,P$3,'Исходные данные'!$F$2:$F$953,$H13&"")+SUMIFS('Исходные данные'!$J$2:$J$953,'Исходные данные'!$D$2:$D$953,P$3,'Исходные данные'!$F$2:$F$953,$H13&"")=0,"",IF(SUMIFS('Исходные данные'!$J$2:$J$953,'Исходные данные'!$D$2:$D$953,P$3,'Исходные данные'!$F$2:$F$953,$H13&"")=0,SUMIFS('Исходные данные'!$I$2:$I$953,'Исходные данные'!$D$2:$D$953,P$3,'Исходные данные'!$F$2:$F$953,$H13&""),IF(SUMIFS('Исходные данные'!$I$2:$I$953,'Исходные данные'!$D$2:$D$953,P$3,'Исходные данные'!$F$2:$F$953,$H13&"")=0,"0+"&SUMIFS('Исходные данные'!$J$2:$J$953,'Исходные данные'!$D$2:$D$953,P$3,'Исходные данные'!$F$2:$F$953,$H13&"")&"="&SUMIFS('Исходные данные'!$J$2:$J$953,'Исходные данные'!$D$2:$D$953,P$3,'Исходные данные'!$F$2:$F$953,$H13&""),SUMIFS('Исходные данные'!$I$2:$I$953,'Исходные данные'!$D$2:$D$953,P$3,'Исходные данные'!$F$2:$F$953,$H13&"")&"+"&SUMIFS('Исходные данные'!$J$2:$J$953,'Исходные данные'!$D$2:$D$953,P$3,'Исходные данные'!$F$2:$F$953,$H13&"")&"="&(SUMIFS('Исходные данные'!$I$2:$I$953,'Исходные данные'!$D$2:$D$953,P$3,'Исходные данные'!$F$2:$F$953,$H13&"")+SUMIFS('Исходные данные'!$J$2:$J$953,'Исходные данные'!$D$2:$D$953,P$3,'Исходные данные'!$F$2:$F$953,$H13&""))))) | Q13: =IF(SUMIFS('Исходные данные'!$I$2:$I$953,'Исходные данные'!$D$2:$D$953,Q$3,'Исходные данные'!$F$2:$F$953,$H13&"")+SUMIFS('Исходные данные'!$J$2:$J$953,'Исходные данные'!$D$2:$D$953,Q$3,'Исходные данные'!$F$2:$F$953,$H13&"")=0,"",IF(SUMIFS('Исходные данные'!$J$2:$J$953,'Исходные данные'!$D$2:$D$953,Q$3,'Исходные данные'!$F$2:$F$953,$H13&"")=0,SUMIFS('Исходные данные'!$I$2:$I$953,'Исходные данные'!$D$2:$D$953,Q$3,'Исходные данные'!$F$2:$F$953,$H13&""),IF(SUMIFS('Исходные данные'!$I$2:$I$953,'Исходные данные'!$D$2:$D$953,Q$3,'Исходные данные'!$F$2:$F$953,$H13&"")=0,"0+"&SUMIFS('Исходные данные'!$J$2:$J$953,'Исходные данные'!$D$2:$D$953,Q$3,'Исходные данные'!$F$2:$F$953,$H13&"")&"="&SUMIFS('Исходные данные'!$J$2:$J$953,'Исходные данные'!$D$2:$D$953,Q$3,'Исходные данные'!$F$2:$F$953,$H13&""),SUMIFS('Исходные данные'!$I$2:$I$953,'Исходные данные'!$D$2:$D$953,Q$3,'Исходные данные'!$F$2:$F$953,$H13&"")&"+"&SUMIFS('Исходные данные'!$J$2:$J$953,'Исходные данные'!$D$2:$D$953,Q$3,'Исходные данные'!$F$2:$F$953,$H13&"")&"="&(SUMIFS('Исходные данные'!$I$2:$I$953,'Исходные данные'!$D$2:$D$953,Q$3,'Исходные данные'!$F$2:$F$953,$H13&"")+SUMIFS('Исходные данные'!$J$2:$J$953,'Исходные данные'!$D$2:$D$953,Q$3,'Исходные данные'!$F$2:$F$953,$H13&""))))) | R13: =IF(SUMIFS('Исходные данные'!$I$2:$I$953,'Исходные данные'!$D$2:$D$953,R$3,'Исходные данные'!$F$2:$F$953,$H13&"")+SUMIFS('Исходные данные'!$J$2:$J$953,'Исходные данные'!$D$2:$D$953,R$3,'Исходные данные'!$F$2:$F$953,$H13&"")=0,"",IF(SUMIFS('Исходные данные'!$J$2:$J$953,'Исходные данные'!$D$2:$D$953,R$3,'Исходные данные'!$F$2:$F$953,$H13&"")=0,SUMIFS('Исходные данные'!$I$2:$I$953,'Исходные данные'!$D$2:$D$953,R$3,'Исходные данные'!$F$2:$F$953,$H13&""),IF(SUMIFS('Исходные данные'!$I$2:$I$953,'Исходные данные'!$D$2:$D$953,R$3,'Исходные данные'!$F$2:$F$953,$H13&"")=0,"0+"&SUMIFS('Исходные данные'!$J$2:$J$953,'Исходные данные'!$D$2:$D$953,R$3,'Исходные данные'!$F$2:$F$953,$H13&"")&"="&SUMIFS('Исходные данные'!$J$2:$J$953,'Исходные данные'!$D$2:$D$953,R$3,'Исходные данные'!$F$2:$F$953,$H13&""),SUMIFS('Исходные данные'!$I$2:$I$953,'Исходные данные'!$D$2:$D$953,R$3,'Исходные данные'!$F$2:$F$953,$H13&"")&"+"&SUMIFS('Исходные данные'!$J$2:$J$953,'Исходные данные'!$D$2:$D$953,R$3,'Исходные данные'!$F$2:$F$953,$H13&"")&"="&(SUMIFS('Исходные данные'!$I$2:$I$953,'Исходные данные'!$D$2:$D$953,R$3,'Исходные данные'!$F$2:$F$953,$H13&"")+SUMIFS('Исходные данные'!$J$2:$J$953,'Исходные данные'!$D$2:$D$953,R$3,'Исходные данные'!$F$2:$F$953,$H13&""))))) | S13: =IF(SUMIFS('Исходные данные'!$I$2:$I$953,'Исходные данные'!$D$2:$D$953,S$3,'Исходные данные'!$F$2:$F$953,$H13&"")+SUMIFS('Исходные данные'!$J$2:$J$953,'Исходные данные'!$D$2:$D$953,S$3,'Исходные данные'!$F$2:$F$953,$H13&"")=0,"",IF(SUMIFS('Исходные данные'!$J$2:$J$953,'Исходные данные'!$D$2:$D$953,S$3,'Исходные данные'!$F$2:$F$953,$H13&"")=0,SUMIFS('Исходные данные'!$I$2:$I$953,'Исходные данные'!$D$2:$D$953,S$3,'Исходные данные'!$F$2:$F$953,$H13&""),IF(SUMIFS('Исходные данные'!$I$2:$I$953,'Исходные данные'!$D$2:$D$953,S$3,'Исходные данные'!$F$2:$F$953,$H13&"")=0,"0+"&SUMIFS('Исходные данные'!$J$2:$J$953,'Исходные данные'!$D$2:$D$953,S$3,'Исходные данные'!$F$2:$F$953,$H13&"")&"="&SUMIFS('Исходные данные'!$J$2:$J$953,'Исходные данные'!$D$2:$D$953,S$3,'Исходные данные'!$F$2:$F$953,$H13&""),SUMIFS('Исходные данные'!$I$2:$I$953,'Исходные данные'!$D$2:$D$953,S$3,'Исходные данные'!$F$2:$F$953,$H13&"")&"+"&SUMIFS('Исходные данные'!$J$2:$J$953,'Исходные данные'!$D$2:$D$953,S$3,'Исходные данные'!$F$2:$F$953,$H13&"")&"="&(SUMIFS('Исходные данные'!$I$2:$I$953,'Исходные данные'!$D$2:$D$953,S$3,'Исходные данные'!$F$2:$F$953,$H13&"")+SUMIFS('Исходные данные'!$J$2:$J$953,'Исходные данные'!$D$2:$D$953,S$3,'Исходные данные'!$F$2:$F$953,$H13&""))))) | T13: =IF(SUMIFS('Исходные данные'!$I$2:$I$953,'Исходные данные'!$D$2:$D$953,T$3,'Исходные данные'!$F$2:$F$953,$H13&"")+SUMIFS('Исходные данные'!$J$2:$J$953,'Исходные данные'!$D$2:$D$953,T$3,'Исходные данные'!$F$2:$F$953,$H13&"")=0,"",IF(SUMIFS('Исходные данные'!$J$2:$J$953,'Исходные данные'!$D$2:$D$953,T$3,'Исходные данные'!$F$2:$F$953,$H13&"")=0,SUMIFS('Исходные данные'!$I$2:$I$953,'Исходные данные'!$D$2:$D$953,T$3,'Исходные данные'!$F$2:$F$953,$H13&""),IF(SUMIFS('Исходные данные'!$I$2:$I$953,'Исходные данные'!$D$2:$D$953,T$3,'Исходные данные'!$F$2:$F$953,$H13&"")=0,"0+"&SUMIFS('Исходные данные'!$J$2:$J$953,'Исходные данные'!$D$2:$D$953,T$3,'Исходные данные'!$F$2:$F$953,$H13&"")&"="&SUMIFS('Исходные данные'!$J$2:$J$953,'Исходные данные'!$D$2:$D$953,T$3,'Исходные данные'!$F$2:$F$953,$H13&""),SUMIFS('Исходные данные'!$I$2:$I$953,'Исходные данные'!$D$2:$D$953,T$3,'Исходные данные'!$F$2:$F$953,$H13&"")&"+"&SUMIFS('Исходные данные'!$J$2:$J$953,'Исходные данные'!$D$2:$D$953,T$3,'Исходные данные'!$F$2:$F$953,$H13&"")&"="&(SUMIFS('Исходные данные'!$I$2:$I$953,'Исходные данные'!$D$2:$D$953,T$3,'Исходные данные'!$F$2:$F$953,$H13&"")+SUMIFS('Исходные данные'!$J$2:$J$953,'Исходные данные'!$D$2:$D$953,T$3,'Исходные данные'!$F$2:$F$953,$H13&""))))) | U13: =IF(SUMIFS('Исходные данные'!$I$2:$I$953,'Исходные данные'!$D$2:$D$953,U$3,'Исходные данные'!$F$2:$F$953,$H13&"")+SUMIFS('Исходные данные'!$J$2:$J$953,'Исходные данные'!$D$2:$D$953,U$3,'Исходные данные'!$F$2:$F$953,$H13&"")=0,"",IF(SUMIFS('Исходные данные'!$J$2:$J$953,'Исходные данные'!$D$2:$D$953,U$3,'Исходные данные'!$F$2:$F$953,$H13&"")=0,SUMIFS('Исходные данные'!$I$2:$I$953,'Исходные данные'!$D$2:$D$953,U$3,'Исходные данные'!$F$2:$F$953,$H13&""),IF(SUMIFS('Исходные данные'!$I$2:$I$953,'Исходные данные'!$D$2:$D$953,U$3,'Исходные данные'!$F$2:$F$953,$H13&"")=0,"0+"&SUMIFS('Исходные данные'!$J$2:$J$953,'Исходные данные'!$D$2:$D$953,U$3,'Исходные данные'!$F$2:$F$953,$H13&"")&"="&SUMIFS('Исходные данные'!$J$2:$J$953,'Исходные данные'!$D$2:$D$953,U$3,'Исходные данные'!$F$2:$F$953,$H13&""),SUMIFS('Исходные данные'!$I$2:$I$953,'Исходные данные'!$D$2:$D$953,U$3,'Исходные данные'!$F$2:$F$953,$H13&"")&"+"&SUMIFS('Исходные данные'!$J$2:$J$953,'Исходные данные'!$D$2:$D$953,U$3,'Исходные данные'!$F$2:$F$953,$H13&"")&"="&(SUMIFS('Исходные данные'!$I$2:$I$953,'Исходные данные'!$D$2:$D$953,U$3,'Исходные данные'!$F$2:$F$953,$H13&"")+SUMIFS('Исходные данные'!$J$2:$J$953,'Исходные данные'!$D$2:$D$953,U$3,'Исходные данные'!$F$2:$F$953,$H13&""))))) | V13: =IF(SUMIFS('Исходные данные'!$I$2:$I$953,'Исходные данные'!$D$2:$D$953,V$3,'Исходные данные'!$F$2:$F$953,$H13&"")+SUMIFS('Исходные данные'!$J$2:$J$953,'Исходные данные'!$D$2:$D$953,V$3,'Исходные данные'!$F$2:$F$953,$H13&"")=0,"",IF(SUMIFS('Исходные данные'!$J$2:$J$953,'Исходные данные'!$D$2:$D$953,V$3,'Исходные данные'!$F$2:$F$953,$H13&"")=0,SUMIFS('Исходные данные'!$I$2:$I$953,'Исходные данные'!$D$2:$D$953,V$3,'Исходные данные'!$F$2:$F$953,$H13&""),IF(SUMIFS('Исходные данные'!$I$2:$I$953,'Исходные данные'!$D$2:$D$953,V$3,'Исходные данные'!$F$2:$F$953,$H13&"")=0,"0+"&SUMIFS('Исходные данные'!$J$2:$J$953,'Исходные данные'!$D$2:$D$953,V$3,'Исходные данные'!$F$2:$F$953,$H13&"")&"="&SUMIFS('Исходные данные'!$J$2:$J$953,'Исходные данные'!$D$2:$D$953,V$3,'Исходные данные'!$F$2:$F$953,$H13&""),SUMIFS('Исходные данные'!$I$2:$I$953,'Исходные данные'!$D$2:$D$953,V$3,'Исходные данные'!$F$2:$F$953,$H13&"")&"+"&SUMIFS('Исходные данные'!$J$2:$J$953,'Исходные данные'!$D$2:$D$953,V$3,'Исходные данные'!$F$2:$F$953,$H13&"")&"="&(SUMIFS('Исходные данные'!$I$2:$I$953,'Исходные данные'!$D$2:$D$953,V$3,'Исходные данные'!$F$2:$F$953,$H13&"")+SUMIFS('Исходные данные'!$J$2:$J$953,'Исходные данные'!$D$2:$D$953,V$3,'Исходные данные'!$F$2:$F$953,$H13&""))))) | ... AA13: =IF(SUMIFS('Исходные данные'!$I$2:$I$953,'Исходные данные'!$D$2:$D$953,AA$3,'Исходные данные'!$F$2:$F$953,$H13&"")+SUMIFS('Исходные данные'!$J$2:$J$953,'Исходные данные'!$D$2:$D$953,AA$3,'Исходные данные'!$F$2:$F$953,$H13&"")=0,"",IF(SUMIFS('Исходные данные'!$J$2:$J$953,'Исходные данные'!$D$2:$D$953,AA$3,'Исходные данные'!$F$2:$F$953,$H13&"")=0,SUMIFS('Исходные данные'!$I$2:$I$953,'Исходные данные'!$D$2:$D$953,AA$3,'Исходные данные'!$F$2:$F$953,$H13&""),IF(SUMIFS('Исходные данные'!$I$2:$I$953,'Исходные данные'!$D$2:$D$953,AA$3,'Исходные данные'!$F$2:$F$953,$H13&"")=0,"0+"&SUMIFS('Исходные данные'!$J$2:$J$953,'Исходные данные'!$D$2:$D$953,AA$3,'Исходные данные'!$F$2:$F$953,$H13&"")&"="&SUMIFS('Исходные данные'!$J$2:$J$953,'Исходные данные'!$D$2:$D$953,AA$3,'Исходные данные'!$F$2:$F$953,$H13&""),SUMIFS('Исходные данные'!$I$2:$I$953,'Исходные данные'!$D$2:$D$953,AA$3,'Исходные данные'!$F$2:$F$953,$H13&"")&"+"&SUMIFS('Исходные данные'!$J$2:$J$953,'Исходные данные'!$D$2:$D$953,AA$3,'Исходные данные'!$F$2:$F$953,$H13&"")&"="&(SUMIFS('Исходные данные'!$I$2:$I$953,'Исходные данные'!$D$2:$D$953,AA$3,'Исходные данные'!$F$2:$F$953,$H13&"")+SUMIFS('Исходные данные'!$J$2:$J$953,'Исходные данные'!$D$2:$D$953,AA$3,'Исходные данные'!$F$2:$F$953,$H13&""))))) | AC13: =IF(SUMIFS('Исходные данные'!$I$2:$I$953,'Исходные данные'!$D$2:$D$953,AC$3,'Исходные данные'!$F$2:$F$953,$H13&"")+SUMIFS('Исходные данные'!$J$2:$J$953,'Исходные данные'!$D$2:$D$953,AC$3,'Исходные данные'!$F$2:$F$953,$H13&"")=0,"",IF(SUMIFS('Исходные данные'!$J$2:$J$953,'Исходные данные'!$D$2:$D$953,AC$3,'Исходные данные'!$F$2:$F$953,$H13&"")=0,SUMIFS('Исходные данные'!$I$2:$I$953,'Исходные данные'!$D$2:$D$953,AC$3,'Исходные данные'!$F$2:$F$953,$H13&""),IF(SUMIFS('Исходные данные'!$I$2:$I$953,'Исходные данные'!$D$2:$D$953,AC$3,'Исходные данные'!$F$2:$F$953,$H13&"")=0,"0+"&SUMIFS('Исходные данные'!$J$2:$J$953,'Исходные данные'!$D$2:$D$953,AC$3,'Исходные данные'!$F$2:$F$953,$H13&"")&"="&SUMIFS('Исходные данные'!$J$2:$J$953,'Исходные данные'!$D$2:$D$953,AC$3,'Исходные данные'!$F$2:$F$953,$H13&""),SUMIFS('Исходные данные'!$I$2:$I$953,'Исходные данные'!$D$2:$D$953,AC$3,'Исходные данные'!$F$2:$F$953,$H13&"")&"+"&SUMIFS('Исходные данные'!$J$2:$J$953,'Исходные данные'!$D$2:$D$953,AC$3,'Исходные данные'!$F$2:$F$953,$H13&"")&"="&(SUMIFS('Исходные данные'!$I$2:$I$953,'Исходные данные'!$D$2:$D$953,AC$3,'Исходные данные'!$F$2:$F$953,$H13&"")+SUMIFS('Исходные данные'!$J$2:$J$953,'Исходные данные'!$D$2:$D$953,AC$3,'Исходные данные'!$F$2:$F$953,$H13&""))))) | AD13: =IF(SUMIFS('Исходные данные'!$I$2:$I$953,'Исходные данные'!$D$2:$D$953,AD$3,'Исходные данные'!$F$2:$F$953,$H13&"")+SUMIFS('Исходные данные'!$J$2:$J$953,'Исходные данные'!$D$2:$D$953,AD$3,'Исходные данные'!$F$2:$F$953,$H13&"")=0,"",IF(SUMIFS('Исходные данные'!$J$2:$J$953,'Исходные данные'!$D$2:$D$953,AD$3,'Исходные данные'!$F$2:$F$953,$H13&"")=0,SUMIFS('Исходные данные'!$I$2:$I$953,'Исходные данные'!$D$2:$D$953,AD$3,'Исходные данные'!$F$2:$F$953,$H13&""),IF(SUMIFS('Исходные данные'!$I$2:$I$953,'Исходные данные'!$D$2:$D$953,AD$3,'Исходные данные'!$F$2:$F$953,$H13&"")=0,"0+"&SUMIFS('Исходные данные'!$J$2:$J$953,'Исходные данные'!$D$2:$D$953,AD$3,'Исходные данные'!$F$2:$F$953,$H13&"")&"="&SUMIFS('Исходные данные'!$J$2:$J$953,'Исходные данные'!$D$2:$D$953,AD$3,'Исходные данные'!$F$2:$F$953,$H13&""),SUMIFS('Исходные данные'!$I$2:$I$953,'Исходные данные'!$D$2:$D$953,AD$3,'Исходные данные'!$F$2:$F$953,$H13&"")&"+"&SUMIFS('Исходные данные'!$J$2:$J$953,'Исходные данные'!$D$2:$D$953,AD$3,'Исходные данные'!$F$2:$F$953,$H13&"")&"="&(SUMIFS('Исходные данные'!$I$2:$I$953,'Исходные данные'!$D$2:$D$953,AD$3,'Исходные данные'!$F$2:$F$953,$H13&"")+SUMIFS('Исходные данные'!$J$2:$J$953,'Исходные данные'!$D$2:$D$953,AD$3,'Исходные данные'!$F$2:$F$953,$H13&"")))))
A14: 12 | O14: =IF(SUMIFS('Исходные данные'!$I$2:$I$953,'Исходные данные'!$D$2:$D$953,O$3,'Исходные данные'!$F$2:$F$953,$H15&"",'Исходные данные'!$L$2:$L$953,"УТТ")+SUMIFS('Исходные данные'!$J$2:$J$953,'Исходные данные'!$D$2:$D$953,O$3,'Исходные данные'!$F$2:$F$953,$H15&"",'Исходные данные'!$L$2:$L$953,"УТТ")=0,"","утт-"&(SUMIFS('Исходные данные'!$I$2:$I$953,'Исходные данные'!$D$2:$D$953,O$3,'Исходные данные'!$F$2:$F$953,$H15&"",'Исходные данные'!$L$2:$L$953,"УТТ")+SUMIFS('Исходные данные'!$J$2:$J$953,'Исходные данные'!$D$2:$D$953,O$3,'Исходные данные'!$F$2:$F$953,$H15&"",'Исходные данные'!$L$2:$L$953,"УТТ"))) | P14: =IF(SUMIFS('Исходные данные'!$I$2:$I$953,'Исходные данные'!$D$2:$D$953,P$3,'Исходные данные'!$F$2:$F$953,$H15&"",'Исходные данные'!$L$2:$L$953,"УТТ")+SUMIFS('Исходные данные'!$J$2:$J$953,'Исходные данные'!$D$2:$D$953,P$3,'Исходные данные'!$F$2:$F$953,$H15&"",'Исходные данные'!$L$2:$L$953,"УТТ")=0,"","утт-"&(SUMIFS('Исходные данные'!$I$2:$I$953,'Исходные данные'!$D$2:$D$953,P$3,'Исходные данные'!$F$2:$F$953,$H15&"",'Исходные данные'!$L$2:$L$953,"УТТ")+SUMIFS('Исходные данные'!$J$2:$J$953,'Исходные данные'!$D$2:$D$953,P$3,'Исходные данные'!$F$2:$F$953,$H15&"",'Исходные данные'!$L$2:$L$953,"УТТ"))) | Q14: =IF(SUMIFS('Исходные данные'!$I$2:$I$953,'Исходные данные'!$D$2:$D$953,Q$3,'Исходные данные'!$F$2:$F$953,$H15&"",'Исходные данные'!$L$2:$L$953,"УТТ")+SUMIFS('Исходные данные'!$J$2:$J$953,'Исходные данные'!$D$2:$D$953,Q$3,'Исходные данные'!$F$2:$F$953,$H15&"",'Исходные данные'!$L$2:$L$953,"УТТ")=0,"","утт-"&(SUMIFS('Исходные данные'!$I$2:$I$953,'Исходные данные'!$D$2:$D$953,Q$3,'Исходные данные'!$F$2:$F$953,$H15&"",'Исходные данные'!$L$2:$L$953,"УТТ")+SUMIFS('Исходные данные'!$J$2:$J$953,'Исходные данные'!$D$2:$D$953,Q$3,'Исходные данные'!$F$2:$F$953,$H15&"",'Исходные данные'!$L$2:$L$953,"УТТ"))) | R14: =IF(SUMIFS('Исходные данные'!$I$2:$I$953,'Исходные данные'!$D$2:$D$953,R$3,'Исходные данные'!$F$2:$F$953,$H15&"",'Исходные данные'!$L$2:$L$953,"УТТ")+SUMIFS('Исходные данные'!$J$2:$J$953,'Исходные данные'!$D$2:$D$953,R$3,'Исходные данные'!$F$2:$F$953,$H15&"",'Исходные данные'!$L$2:$L$953,"УТТ")=0,"","утт-"&(SUMIFS('Исходные данные'!$I$2:$I$953,'Исходные данные'!$D$2:$D$953,R$3,'Исходные данные'!$F$2:$F$953,$H15&"",'Исходные данные'!$L$2:$L$953,"УТТ")+SUMIFS('Исходные данные'!$J$2:$J$953,'Исходные данные'!$D$2:$D$953,R$3,'Исходные данные'!$F$2:$F$953,$H15&"",'Исходные данные'!$L$2:$L$953,"УТТ"))) | S14: =IF(SUMIFS('Исходные данные'!$I$2:$I$953,'Исходные данные'!$D$2:$D$953,S$3,'Исходные данные'!$F$2:$F$953,$H15&"",'Исходные данные'!$L$2:$L$953,"УТТ")+SUMIFS('Исходные данные'!$J$2:$J$953,'Исходные данные'!$D$2:$D$953,S$3,'Исходные данные'!$F$2:$F$953,$H15&"",'Исходные данные'!$L$2:$L$953,"УТТ")=0,"","утт-"&(SUMIFS('Исходные данные'!$I$2:$I$953,'Исходные данные'!$D$2:$D$953,S$3,'Исходные данные'!$F$2:$F$953,$H15&"",'Исходные данные'!$L$2:$L$953,"УТТ")+SUMIFS('Исходные данные'!$J$2:$J$953,'Исходные данные'!$D$2:$D$953,S$3,'Исходные данные'!$F$2:$F$953,$H15&"",'Исходные данные'!$L$2:$L$953,"УТТ"))) | T14: =IF(SUMIFS('Исходные данные'!$I$2:$I$953,'Исходные данные'!$D$2:$D$953,T$3,'Исходные данные'!$F$2:$F$953,$H15&"",'Исходные данные'!$L$2:$L$953,"УТТ")+SUMIFS('Исходные данные'!$J$2:$J$953,'Исходные данные'!$D$2:$D$953,T$3,'Исходные данные'!$F$2:$F$953,$H15&"",'Исходные данные'!$L$2:$L$953,"УТТ")=0,"","утт-"&(SUMIFS('Исходные данные'!$I$2:$I$953,'Исходные данные'!$D$2:$D$953,T$3,'Исходные данные'!$F$2:$F$953,$H15&"",'Исходные данные'!$L$2:$L$953,"УТТ")+SUMIFS('Исходные данные'!$J$2:$J$953,'Исходные данные'!$D$2:$D$953,T$3,'Исходные данные'!$F$2:$F$953,$H15&"",'Исходные данные'!$L$2:$L$953,"УТТ"))) | U14: =IF(SUMIFS('Исходные данные'!$I$2:$I$953,'Исходные данные'!$D$2:$D$953,U$3,'Исходные данные'!$F$2:$F$953,$H15&"",'Исходные данные'!$L$2:$L$953,"УТТ")+SUMIFS('Исходные данные'!$J$2:$J$953,'Исходные данные'!$D$2:$D$953,U$3,'Исходные данные'!$F$2:$F$953,$H15&"",'Исходные данные'!$L$2:$L$953,"УТТ")=0,"","утт-"&(SUMIFS('Исходные данные'!$I$2:$I$953,'Исходные данные'!$D$2:$D$953,U$3,'Исходные данные'!$F$2:$F$953,$H15&"",'Исходные данные'!$L$2:$L$953,"УТТ")+SUMIFS('Исходные данные'!$J$2:$J$953,'Исходные данные'!$D$2:$D$953,U$3,'Исходные данные'!$F$2:$F$953,$H15&"",'Исходные данные'!$L$2:$L$953,"УТТ"))) | V14: =IF(SUMIFS('Исходные данные'!$I$2:$I$953,'Исходные данные'!$D$2:$D$953,V$3,'Исходные данные'!$F$2:$F$953,$H15&"",'Исходные данные'!$L$2:$L$953,"УТТ")+SUMIFS('Исходные данные'!$J$2:$J$953,'Исходные данные'!$D$2:$D$953,V$3,'Исходные данные'!$F$2:$F$953,$H15&"",'Исходные данные'!$L$2:$L$953,"УТТ")=0,"","утт-"&(SUMIFS('Исходные данные'!$I$2:$I$953,'Исходные данные'!$D$2:$D$953,V$3,'Исходные данные'!$F$2:$F$953,$H15&"",'Исходные данные'!$L$2:$L$953,"УТТ")+SUMIFS('Исходные данные'!$J$2:$J$953,'Исходные данные'!$D$2:$D$953,V$3,'Исходные данные'!$F$2:$F$953,$H15&"",'Исходные данные'!$L$2:$L$953,"УТТ"))) | ... AA14: =IF(SUMIFS('Исходные данные'!$I$2:$I$953,'Исходные данные'!$D$2:$D$953,AA$3,'Исходные данные'!$F$2:$F$953,$H15&"",'Исходные данные'!$L$2:$L$953,"УТТ")+SUMIFS('Исходные данные'!$J$2:$J$953,'Исходные данные'!$D$2:$D$953,AA$3,'Исходные данные'!$F$2:$F$953,$H15&"",'Исходные данные'!$L$2:$L$953,"УТТ")=0,"","утт-"&(SUMIFS('Исходные данные'!$I$2:$I$953,'Исходные данные'!$D$2:$D$953,AA$3,'Исходные данные'!$F$2:$F$953,$H15&"",'Исходные данные'!$L$2:$L$953,"УТТ")+SUMIFS('Исходные данные'!$J$2:$J$953,'Исходные данные'!$D$2:$D$953,AA$3,'Исходные данные'!$F$2:$F$953,$H15&"",'Исходные данные'!$L$2:$L$953,"УТТ"))) | AC14: =IF(SUMIFS('Исходные данные'!$I$2:$I$953,'Исходные данные'!$D$2:$D$953,AC$3,'Исходные данные'!$F$2:$F$953,$H15&"",'Исходные данные'!$L$2:$L$953,"УТТ")+SUMIFS('Исходные данные'!$J$2:$J$953,'Исходные данные'!$D$2:$D$953,AC$3,'Исходные данные'!$F$2:$F$953,$H15&"",'Исходные данные'!$L$2:$L$953,"УТТ")=0,"","утт-"&(SUMIFS('Исходные данные'!$I$2:$I$953,'Исходные данные'!$D$2:$D$953,AC$3,'Исходные данные'!$F$2:$F$953,$H15&"",'Исходные данные'!$L$2:$L$953,"УТТ")+SUMIFS('Исходные данные'!$J$2:$J$953,'Исходные данные'!$D$2:$D$953,AC$3,'Исходные данные'!$F$2:$F$953,$H15&"",'Исходные данные'!$L$2:$L$953,"УТТ"))) | AD14: =IF(SUMIFS('Исходные данные'!$I$2:$I$953,'Исходные данные'!$D$2:$D$953,AD$3,'Исходные данные'!$F$2:$F$953,$H15&"",'Исходные данные'!$L$2:$L$953,"УТТ")+SUMIFS('Исходные данные'!$J$2:$J$953,'Исходные данные'!$D$2:$D$953,AD$3,'Исходные данные'!$F$2:$F$953,$H15&"",'Исходные данные'!$L$2:$L$953,"УТТ")=0,"","утт-"&(SUMIFS('Исходные данные'!$I$2:$I$953,'Исходные данные'!$D$2:$D$953,AD$3,'Исходные данные'!$F$2:$F$953,$H15&"",'Исходные данные'!$L$2:$L$953,"УТТ")+SUMIFS('Исходные данные'!$J$2:$J$953,'Исходные данные'!$D$2:$D$953,AD$3,'Исходные данные'!$F$2:$F$953,$H15&"",'Исходные данные'!$L$2:$L$953,"УТТ")))
A15: 13 | H15: 27 | I15: АРОК (КМУ) | J15: =IFERROR(INDEX('Выход ТС'!$C:$C,MATCH($H15&"",'Выход ТС'!$A:$A,0)),"") | K15: =IFERROR(INDEX('Выход ТС'!$D:$D,MATCH($H15&"",'Выход ТС'!$A:$A,0)),"") | L15: =IFERROR(INDEX('Выход ТС'!$E:$E,MATCH($H15&"",'Выход ТС'!$A:$A,0)),"") | M15: =IFERROR(IF(INDEX('Выход ТС'!$F:$F,MATCH($H15&"",'Выход ТС'!$A:$A,0))=0,"",INDEX('Выход ТС'!$F:$F,MATCH($H15&"",'Выход ТС'!$A:$A,0))),"") | N15: =IFERROR(IF(INDEX('Выход ТС'!$G:$G,MATCH($H15&"",'Выход ТС'!$A:$A,0))=0,"",INDEX('Выход ТС'!$G:$G,MATCH($H15&"",'Выход ТС'!$A:$A,0))),"") | O15: =IF(SUMIFS('Исходные данные'!$I$2:$I$953,'Исходные данные'!$D$2:$D$953,O$3,'Исходные данные'!$F$2:$F$953,$H15&"")+SUMIFS('Исходные данные'!$J$2:$J$953,'Исходные данные'!$D$2:$D$953,O$3,'Исходные данные'!$F$2:$F$953,$H15&"")=0,"",IF(SUMIFS('Исходные данные'!$J$2:$J$953,'Исходные данные'!$D$2:$D$953,O$3,'Исходные данные'!$F$2:$F$953,$H15&"")=0,SUMIFS('Исходные данные'!$I$2:$I$953,'Исходные данные'!$D$2:$D$953,O$3,'Исходные данные'!$F$2:$F$953,$H15&""),IF(SUMIFS('Исходные данные'!$I$2:$I$953,'Исходные данные'!$D$2:$D$953,O$3,'Исходные данные'!$F$2:$F$953,$H15&"")=0,"0+"&SUMIFS('Исходные данные'!$J$2:$J$953,'Исходные данные'!$D$2:$D$953,O$3,'Исходные данные'!$F$2:$F$953,$H15&"")&"="&SUMIFS('Исходные данные'!$J$2:$J$953,'Исходные данные'!$D$2:$D$953,O$3,'Исходные данные'!$F$2:$F$953,$H15&""),SUMIFS('Исходные данные'!$I$2:$I$953,'Исходные данные'!$D$2:$D$953,O$3,'Исходные данные'!$F$2:$F$953,$H15&"")&"+"&SUMIFS('Исходные данные'!$J$2:$J$953,'Исходные данные'!$D$2:$D$953,O$3,'Исходные данные'!$F$2:$F$953,$H15&"")&"="&(SUMIFS('Исходные данные'!$I$2:$I$953,'Исходные данные'!$D$2:$D$953,O$3,'Исходные данные'!$F$2:$F$953,$H15&"")+SUMIFS('Исходные данные'!$J$2:$J$953,'Исходные данные'!$D$2:$D$953,O$3,'Исходные данные'!$F$2:$F$953,$H15&""))))) | P15: =IF(SUMIFS('Исходные данные'!$I$2:$I$953,'Исходные данные'!$D$2:$D$953,P$3,'Исходные данные'!$F$2:$F$953,$H15&"")+SUMIFS('Исходные данные'!$J$2:$J$953,'Исходные данные'!$D$2:$D$953,P$3,'Исходные данные'!$F$2:$F$953,$H15&"")=0,"",IF(SUMIFS('Исходные данные'!$J$2:$J$953,'Исходные данные'!$D$2:$D$953,P$3,'Исходные данные'!$F$2:$F$953,$H15&"")=0,SUMIFS('Исходные данные'!$I$2:$I$953,'Исходные данные'!$D$2:$D$953,P$3,'Исходные данные'!$F$2:$F$953,$H15&""),IF(SUMIFS('Исходные данные'!$I$2:$I$953,'Исходные данные'!$D$2:$D$953,P$3,'Исходные данные'!$F$2:$F$953,$H15&"")=0,"0+"&SUMIFS('Исходные данные'!$J$2:$J$953,'Исходные данные'!$D$2:$D$953,P$3,'Исходные данные'!$F$2:$F$953,$H15&"")&"="&SUMIFS('Исходные данные'!$J$2:$J$953,'Исходные данные'!$D$2:$D$953,P$3,'Исходные данные'!$F$2:$F$953,$H15&""),SUMIFS('Исходные данные'!$I$2:$I$953,'Исходные данные'!$D$2:$D$953,P$3,'Исходные данные'!$F$2:$F$953,$H15&"")&"+"&SUMIFS('Исходные данные'!$J$2:$J$953,'Исходные данные'!$D$2:$D$953,P$3,'Исходные данные'!$F$2:$F$953,$H15&"")&"="&(SUMIFS('Исходные данные'!$I$2:$I$953,'Исходные данные'!$D$2:$D$953,P$3,'Исходные данные'!$F$2:$F$953,$H15&"")+SUMIFS('Исходные данные'!$J$2:$J$953,'Исходные данные'!$D$2:$D$953,P$3,'Исходные данные'!$F$2:$F$953,$H15&""))))) | Q15: =IF(SUMIFS('Исходные данные'!$I$2:$I$953,'Исходные данные'!$D$2:$D$953,Q$3,'Исходные данные'!$F$2:$F$953,$H15&"")+SUMIFS('Исходные данные'!$J$2:$J$953,'Исходные данные'!$D$2:$D$953,Q$3,'Исходные данные'!$F$2:$F$953,$H15&"")=0,"",IF(SUMIFS('Исходные данные'!$J$2:$J$953,'Исходные данные'!$D$2:$D$953,Q$3,'Исходные данные'!$F$2:$F$953,$H15&"")=0,SUMIFS('Исходные данные'!$I$2:$I$953,'Исходные данные'!$D$2:$D$953,Q$3,'Исходные данные'!$F$2:$F$953,$H15&""),IF(SUMIFS('Исходные данные'!$I$2:$I$953,'Исходные данные'!$D$2:$D$953,Q$3,'Исходные данные'!$F$2:$F$953,$H15&"")=0,"0+"&SUMIFS('Исходные данные'!$J$2:$J$953,'Исходные данные'!$D$2:$D$953,Q$3,'Исходные данные'!$F$2:$F$953,$H15&"")&"="&SUMIFS('Исходные данные'!$J$2:$J$953,'Исходные данные'!$D$2:$D$953,Q$3,'Исходные данные'!$F$2:$F$953,$H15&""),SUMIFS('Исходные данные'!$I$2:$I$953,'Исходные данные'!$D$2:$D$953,Q$3,'Исходные данные'!$F$2:$F$953,$H15&"")&"+"&SUMIFS('Исходные данные'!$J$2:$J$953,'Исходные данные'!$D$2:$D$953,Q$3,'Исходные данные'!$F$2:$F$953,$H15&"")&"="&(SUMIFS('Исходные данные'!$I$2:$I$953,'Исходные данные'!$D$2:$D$953,Q$3,'Исходные данные'!$F$2:$F$953,$H15&"")+SUMIFS('Исходные данные'!$J$2:$J$953,'Исходные данные'!$D$2:$D$953,Q$3,'Исходные данные'!$F$2:$F$953,$H15&""))))) | R15: =IF(SUMIFS('Исходные данные'!$I$2:$I$953,'Исходные данные'!$D$2:$D$953,R$3,'Исходные данные'!$F$2:$F$953,$H15&"")+SUMIFS('Исходные данные'!$J$2:$J$953,'Исходные данные'!$D$2:$D$953,R$3,'Исходные данные'!$F$2:$F$953,$H15&"")=0,"",IF(SUMIFS('Исходные данные'!$J$2:$J$953,'Исходные данные'!$D$2:$D$953,R$3,'Исходные данные'!$F$2:$F$953,$H15&"")=0,SUMIFS('Исходные данные'!$I$2:$I$953,'Исходные данные'!$D$2:$D$953,R$3,'Исходные данные'!$F$2:$F$953,$H15&""),IF(SUMIFS('Исходные данные'!$I$2:$I$953,'Исходные данные'!$D$2:$D$953,R$3,'Исходные данные'!$F$2:$F$953,$H15&"")=0,"0+"&SUMIFS('Исходные данные'!$J$2:$J$953,'Исходные данные'!$D$2:$D$953,R$3,'Исходные данные'!$F$2:$F$953,$H15&"")&"="&SUMIFS('Исходные данные'!$J$2:$J$953,'Исходные данные'!$D$2:$D$953,R$3,'Исходные данные'!$F$2:$F$953,$H15&""),SUMIFS('Исходные данные'!$I$2:$I$953,'Исходные данные'!$D$2:$D$953,R$3,'Исходные данные'!$F$2:$F$953,$H15&"")&"+"&SUMIFS('Исходные данные'!$J$2:$J$953,'Исходные данные'!$D$2:$D$953,R$3,'Исходные данные'!$F$2:$F$953,$H15&"")&"="&(SUMIFS('Исходные данные'!$I$2:$I$953,'Исходные данные'!$D$2:$D$953,R$3,'Исходные данные'!$F$2:$F$953,$H15&"")+SUMIFS('Исходные данные'!$J$2:$J$953,'Исходные данные'!$D$2:$D$953,R$3,'Исходные данные'!$F$2:$F$953,$H15&""))))) | S15: =IF(SUMIFS('Исходные данные'!$I$2:$I$953,'Исходные данные'!$D$2:$D$953,S$3,'Исходные данные'!$F$2:$F$953,$H15&"")+SUMIFS('Исходные данные'!$J$2:$J$953,'Исходные данные'!$D$2:$D$953,S$3,'Исходные данные'!$F$2:$F$953,$H15&"")=0,"",IF(SUMIFS('Исходные данные'!$J$2:$J$953,'Исходные данные'!$D$2:$D$953,S$3,'Исходные данные'!$F$2:$F$953,$H15&"")=0,SUMIFS('Исходные данные'!$I$2:$I$953,'Исходные данные'!$D$2:$D$953,S$3,'Исходные данные'!$F$2:$F$953,$H15&""),IF(SUMIFS('Исходные данные'!$I$2:$I$953,'Исходные данные'!$D$2:$D$953,S$3,'Исходные данные'!$F$2:$F$953,$H15&"")=0,"0+"&SUMIFS('Исходные данные'!$J$2:$J$953,'Исходные данные'!$D$2:$D$953,S$3,'Исходные данные'!$F$2:$F$953,$H15&"")&"="&SUMIFS('Исходные данные'!$J$2:$J$953,'Исходные данные'!$D$2:$D$953,S$3,'Исходные данные'!$F$2:$F$953,$H15&""),SUMIFS('Исходные данные'!$I$2:$I$953,'Исходные данные'!$D$2:$D$953,S$3,'Исходные данные'!$F$2:$F$953,$H15&"")&"+"&SUMIFS('Исходные данные'!$J$2:$J$953,'Исходные данные'!$D$2:$D$953,S$3,'Исходные данные'!$F$2:$F$953,$H15&"")&"="&(SUMIFS('Исходные данные'!$I$2:$I$953,'Исходные данные'!$D$2:$D$953,S$3,'Исходные данные'!$F$2:$F$953,$H15&"")+SUMIFS('Исходные данные'!$J$2:$J$953,'Исходные данные'!$D$2:$D$953,S$3,'Исходные данные'!$F$2:$F$953,$H15&""))))) | T15: =IF(SUMIFS('Исходные данные'!$I$2:$I$953,'Исходные данные'!$D$2:$D$953,T$3,'Исходные данные'!$F$2:$F$953,$H15&"")+SUMIFS('Исходные данные'!$J$2:$J$953,'Исходные данные'!$D$2:$D$953,T$3,'Исходные данные'!$F$2:$F$953,$H15&"")=0,"",IF(SUMIFS('Исходные данные'!$J$2:$J$953,'Исходные данные'!$D$2:$D$953,T$3,'Исходные данные'!$F$2:$F$953,$H15&"")=0,SUMIFS('Исходные данные'!$I$2:$I$953,'Исходные данные'!$D$2:$D$953,T$3,'Исходные данные'!$F$2:$F$953,$H15&""),IF(SUMIFS('Исходные данные'!$I$2:$I$953,'Исходные данные'!$D$2:$D$953,T$3,'Исходные данные'!$F$2:$F$953,$H15&"")=0,"0+"&SUMIFS('Исходные данные'!$J$2:$J$953,'Исходные данные'!$D$2:$D$953,T$3,'Исходные данные'!$F$2:$F$953,$H15&"")&"="&SUMIFS('Исходные данные'!$J$2:$J$953,'Исходные данные'!$D$2:$D$953,T$3,'Исходные данные'!$F$2:$F$953,$H15&""),SUMIFS('Исходные данные'!$I$2:$I$953,'Исходные данные'!$D$2:$D$953,T$3,'Исходные данные'!$F$2:$F$953,$H15&"")&"+"&SUMIFS('Исходные данные'!$J$2:$J$953,'Исходные данные'!$D$2:$D$953,T$3,'Исходные данные'!$F$2:$F$953,$H15&"")&"="&(SUMIFS('Исходные данные'!$I$2:$I$953,'Исходные данные'!$D$2:$D$953,T$3,'Исходные данные'!$F$2:$F$953,$H15&"")+SUMIFS('Исходные данные'!$J$2:$J$953,'Исходные данные'!$D$2:$D$953,T$3,'Исходные данные'!$F$2:$F$953,$H15&""))))) | U15: =IF(SUMIFS('Исходные данные'!$I$2:$I$953,'Исходные данные'!$D$2:$D$953,U$3,'Исходные данные'!$F$2:$F$953,$H15&"")+SUMIFS('Исходные данные'!$J$2:$J$953,'Исходные данные'!$D$2:$D$953,U$3,'Исходные данные'!$F$2:$F$953,$H15&"")=0,"",IF(SUMIFS('Исходные данные'!$J$2:$J$953,'Исходные данные'!$D$2:$D$953,U$3,'Исходные данные'!$F$2:$F$953,$H15&"")=0,SUMIFS('Исходные данные'!$I$2:$I$953,'Исходные данные'!$D$2:$D$953,U$3,'Исходные данные'!$F$2:$F$953,$H15&""),IF(SUMIFS('Исходные данные'!$I$2:$I$953,'Исходные данные'!$D$2:$D$953,U$3,'Исходные данные'!$F$2:$F$953,$H15&"")=0,"0+"&SUMIFS('Исходные данные'!$J$2:$J$953,'Исходные данные'!$D$2:$D$953,U$3,'Исходные данные'!$F$2:$F$953,$H15&"")&"="&SUMIFS('Исходные данные'!$J$2:$J$953,'Исходные данные'!$D$2:$D$953,U$3,'Исходные данные'!$F$2:$F$953,$H15&""),SUMIFS('Исходные данные'!$I$2:$I$953,'Исходные данные'!$D$2:$D$953,U$3,'Исходные данные'!$F$2:$F$953,$H15&"")&"+"&SUMIFS('Исходные данные'!$J$2:$J$953,'Исходные данные'!$D$2:$D$953,U$3,'Исходные данные'!$F$2:$F$953,$H15&"")&"="&(SUMIFS('Исходные данные'!$I$2:$I$953,'Исходные данные'!$D$2:$D$953,U$3,'Исходные данные'!$F$2:$F$953,$H15&"")+SUMIFS('Исходные данные'!$J$2:$J$953,'Исходные данные'!$D$2:$D$953,U$3,'Исходные данные'!$F$2:$F$953,$H15&""))))) | V15: =IF(SUMIFS('Исходные данные'!$I$2:$I$953,'Исходные данные'!$D$2:$D$953,V$3,'Исходные данные'!$F$2:$F$953,$H15&"")+SUMIFS('Исходные данные'!$J$2:$J$953,'Исходные данные'!$D$2:$D$953,V$3,'Исходные данные'!$F$2:$F$953,$H15&"")=0,"",IF(SUMIFS('Исходные данные'!$J$2:$J$953,'Исходные данные'!$D$2:$D$953,V$3,'Исходные данные'!$F$2:$F$953,$H15&"")=0,SUMIFS('Исходные данные'!$I$2:$I$953,'Исходные данные'!$D$2:$D$953,V$3,'Исходные данные'!$F$2:$F$953,$H15&""),IF(SUMIFS('Исходные данные'!$I$2:$I$953,'Исходные данные'!$D$2:$D$953,V$3,'Исходные данные'!$F$2:$F$953,$H15&"")=0,"0+"&SUMIFS('Исходные данные'!$J$2:$J$953,'Исходные данные'!$D$2:$D$953,V$3,'Исходные данные'!$F$2:$F$953,$H15&"")&"="&SUMIFS('Исходные данные'!$J$2:$J$953,'Исходные данные'!$D$2:$D$953,V$3,'Исходные данные'!$F$2:$F$953,$H15&""),SUMIFS('Исходные данные'!$I$2:$I$953,'Исходные данные'!$D$2:$D$953,V$3,'Исходные данные'!$F$2:$F$953,$H15&"")&"+"&SUMIFS('Исходные данные'!$J$2:$J$953,'Исходные данные'!$D$2:$D$953,V$3,'Исходные данные'!$F$2:$F$953,$H15&"")&"="&(SUMIFS('Исходные данные'!$I$2:$I$953,'Исходные данные'!$D$2:$D$953,V$3,'Исходные данные'!$F$2:$F$953,$H15&"")+SUMIFS('Исходные данные'!$J$2:$J$953,'Исходные данные'!$D$2:$D$953,V$3,'Исходные данные'!$F$2:$F$953,$H15&""))))) | ... AA15: =IF(SUMIFS('Исходные данные'!$I$2:$I$953,'Исходные данные'!$D$2:$D$953,AA$3,'Исходные данные'!$F$2:$F$953,$H15&"")+SUMIFS('Исходные данные'!$J$2:$J$953,'Исходные данные'!$D$2:$D$953,AA$3,'Исходные данные'!$F$2:$F$953,$H15&"")=0,"",IF(SUMIFS('Исходные данные'!$J$2:$J$953,'Исходные данные'!$D$2:$D$953,AA$3,'Исходные данные'!$F$2:$F$953,$H15&"")=0,SUMIFS('Исходные данные'!$I$2:$I$953,'Исходные данные'!$D$2:$D$953,AA$3,'Исходные данные'!$F$2:$F$953,$H15&""),IF(SUMIFS('Исходные данные'!$I$2:$I$953,'Исходные данные'!$D$2:$D$953,AA$3,'Исходные данные'!$F$2:$F$953,$H15&"")=0,"0+"&SUMIFS('Исходные данные'!$J$2:$J$953,'Исходные данные'!$D$2:$D$953,AA$3,'Исходные данные'!$F$2:$F$953,$H15&"")&"="&SUMIFS('Исходные данные'!$J$2:$J$953,'Исходные данные'!$D$2:$D$953,AA$3,'Исходные данные'!$F$2:$F$953,$H15&""),SUMIFS('Исходные данные'!$I$2:$I$953,'Исходные данные'!$D$2:$D$953,AA$3,'Исходные данные'!$F$2:$F$953,$H15&"")&"+"&SUMIFS('Исходные данные'!$J$2:$J$953,'Исходные данные'!$D$2:$D$953,AA$3,'Исходные данные'!$F$2:$F$953,$H15&"")&"="&(SUMIFS('Исходные данные'!$I$2:$I$953,'Исходные данные'!$D$2:$D$953,AA$3,'Исходные данные'!$F$2:$F$953,$H15&"")+SUMIFS('Исходные данные'!$J$2:$J$953,'Исходные данные'!$D$2:$D$953,AA$3,'Исходные данные'!$F$2:$F$953,$H15&""))))) | AC15: =IF(SUMIFS('Исходные данные'!$I$2:$I$953,'Исходные данные'!$D$2:$D$953,AC$3,'Исходные данные'!$F$2:$F$953,$H15&"")+SUMIFS('Исходные данные'!$J$2:$J$953,'Исходные данные'!$D$2:$D$953,AC$3,'Исходные данные'!$F$2:$F$953,$H15&"")=0,"",IF(SUMIFS('Исходные данные'!$J$2:$J$953,'Исходные данные'!$D$2:$D$953,AC$3,'Исходные данные'!$F$2:$F$953,$H15&"")=0,SUMIFS('Исходные данные'!$I$2:$I$953,'Исходные данные'!$D$2:$D$953,AC$3,'Исходные данные'!$F$2:$F$953,$H15&""),IF(SUMIFS('Исходные данные'!$I$2:$I$953,'Исходные данные'!$D$2:$D$953,AC$3,'Исходные данные'!$F$2:$F$953,$H15&"")=0,"0+"&SUMIFS('Исходные данные'!$J$2:$J$953,'Исходные данные'!$D$2:$D$953,AC$3,'Исходные данные'!$F$2:$F$953,$H15&"")&"="&SUMIFS('Исходные данные'!$J$2:$J$953,'Исходные данные'!$D$2:$D$953,AC$3,'Исходные данные'!$F$2:$F$953,$H15&""),SUMIFS('Исходные данные'!$I$2:$I$953,'Исходные данные'!$D$2:$D$953,AC$3,'Исходные данные'!$F$2:$F$953,$H15&"")&"+"&SUMIFS('Исходные данные'!$J$2:$J$953,'Исходные данные'!$D$2:$D$953,AC$3,'Исходные данные'!$F$2:$F$953,$H15&"")&"="&(SUMIFS('Исходные данные'!$I$2:$I$953,'Исходные данные'!$D$2:$D$953,AC$3,'Исходные данные'!$F$2:$F$953,$H15&"")+SUMIFS('Исходные данные'!$J$2:$J$953,'Исходные данные'!$D$2:$D$953,AC$3,'Исходные данные'!$F$2:$F$953,$H15&""))))) | AD15: =IF(SUMIFS('Исходные данные'!$I$2:$I$953,'Исходные данные'!$D$2:$D$953,AD$3,'Исходные данные'!$F$2:$F$953,$H15&"")+SUMIFS('Исходные данные'!$J$2:$J$953,'Исходные данные'!$D$2:$D$953,AD$3,'Исходные данные'!$F$2:$F$953,$H15&"")=0,"",IF(SUMIFS('Исходные данные'!$J$2:$J$953,'Исходные данные'!$D$2:$D$953,AD$3,'Исходные данные'!$F$2:$F$953,$H15&"")=0,SUMIFS('Исходные данные'!$I$2:$I$953,'Исходные данные'!$D$2:$D$953,AD$3,'Исходные данные'!$F$2:$F$953,$H15&""),IF(SUMIFS('Исходные данные'!$I$2:$I$953,'Исходные данные'!$D$2:$D$953,AD$3,'Исходные данные'!$F$2:$F$953,$H15&"")=0,"0+"&SUMIFS('Исходные данные'!$J$2:$J$953,'Исходные данные'!$D$2:$D$953,AD$3,'Исходные данные'!$F$2:$F$953,$H15&"")&"="&SUMIFS('Исходные данные'!$J$2:$J$953,'Исходные данные'!$D$2:$D$953,AD$3,'Исходные данные'!$F$2:$F$953,$H15&""),SUMIFS('Исходные данные'!$I$2:$I$953,'Исходные данные'!$D$2:$D$953,AD$3,'Исходные данные'!$F$2:$F$953,$H15&"")&"+"&SUMIFS('Исходные данные'!$J$2:$J$953,'Исходные данные'!$D$2:$D$953,AD$3,'Исходные данные'!$F$2:$F$953,$H15&"")&"="&(SUMIFS('Исходные данные'!$I$2:$I$953,'Исходные данные'!$D$2:$D$953,AD$3,'Исходные данные'!$F$2:$F$953,$H15&"")+SUMIFS('Исходные данные'!$J$2:$J$953,'Исходные данные'!$D$2:$D$953,AD$3,'Исходные данные'!$F$2:$F$953,$H15&"")))))
A16: 14 | O16: =IF(SUMIFS('Исходные данные'!$I$2:$I$953,'Исходные данные'!$D$2:$D$953,O$3,'Исходные данные'!$F$2:$F$953,$H17&"",'Исходные данные'!$L$2:$L$953,"УТТ")+SUMIFS('Исходные данные'!$J$2:$J$953,'Исходные данные'!$D$2:$D$953,O$3,'Исходные данные'!$F$2:$F$953,$H17&"",'Исходные данные'!$L$2:$L$953,"УТТ")=0,"","утт-"&(SUMIFS('Исходные данные'!$I$2:$I$953,'Исходные данные'!$D$2:$D$953,O$3,'Исходные данные'!$F$2:$F$953,$H17&"",'Исходные данные'!$L$2:$L$953,"УТТ")+SUMIFS('Исходные данные'!$J$2:$J$953,'Исходные данные'!$D$2:$D$953,O$3,'Исходные данные'!$F$2:$F$953,$H17&"",'Исходные данные'!$L$2:$L$953,"УТТ"))) | P16: =IF(SUMIFS('Исходные данные'!$I$2:$I$953,'Исходные данные'!$D$2:$D$953,P$3,'Исходные данные'!$F$2:$F$953,$H17&"",'Исходные данные'!$L$2:$L$953,"УТТ")+SUMIFS('Исходные данные'!$J$2:$J$953,'Исходные данные'!$D$2:$D$953,P$3,'Исходные данные'!$F$2:$F$953,$H17&"",'Исходные данные'!$L$2:$L$953,"УТТ")=0,"","утт-"&(SUMIFS('Исходные данные'!$I$2:$I$953,'Исходные данные'!$D$2:$D$953,P$3,'Исходные данные'!$F$2:$F$953,$H17&"",'Исходные данные'!$L$2:$L$953,"УТТ")+SUMIFS('Исходные данные'!$J$2:$J$953,'Исходные данные'!$D$2:$D$953,P$3,'Исходные данные'!$F$2:$F$953,$H17&"",'Исходные данные'!$L$2:$L$953,"УТТ"))) | Q16: =IF(SUMIFS('Исходные данные'!$I$2:$I$953,'Исходные данные'!$D$2:$D$953,Q$3,'Исходные данные'!$F$2:$F$953,$H17&"",'Исходные данные'!$L$2:$L$953,"УТТ")+SUMIFS('Исходные данные'!$J$2:$J$953,'Исходные данные'!$D$2:$D$953,Q$3,'Исходные данные'!$F$2:$F$953,$H17&"",'Исходные данные'!$L$2:$L$953,"УТТ")=0,"","утт-"&(SUMIFS('Исходные данные'!$I$2:$I$953,'Исходные данные'!$D$2:$D$953,Q$3,'Исходные данные'!$F$2:$F$953,$H17&"",'Исходные данные'!$L$2:$L$953,"УТТ")+SUMIFS('Исходные данные'!$J$2:$J$953,'Исходные данные'!$D$2:$D$953,Q$3,'Исходные данные'!$F$2:$F$953,$H17&"",'Исходные данные'!$L$2:$L$953,"УТТ"))) | R16: =IF(SUMIFS('Исходные данные'!$I$2:$I$953,'Исходные данные'!$D$2:$D$953,R$3,'Исходные данные'!$F$2:$F$953,$H17&"",'Исходные данные'!$L$2:$L$953,"УТТ")+SUMIFS('Исходные данные'!$J$2:$J$953,'Исходные данные'!$D$2:$D$953,R$3,'Исходные данные'!$F$2:$F$953,$H17&"",'Исходные данные'!$L$2:$L$953,"УТТ")=0,"","утт-"&(SUMIFS('Исходные данные'!$I$2:$I$953,'Исходные данные'!$D$2:$D$953,R$3,'Исходные данные'!$F$2:$F$953,$H17&"",'Исходные данные'!$L$2:$L$953,"УТТ")+SUMIFS('Исходные данные'!$J$2:$J$953,'Исходные данные'!$D$2:$D$953,R$3,'Исходные данные'!$F$2:$F$953,$H17&"",'Исходные данные'!$L$2:$L$953,"УТТ"))) | S16: =IF(SUMIFS('Исходные данные'!$I$2:$I$953,'Исходные данные'!$D$2:$D$953,S$3,'Исходные данные'!$F$2:$F$953,$H17&"",'Исходные данные'!$L$2:$L$953,"УТТ")+SUMIFS('Исходные данные'!$J$2:$J$953,'Исходные данные'!$D$2:$D$953,S$3,'Исходные данные'!$F$2:$F$953,$H17&"",'Исходные данные'!$L$2:$L$953,"УТТ")=0,"","утт-"&(SUMIFS('Исходные данные'!$I$2:$I$953,'Исходные данные'!$D$2:$D$953,S$3,'Исходные данные'!$F$2:$F$953,$H17&"",'Исходные данные'!$L$2:$L$953,"УТТ")+SUMIFS('Исходные данные'!$J$2:$J$953,'Исходные данные'!$D$2:$D$953,S$3,'Исходные данные'!$F$2:$F$953,$H17&"",'Исходные данные'!$L$2:$L$953,"УТТ"))) | T16: =IF(SUMIFS('Исходные данные'!$I$2:$I$953,'Исходные данные'!$D$2:$D$953,T$3,'Исходные данные'!$F$2:$F$953,$H17&"",'Исходные данные'!$L$2:$L$953,"УТТ")+SUMIFS('Исходные данные'!$J$2:$J$953,'Исходные данные'!$D$2:$D$953,T$3,'Исходные данные'!$F$2:$F$953,$H17&"",'Исходные данные'!$L$2:$L$953,"УТТ")=0,"","утт-"&(SUMIFS('Исходные данные'!$I$2:$I$953,'Исходные данные'!$D$2:$D$953,T$3,'Исходные данные'!$F$2:$F$953,$H17&"",'Исходные данные'!$L$2:$L$953,"УТТ")+SUMIFS('Исходные данные'!$J$2:$J$953,'Исходные данные'!$D$2:$D$953,T$3,'Исходные данные'!$F$2:$F$953,$H17&"",'Исходные данные'!$L$2:$L$953,"УТТ"))) | U16: =IF(SUMIFS('Исходные данные'!$I$2:$I$953,'Исходные данные'!$D$2:$D$953,U$3,'Исходные данные'!$F$2:$F$953,$H17&"",'Исходные данные'!$L$2:$L$953,"УТТ")+SUMIFS('Исходные данные'!$J$2:$J$953,'Исходные данные'!$D$2:$D$953,U$3,'Исходные данные'!$F$2:$F$953,$H17&"",'Исходные данные'!$L$2:$L$953,"УТТ")=0,"","утт-"&(SUMIFS('Исходные данные'!$I$2:$I$953,'Исходные данные'!$D$2:$D$953,U$3,'Исходные данные'!$F$2:$F$953,$H17&"",'Исходные данные'!$L$2:$L$953,"УТТ")+SUMIFS('Исходные данные'!$J$2:$J$953,'Исходные данные'!$D$2:$D$953,U$3,'Исходные данные'!$F$2:$F$953,$H17&"",'Исходные данные'!$L$2:$L$953,"УТТ"))) | V16: =IF(SUMIFS('Исходные данные'!$I$2:$I$953,'Исходные данные'!$D$2:$D$953,V$3,'Исходные данные'!$F$2:$F$953,$H17&"",'Исходные данные'!$L$2:$L$953,"УТТ")+SUMIFS('Исходные данные'!$J$2:$J$953,'Исходные данные'!$D$2:$D$953,V$3,'Исходные данные'!$F$2:$F$953,$H17&"",'Исходные данные'!$L$2:$L$953,"УТТ")=0,"","утт-"&(SUMIFS('Исходные данные'!$I$2:$I$953,'Исходные данные'!$D$2:$D$953,V$3,'Исходные данные'!$F$2:$F$953,$H17&"",'Исходные данные'!$L$2:$L$953,"УТТ")+SUMIFS('Исходные данные'!$J$2:$J$953,'Исходные данные'!$D$2:$D$953,V$3,'Исходные данные'!$F$2:$F$953,$H17&"",'Исходные данные'!$L$2:$L$953,"УТТ"))) | ... AA16: =IF(SUMIFS('Исходные данные'!$I$2:$I$953,'Исходные данные'!$D$2:$D$953,AA$3,'Исходные данные'!$F$2:$F$953,$H17&"",'Исходные данные'!$L$2:$L$953,"УТТ")+SUMIFS('Исходные данные'!$J$2:$J$953,'Исходные данные'!$D$2:$D$953,AA$3,'Исходные данные'!$F$2:$F$953,$H17&"",'Исходные данные'!$L$2:$L$953,"УТТ")=0,"","утт-"&(SUMIFS('Исходные данные'!$I$2:$I$953,'Исходные данные'!$D$2:$D$953,AA$3,'Исходные данные'!$F$2:$F$953,$H17&"",'Исходные данные'!$L$2:$L$953,"УТТ")+SUMIFS('Исходные данные'!$J$2:$J$953,'Исходные данные'!$D$2:$D$953,AA$3,'Исходные данные'!$F$2:$F$953,$H17&"",'Исходные данные'!$L$2:$L$953,"УТТ"))) | AC16: =IF(SUMIFS('Исходные данные'!$I$2:$I$953,'Исходные данные'!$D$2:$D$953,AC$3,'Исходные данные'!$F$2:$F$953,$H17&"",'Исходные данные'!$L$2:$L$953,"УТТ")+SUMIFS('Исходные данные'!$J$2:$J$953,'Исходные данные'!$D$2:$D$953,AC$3,'Исходные данные'!$F$2:$F$953,$H17&"",'Исходные данные'!$L$2:$L$953,"УТТ")=0,"","утт-"&(SUMIFS('Исходные данные'!$I$2:$I$953,'Исходные данные'!$D$2:$D$953,AC$3,'Исходные данные'!$F$2:$F$953,$H17&"",'Исходные данные'!$L$2:$L$953,"УТТ")+SUMIFS('Исходные данные'!$J$2:$J$953,'Исходные данные'!$D$2:$D$953,AC$3,'Исходные данные'!$F$2:$F$953,$H17&"",'Исходные данные'!$L$2:$L$953,"УТТ"))) | AD16: =IF(SUMIFS('Исходные данные'!$I$2:$I$953,'Исходные данные'!$D$2:$D$953,AD$3,'Исходные данные'!$F$2:$F$953,$H17&"",'Исходные данные'!$L$2:$L$953,"УТТ")+SUMIFS('Исходные данные'!$J$2:$J$953,'Исходные данные'!$D$2:$D$953,AD$3,'Исходные данные'!$F$2:$F$953,$H17&"",'Исходные данные'!$L$2:$L$953,"УТТ")=0,"","утт-"&(SUMIFS('Исходные данные'!$I$2:$I$953,'Исходные данные'!$D$2:$D$953,AD$3,'Исходные данные'!$F$2:$F$953,$H17&"",'Исходные данные'!$L$2:$L$953,"УТТ")+SUMIFS('Исходные данные'!$J$2:$J$953,'Исходные данные'!$D$2:$D$953,AD$3,'Исходные данные'!$F$2:$F$953,$H17&"",'Исходные данные'!$L$2:$L$953,"УТТ")))
A17: 15 | H17: 31 | I17: ЦА-320 | J17: =IFERROR(INDEX('Выход ТС'!$C:$C,MATCH($H17&"",'Выход ТС'!$A:$A,0)),"") | K17: =IFERROR(INDEX('Выход ТС'!$D:$D,MATCH($H17&"",'Выход ТС'!$A:$A,0)),"") | L17: =IFERROR(INDEX('Выход ТС'!$E:$E,MATCH($H17&"",'Выход ТС'!$A:$A,0)),"") | M17: =IFERROR(IF(INDEX('Выход ТС'!$F:$F,MATCH($H17&"",'Выход ТС'!$A:$A,0))=0,"",INDEX('Выход ТС'!$F:$F,MATCH($H17&"",'Выход ТС'!$A:$A,0))),"") | N17: =IFERROR(IF(INDEX('Выход ТС'!$G:$G,MATCH($H17&"",'Выход ТС'!$A:$A,0))=0,"",INDEX('Выход ТС'!$G:$G,MATCH($H17&"",'Выход ТС'!$A:$A,0))),"") | O17: =IF(SUMIFS('Исходные данные'!$I$2:$I$953,'Исходные данные'!$D$2:$D$953,O$3,'Исходные данные'!$F$2:$F$953,$H17&"")+SUMIFS('Исходные данные'!$J$2:$J$953,'Исходные данные'!$D$2:$D$953,O$3,'Исходные данные'!$F$2:$F$953,$H17&"")=0,"",IF(SUMIFS('Исходные данные'!$J$2:$J$953,'Исходные данные'!$D$2:$D$953,O$3,'Исходные данные'!$F$2:$F$953,$H17&"")=0,SUMIFS('Исходные данные'!$I$2:$I$953,'Исходные данные'!$D$2:$D$953,O$3,'Исходные данные'!$F$2:$F$953,$H17&""),IF(SUMIFS('Исходные данные'!$I$2:$I$953,'Исходные данные'!$D$2:$D$953,O$3,'Исходные данные'!$F$2:$F$953,$H17&"")=0,"0+"&SUMIFS('Исходные данные'!$J$2:$J$953,'Исходные данные'!$D$2:$D$953,O$3,'Исходные данные'!$F$2:$F$953,$H17&"")&"="&SUMIFS('Исходные данные'!$J$2:$J$953,'Исходные данные'!$D$2:$D$953,O$3,'Исходные данные'!$F$2:$F$953,$H17&""),SUMIFS('Исходные данные'!$I$2:$I$953,'Исходные данные'!$D$2:$D$953,O$3,'Исходные данные'!$F$2:$F$953,$H17&"")&"+"&SUMIFS('Исходные данные'!$J$2:$J$953,'Исходные данные'!$D$2:$D$953,O$3,'Исходные данные'!$F$2:$F$953,$H17&"")&"="&(SUMIFS('Исходные данные'!$I$2:$I$953,'Исходные данные'!$D$2:$D$953,O$3,'Исходные данные'!$F$2:$F$953,$H17&"")+SUMIFS('Исходные данные'!$J$2:$J$953,'Исходные данные'!$D$2:$D$953,O$3,'Исходные данные'!$F$2:$F$953,$H17&""))))) | P17: =IF(SUMIFS('Исходные данные'!$I$2:$I$953,'Исходные данные'!$D$2:$D$953,P$3,'Исходные данные'!$F$2:$F$953,$H17&"")+SUMIFS('Исходные данные'!$J$2:$J$953,'Исходные данные'!$D$2:$D$953,P$3,'Исходные данные'!$F$2:$F$953,$H17&"")=0,"",IF(SUMIFS('Исходные данные'!$J$2:$J$953,'Исходные данные'!$D$2:$D$953,P$3,'Исходные данные'!$F$2:$F$953,$H17&"")=0,SUMIFS('Исходные данные'!$I$2:$I$953,'Исходные данные'!$D$2:$D$953,P$3,'Исходные данные'!$F$2:$F$953,$H17&""),IF(SUMIFS('Исходные данные'!$I$2:$I$953,'Исходные данные'!$D$2:$D$953,P$3,'Исходные данные'!$F$2:$F$953,$H17&"")=0,"0+"&SUMIFS('Исходные данные'!$J$2:$J$953,'Исходные данные'!$D$2:$D$953,P$3,'Исходные данные'!$F$2:$F$953,$H17&"")&"="&SUMIFS('Исходные данные'!$J$2:$J$953,'Исходные данные'!$D$2:$D$953,P$3,'Исходные данные'!$F$2:$F$953,$H17&""),SUMIFS('Исходные данные'!$I$2:$I$953,'Исходные данные'!$D$2:$D$953,P$3,'Исходные данные'!$F$2:$F$953,$H17&"")&"+"&SUMIFS('Исходные данные'!$J$2:$J$953,'Исходные данные'!$D$2:$D$953,P$3,'Исходные данные'!$F$2:$F$953,$H17&"")&"="&(SUMIFS('Исходные данные'!$I$2:$I$953,'Исходные данные'!$D$2:$D$953,P$3,'Исходные данные'!$F$2:$F$953,$H17&"")+SUMIFS('Исходные данные'!$J$2:$J$953,'Исходные данные'!$D$2:$D$953,P$3,'Исходные данные'!$F$2:$F$953,$H17&""))))) | Q17: =IF(SUMIFS('Исходные данные'!$I$2:$I$953,'Исходные данные'!$D$2:$D$953,Q$3,'Исходные данные'!$F$2:$F$953,$H17&"")+SUMIFS('Исходные данные'!$J$2:$J$953,'Исходные данные'!$D$2:$D$953,Q$3,'Исходные данные'!$F$2:$F$953,$H17&"")=0,"",IF(SUMIFS('Исходные данные'!$J$2:$J$953,'Исходные данные'!$D$2:$D$953,Q$3,'Исходные данные'!$F$2:$F$953,$H17&"")=0,SUMIFS('Исходные данные'!$I$2:$I$953,'Исходные данные'!$D$2:$D$953,Q$3,'Исходные данные'!$F$2:$F$953,$H17&""),IF(SUMIFS('Исходные данные'!$I$2:$I$953,'Исходные данные'!$D$2:$D$953,Q$3,'Исходные данные'!$F$2:$F$953,$H17&"")=0,"0+"&SUMIFS('Исходные данные'!$J$2:$J$953,'Исходные данные'!$D$2:$D$953,Q$3,'Исходные данные'!$F$2:$F$953,$H17&"")&"="&SUMIFS('Исходные данные'!$J$2:$J$953,'Исходные данные'!$D$2:$D$953,Q$3,'Исходные данные'!$F$2:$F$953,$H17&""),SUMIFS('Исходные данные'!$I$2:$I$953,'Исходные данные'!$D$2:$D$953,Q$3,'Исходные данные'!$F$2:$F$953,$H17&"")&"+"&SUMIFS('Исходные данные'!$J$2:$J$953,'Исходные данные'!$D$2:$D$953,Q$3,'Исходные данные'!$F$2:$F$953,$H17&"")&"="&(SUMIFS('Исходные данные'!$I$2:$I$953,'Исходные данные'!$D$2:$D$953,Q$3,'Исходные данные'!$F$2:$F$953,$H17&"")+SUMIFS('Исходные данные'!$J$2:$J$953,'Исходные данные'!$D$2:$D$953,Q$3,'Исходные данные'!$F$2:$F$953,$H17&""))))) | R17: =IF(SUMIFS('Исходные данные'!$I$2:$I$953,'Исходные данные'!$D$2:$D$953,R$3,'Исходные данные'!$F$2:$F$953,$H17&"")+SUMIFS('Исходные данные'!$J$2:$J$953,'Исходные данные'!$D$2:$D$953,R$3,'Исходные данные'!$F$2:$F$953,$H17&"")=0,"",IF(SUMIFS('Исходные данные'!$J$2:$J$953,'Исходные данные'!$D$2:$D$953,R$3,'Исходные данные'!$F$2:$F$953,$H17&"")=0,SUMIFS('Исходные данные'!$I$2:$I$953,'Исходные данные'!$D$2:$D$953,R$3,'Исходные данные'!$F$2:$F$953,$H17&""),IF(SUMIFS('Исходные данные'!$I$2:$I$953,'Исходные данные'!$D$2:$D$953,R$3,'Исходные данные'!$F$2:$F$953,$H17&"")=0,"0+"&SUMIFS('Исходные данные'!$J$2:$J$953,'Исходные данные'!$D$2:$D$953,R$3,'Исходные данные'!$F$2:$F$953,$H17&"")&"="&SUMIFS('Исходные данные'!$J$2:$J$953,'Исходные данные'!$D$2:$D$953,R$3,'Исходные данные'!$F$2:$F$953,$H17&""),SUMIFS('Исходные данные'!$I$2:$I$953,'Исходные данные'!$D$2:$D$953,R$3,'Исходные данные'!$F$2:$F$953,$H17&"")&"+"&SUMIFS('Исходные данные'!$J$2:$J$953,'Исходные данные'!$D$2:$D$953,R$3,'Исходные данные'!$F$2:$F$953,$H17&"")&"="&(SUMIFS('Исходные данные'!$I$2:$I$953,'Исходные данные'!$D$2:$D$953,R$3,'Исходные данные'!$F$2:$F$953,$H17&"")+SUMIFS('Исходные данные'!$J$2:$J$953,'Исходные данные'!$D$2:$D$953,R$3,'Исходные данные'!$F$2:$F$953,$H17&""))))) | S17: =IF(SUMIFS('Исходные данные'!$I$2:$I$953,'Исходные данные'!$D$2:$D$953,S$3,'Исходные данные'!$F$2:$F$953,$H17&"")+SUMIFS('Исходные данные'!$J$2:$J$953,'Исходные данные'!$D$2:$D$953,S$3,'Исходные данные'!$F$2:$F$953,$H17&"")=0,"",IF(SUMIFS('Исходные данные'!$J$2:$J$953,'Исходные данные'!$D$2:$D$953,S$3,'Исходные данные'!$F$2:$F$953,$H17&"")=0,SUMIFS('Исходные данные'!$I$2:$I$953,'Исходные данные'!$D$2:$D$953,S$3,'Исходные данные'!$F$2:$F$953,$H17&""),IF(SUMIFS('Исходные данные'!$I$2:$I$953,'Исходные данные'!$D$2:$D$953,S$3,'Исходные данные'!$F$2:$F$953,$H17&"")=0,"0+"&SUMIFS('Исходные данные'!$J$2:$J$953,'Исходные данные'!$D$2:$D$953,S$3,'Исходные данные'!$F$2:$F$953,$H17&"")&"="&SUMIFS('Исходные данные'!$J$2:$J$953,'Исходные данные'!$D$2:$D$953,S$3,'Исходные данные'!$F$2:$F$953,$H17&""),SUMIFS('Исходные данные'!$I$2:$I$953,'Исходные данные'!$D$2:$D$953,S$3,'Исходные данные'!$F$2:$F$953,$H17&"")&"+"&SUMIFS('Исходные данные'!$J$2:$J$953,'Исходные данные'!$D$2:$D$953,S$3,'Исходные данные'!$F$2:$F$953,$H17&"")&"="&(SUMIFS('Исходные данные'!$I$2:$I$953,'Исходные данные'!$D$2:$D$953,S$3,'Исходные данные'!$F$2:$F$953,$H17&"")+SUMIFS('Исходные данные'!$J$2:$J$953,'Исходные данные'!$D$2:$D$953,S$3,'Исходные данные'!$F$2:$F$953,$H17&""))))) | T17: =IF(SUMIFS('Исходные данные'!$I$2:$I$953,'Исходные данные'!$D$2:$D$953,T$3,'Исходные данные'!$F$2:$F$953,$H17&"")+SUMIFS('Исходные данные'!$J$2:$J$953,'Исходные данные'!$D$2:$D$953,T$3,'Исходные данные'!$F$2:$F$953,$H17&"")=0,"",IF(SUMIFS('Исходные данные'!$J$2:$J$953,'Исходные данные'!$D$2:$D$953,T$3,'Исходные данные'!$F$2:$F$953,$H17&"")=0,SUMIFS('Исходные данные'!$I$2:$I$953,'Исходные данные'!$D$2:$D$953,T$3,'Исходные данные'!$F$2:$F$953,$H17&""),IF(SUMIFS('Исходные данные'!$I$2:$I$953,'Исходные данные'!$D$2:$D$953,T$3,'Исходные данные'!$F$2:$F$953,$H17&"")=0,"0+"&SUMIFS('Исходные данные'!$J$2:$J$953,'Исходные данные'!$D$2:$D$953,T$3,'Исходные данные'!$F$2:$F$953,$H17&"")&"="&SUMIFS('Исходные данные'!$J$2:$J$953,'Исходные данные'!$D$2:$D$953,T$3,'Исходные данные'!$F$2:$F$953,$H17&""),SUMIFS('Исходные данные'!$I$2:$I$953,'Исходные данные'!$D$2:$D$953,T$3,'Исходные данные'!$F$2:$F$953,$H17&"")&"+"&SUMIFS('Исходные данные'!$J$2:$J$953,'Исходные данные'!$D$2:$D$953,T$3,'Исходные данные'!$F$2:$F$953,$H17&"")&"="&(SUMIFS('Исходные данные'!$I$2:$I$953,'Исходные данные'!$D$2:$D$953,T$3,'Исходные данные'!$F$2:$F$953,$H17&"")+SUMIFS('Исходные данные'!$J$2:$J$953,'Исходные данные'!$D$2:$D$953,T$3,'Исходные данные'!$F$2:$F$953,$H17&""))))) | U17: =IF(SUMIFS('Исходные данные'!$I$2:$I$953,'Исходные данные'!$D$2:$D$953,U$3,'Исходные данные'!$F$2:$F$953,$H17&"")+SUMIFS('Исходные данные'!$J$2:$J$953,'Исходные данные'!$D$2:$D$953,U$3,'Исходные данные'!$F$2:$F$953,$H17&"")=0,"",IF(SUMIFS('Исходные данные'!$J$2:$J$953,'Исходные данные'!$D$2:$D$953,U$3,'Исходные данные'!$F$2:$F$953,$H17&"")=0,SUMIFS('Исходные данные'!$I$2:$I$953,'Исходные данные'!$D$2:$D$953,U$3,'Исходные данные'!$F$2:$F$953,$H17&""),IF(SUMIFS('Исходные данные'!$I$2:$I$953,'Исходные данные'!$D$2:$D$953,U$3,'Исходные данные'!$F$2:$F$953,$H17&"")=0,"0+"&SUMIFS('Исходные данные'!$J$2:$J$953,'Исходные данные'!$D$2:$D$953,U$3,'Исходные данные'!$F$2:$F$953,$H17&"")&"="&SUMIFS('Исходные данные'!$J$2:$J$953,'Исходные данные'!$D$2:$D$953,U$3,'Исходные данные'!$F$2:$F$953,$H17&""),SUMIFS('Исходные данные'!$I$2:$I$953,'Исходные данные'!$D$2:$D$953,U$3,'Исходные данные'!$F$2:$F$953,$H17&"")&"+"&SUMIFS('Исходные данные'!$J$2:$J$953,'Исходные данные'!$D$2:$D$953,U$3,'Исходные данные'!$F$2:$F$953,$H17&"")&"="&(SUMIFS('Исходные данные'!$I$2:$I$953,'Исходные данные'!$D$2:$D$953,U$3,'Исходные данные'!$F$2:$F$953,$H17&"")+SUMIFS('Исходные данные'!$J$2:$J$953,'Исходные данные'!$D$2:$D$953,U$3,'Исходные данные'!$F$2:$F$953,$H17&""))))) | V17: =IF(SUMIFS('Исходные данные'!$I$2:$I$953,'Исходные данные'!$D$2:$D$953,V$3,'Исходные данные'!$F$2:$F$953,$H17&"")+SUMIFS('Исходные данные'!$J$2:$J$953,'Исходные данные'!$D$2:$D$953,V$3,'Исходные данные'!$F$2:$F$953,$H17&"")=0,"",IF(SUMIFS('Исходные данные'!$J$2:$J$953,'Исходные данные'!$D$2:$D$953,V$3,'Исходные данные'!$F$2:$F$953,$H17&"")=0,SUMIFS('Исходные данные'!$I$2:$I$953,'Исходные данные'!$D$2:$D$953,V$3,'Исходные данные'!$F$2:$F$953,$H17&""),IF(SUMIFS('Исходные данные'!$I$2:$I$953,'Исходные данные'!$D$2:$D$953,V$3,'Исходные данные'!$F$2:$F$953,$H17&"")=0,"0+"&SUMIFS('Исходные данные'!$J$2:$J$953,'Исходные данные'!$D$2:$D$953,V$3,'Исходные данные'!$F$2:$F$953,$H17&"")&"="&SUMIFS('Исходные данные'!$J$2:$J$953,'Исходные данные'!$D$2:$D$953,V$3,'Исходные данные'!$F$2:$F$953,$H17&""),SUMIFS('Исходные данные'!$I$2:$I$953,'Исходные данные'!$D$2:$D$953,V$3,'Исходные данные'!$F$2:$F$953,$H17&"")&"+"&SUMIFS('Исходные данные'!$J$2:$J$953,'Исходные данные'!$D$2:$D$953,V$3,'Исходные данные'!$F$2:$F$953,$H17&"")&"="&(SUMIFS('Исходные данные'!$I$2:$I$953,'Исходные данные'!$D$2:$D$953,V$3,'Исходные данные'!$F$2:$F$953,$H17&"")+SUMIFS('Исходные данные'!$J$2:$J$953,'Исходные данные'!$D$2:$D$953,V$3,'Исходные данные'!$F$2:$F$953,$H17&""))))) | ... AA17: =IF(SUMIFS('Исходные данные'!$I$2:$I$953,'Исходные данные'!$D$2:$D$953,AA$3,'Исходные данные'!$F$2:$F$953,$H17&"")+SUMIFS('Исходные данные'!$J$2:$J$953,'Исходные данные'!$D$2:$D$953,AA$3,'Исходные данные'!$F$2:$F$953,$H17&"")=0,"",IF(SUMIFS('Исходные данные'!$J$2:$J$953,'Исходные данные'!$D$2:$D$953,AA$3,'Исходные данные'!$F$2:$F$953,$H17&"")=0,SUMIFS('Исходные данные'!$I$2:$I$953,'Исходные данные'!$D$2:$D$953,AA$3,'Исходные данные'!$F$2:$F$953,$H17&""),IF(SUMIFS('Исходные данные'!$I$2:$I$953,'Исходные данные'!$D$2:$D$953,AA$3,'Исходные данные'!$F$2:$F$953,$H17&"")=0,"0+"&SUMIFS('Исходные данные'!$J$2:$J$953,'Исходные данные'!$D$2:$D$953,AA$3,'Исходные данные'!$F$2:$F$953,$H17&"")&"="&SUMIFS('Исходные данные'!$J$2:$J$953,'Исходные данные'!$D$2:$D$953,AA$3,'Исходные данные'!$F$2:$F$953,$H17&""),SUMIFS('Исходные данные'!$I$2:$I$953,'Исходные данные'!$D$2:$D$953,AA$3,'Исходные данные'!$F$2:$F$953,$H17&"")&"+"&SUMIFS('Исходные данные'!$J$2:$J$953,'Исходные данные'!$D$2:$D$953,AA$3,'Исходные данные'!$F$2:$F$953,$H17&"")&"="&(SUMIFS('Исходные данные'!$I$2:$I$953,'Исходные данные'!$D$2:$D$953,AA$3,'Исходные данные'!$F$2:$F$953,$H17&"")+SUMIFS('Исходные данные'!$J$2:$J$953,'Исходные данные'!$D$2:$D$953,AA$3,'Исходные данные'!$F$2:$F$953,$H17&""))))) | AC17: =IF(SUMIFS('Исходные данные'!$I$2:$I$953,'Исходные данные'!$D$2:$D$953,AC$3,'Исходные данные'!$F$2:$F$953,$H17&"")+SUMIFS('Исходные данные'!$J$2:$J$953,'Исходные данные'!$D$2:$D$953,AC$3,'Исходные данные'!$F$2:$F$953,$H17&"")=0,"",IF(SUMIFS('Исходные данные'!$J$2:$J$953,'Исходные данные'!$D$2:$D$953,AC$3,'Исходные данные'!$F$2:$F$953,$H17&"")=0,SUMIFS('Исходные данные'!$I$2:$I$953,'Исходные данные'!$D$2:$D$953,AC$3,'Исходные данные'!$F$2:$F$953,$H17&""),IF(SUMIFS('Исходные данные'!$I$2:$I$953,'Исходные данные'!$D$2:$D$953,AC$3,'Исходные данные'!$F$2:$F$953,$H17&"")=0,"0+"&SUMIFS('Исходные данные'!$J$2:$J$953,'Исходные данные'!$D$2:$D$953,AC$3,'Исходные данные'!$F$2:$F$953,$H17&"")&"="&SUMIFS('Исходные данные'!$J$2:$J$953,'Исходные данные'!$D$2:$D$953,AC$3,'Исходные данные'!$F$2:$F$953,$H17&""),SUMIFS('Исходные данные'!$I$2:$I$953,'Исходные данные'!$D$2:$D$953,AC$3,'Исходные данные'!$F$2:$F$953,$H17&"")&"+"&SUMIFS('Исходные данные'!$J$2:$J$953,'Исходные данные'!$D$2:$D$953,AC$3,'Исходные данные'!$F$2:$F$953,$H17&"")&"="&(SUMIFS('Исходные данные'!$I$2:$I$953,'Исходные данные'!$D$2:$D$953,AC$3,'Исходные данные'!$F$2:$F$953,$H17&"")+SUMIFS('Исходные данные'!$J$2:$J$953,'Исходные данные'!$D$2:$D$953,AC$3,'Исходные данные'!$F$2:$F$953,$H17&""))))) | AD17: =IF(SUMIFS('Исходные данные'!$I$2:$I$953,'Исходные данные'!$D$2:$D$953,AD$3,'Исходные данные'!$F$2:$F$953,$H17&"")+SUMIFS('Исходные данные'!$J$2:$J$953,'Исходные данные'!$D$2:$D$953,AD$3,'Исходные данные'!$F$2:$F$953,$H17&"")=0,"",IF(SUMIFS('Исходные данные'!$J$2:$J$953,'Исходные данные'!$D$2:$D$953,AD$3,'Исходные данные'!$F$2:$F$953,$H17&"")=0,SUMIFS('Исходные данные'!$I$2:$I$953,'Исходные данные'!$D$2:$D$953,AD$3,'Исходные данные'!$F$2:$F$953,$H17&""),IF(SUMIFS('Исходные данные'!$I$2:$I$953,'Исходные данные'!$D$2:$D$953,AD$3,'Исходные данные'!$F$2:$F$953,$H17&"")=0,"0+"&SUMIFS('Исходные данные'!$J$2:$J$953,'Исходные данные'!$D$2:$D$953,AD$3,'Исходные данные'!$F$2:$F$953,$H17&"")&"="&SUMIFS('Исходные данные'!$J$2:$J$953,'Исходные данные'!$D$2:$D$953,AD$3,'Исходные данные'!$F$2:$F$953,$H17&""),SUMIFS('Исходные данные'!$I$2:$I$953,'Исходные данные'!$D$2:$D$953,AD$3,'Исходные данные'!$F$2:$F$953,$H17&"")&"+"&SUMIFS('Исходные данные'!$J$2:$J$953,'Исходные данные'!$D$2:$D$953,AD$3,'Исходные данные'!$F$2:$F$953,$H17&"")&"="&(SUMIFS('Исходные данные'!$I$2:$I$953,'Исходные данные'!$D$2:$D$953,AD$3,'Исходные данные'!$F$2:$F$953,$H17&"")+SUMIFS('Исходные данные'!$J$2:$J$953,'Исходные данные'!$D$2:$D$953,AD$3,'Исходные данные'!$F$2:$F$953,$H17&"")))))
A18: 16 | O18: =IF(SUMIFS('Исходные данные'!$I$2:$I$953,'Исходные данные'!$D$2:$D$953,O$3,'Исходные данные'!$F$2:$F$953,$H19&"",'Исходные данные'!$L$2:$L$953,"УТТ")+SUMIFS('Исходные данные'!$J$2:$J$953,'Исходные данные'!$D$2:$D$953,O$3,'Исходные данные'!$F$2:$F$953,$H19&"",'Исходные данные'!$L$2:$L$953,"УТТ")=0,"","утт-"&(SUMIFS('Исходные данные'!$I$2:$I$953,'Исходные данные'!$D$2:$D$953,O$3,'Исходные данные'!$F$2:$F$953,$H19&"",'Исходные данные'!$L$2:$L$953,"УТТ")+SUMIFS('Исходные данные'!$J$2:$J$953,'Исходные данные'!$D$2:$D$953,O$3,'Исходные данные'!$F$2:$F$953,$H19&"",'Исходные данные'!$L$2:$L$953,"УТТ"))) | P18: =IF(SUMIFS('Исходные данные'!$I$2:$I$953,'Исходные данные'!$D$2:$D$953,P$3,'Исходные данные'!$F$2:$F$953,$H19&"",'Исходные данные'!$L$2:$L$953,"УТТ")+SUMIFS('Исходные данные'!$J$2:$J$953,'Исходные данные'!$D$2:$D$953,P$3,'Исходные данные'!$F$2:$F$953,$H19&"",'Исходные данные'!$L$2:$L$953,"УТТ")=0,"","утт-"&(SUMIFS('Исходные данные'!$I$2:$I$953,'Исходные данные'!$D$2:$D$953,P$3,'Исходные данные'!$F$2:$F$953,$H19&"",'Исходные данные'!$L$2:$L$953,"УТТ")+SUMIFS('Исходные данные'!$J$2:$J$953,'Исходные данные'!$D$2:$D$953,P$3,'Исходные данные'!$F$2:$F$953,$H19&"",'Исходные данные'!$L$2:$L$953,"УТТ"))) | Q18: =IF(SUMIFS('Исходные данные'!$I$2:$I$953,'Исходные данные'!$D$2:$D$953,Q$3,'Исходные данные'!$F$2:$F$953,$H19&"",'Исходные данные'!$L$2:$L$953,"УТТ")+SUMIFS('Исходные данные'!$J$2:$J$953,'Исходные данные'!$D$2:$D$953,Q$3,'Исходные данные'!$F$2:$F$953,$H19&"",'Исходные данные'!$L$2:$L$953,"УТТ")=0,"","утт-"&(SUMIFS('Исходные данные'!$I$2:$I$953,'Исходные данные'!$D$2:$D$953,Q$3,'Исходные данные'!$F$2:$F$953,$H19&"",'Исходные данные'!$L$2:$L$953,"УТТ")+SUMIFS('Исходные данные'!$J$2:$J$953,'Исходные данные'!$D$2:$D$953,Q$3,'Исходные данные'!$F$2:$F$953,$H19&"",'Исходные данные'!$L$2:$L$953,"УТТ"))) | R18: =IF(SUMIFS('Исходные данные'!$I$2:$I$953,'Исходные данные'!$D$2:$D$953,R$3,'Исходные данные'!$F$2:$F$953,$H19&"",'Исходные данные'!$L$2:$L$953,"УТТ")+SUMIFS('Исходные данные'!$J$2:$J$953,'Исходные данные'!$D$2:$D$953,R$3,'Исходные данные'!$F$2:$F$953,$H19&"",'Исходные данные'!$L$2:$L$953,"УТТ")=0,"","утт-"&(SUMIFS('Исходные данные'!$I$2:$I$953,'Исходные данные'!$D$2:$D$953,R$3,'Исходные данные'!$F$2:$F$953,$H19&"",'Исходные данные'!$L$2:$L$953,"УТТ")+SUMIFS('Исходные данные'!$J$2:$J$953,'Исходные данные'!$D$2:$D$953,R$3,'Исходные данные'!$F$2:$F$953,$H19&"",'Исходные данные'!$L$2:$L$953,"УТТ"))) | S18: =IF(SUMIFS('Исходные данные'!$I$2:$I$953,'Исходные данные'!$D$2:$D$953,S$3,'Исходные данные'!$F$2:$F$953,$H19&"",'Исходные данные'!$L$2:$L$953,"УТТ")+SUMIFS('Исходные данные'!$J$2:$J$953,'Исходные данные'!$D$2:$D$953,S$3,'Исходные данные'!$F$2:$F$953,$H19&"",'Исходные данные'!$L$2:$L$953,"УТТ")=0,"","утт-"&(SUMIFS('Исходные данные'!$I$2:$I$953,'Исходные данные'!$D$2:$D$953,S$3,'Исходные данные'!$F$2:$F$953,$H19&"",'Исходные данные'!$L$2:$L$953,"УТТ")+SUMIFS('Исходные данные'!$J$2:$J$953,'Исходные данные'!$D$2:$D$953,S$3,'Исходные данные'!$F$2:$F$953,$H19&"",'Исходные данные'!$L$2:$L$953,"УТТ"))) | T18: =IF(SUMIFS('Исходные данные'!$I$2:$I$953,'Исходные данные'!$D$2:$D$953,T$3,'Исходные данные'!$F$2:$F$953,$H19&"",'Исходные данные'!$L$2:$L$953,"УТТ")+SUMIFS('Исходные данные'!$J$2:$J$953,'Исходные данные'!$D$2:$D$953,T$3,'Исходные данные'!$F$2:$F$953,$H19&"",'Исходные данные'!$L$2:$L$953,"УТТ")=0,"","утт-"&(SUMIFS('Исходные данные'!$I$2:$I$953,'Исходные данные'!$D$2:$D$953,T$3,'Исходные данные'!$F$2:$F$953,$H19&"",'Исходные данные'!$L$2:$L$953,"УТТ")+SUMIFS('Исходные данные'!$J$2:$J$953,'Исходные данные'!$D$2:$D$953,T$3,'Исходные данные'!$F$2:$F$953,$H19&"",'Исходные данные'!$L$2:$L$953,"УТТ"))) | U18: =IF(SUMIFS('Исходные данные'!$I$2:$I$953,'Исходные данные'!$D$2:$D$953,U$3,'Исходные данные'!$F$2:$F$953,$H19&"",'Исходные данные'!$L$2:$L$953,"УТТ")+SUMIFS('Исходные данные'!$J$2:$J$953,'Исходные данные'!$D$2:$D$953,U$3,'Исходные данные'!$F$2:$F$953,$H19&"",'Исходные данные'!$L$2:$L$953,"УТТ")=0,"","утт-"&(SUMIFS('Исходные данные'!$I$2:$I$953,'Исходные данные'!$D$2:$D$953,U$3,'Исходные данные'!$F$2:$F$953,$H19&"",'Исходные данные'!$L$2:$L$953,"УТТ")+SUMIFS('Исходные данные'!$J$2:$J$953,'Исходные данные'!$D$2:$D$953,U$3,'Исходные данные'!$F$2:$F$953,$H19&"",'Исходные данные'!$L$2:$L$953,"УТТ"))) | V18: =IF(SUMIFS('Исходные данные'!$I$2:$I$953,'Исходные данные'!$D$2:$D$953,V$3,'Исходные данные'!$F$2:$F$953,$H19&"",'Исходные данные'!$L$2:$L$953,"УТТ")+SUMIFS('Исходные данные'!$J$2:$J$953,'Исходные данные'!$D$2:$D$953,V$3,'Исходные данные'!$F$2:$F$953,$H19&"",'Исходные данные'!$L$2:$L$953,"УТТ")=0,"","утт-"&(SUMIFS('Исходные данные'!$I$2:$I$953,'Исходные данные'!$D$2:$D$953,V$3,'Исходные данные'!$F$2:$F$953,$H19&"",'Исходные данные'!$L$2:$L$953,"УТТ")+SUMIFS('Исходные данные'!$J$2:$J$953,'Исходные данные'!$D$2:$D$953,V$3,'Исходные данные'!$F$2:$F$953,$H19&"",'Исходные данные'!$L$2:$L$953,"УТТ"))) | ... AA18: =IF(SUMIFS('Исходные данные'!$I$2:$I$953,'Исходные данные'!$D$2:$D$953,AA$3,'Исходные данные'!$F$2:$F$953,$H19&"",'Исходные данные'!$L$2:$L$953,"УТТ")+SUMIFS('Исходные данные'!$J$2:$J$953,'Исходные данные'!$D$2:$D$953,AA$3,'Исходные данные'!$F$2:$F$953,$H19&"",'Исходные данные'!$L$2:$L$953,"УТТ")=0,"","утт-"&(SUMIFS('Исходные данные'!$I$2:$I$953,'Исходные данные'!$D$2:$D$953,AA$3,'Исходные данные'!$F$2:$F$953,$H19&"",'Исходные данные'!$L$2:$L$953,"УТТ")+SUMIFS('Исходные данные'!$J$2:$J$953,'Исходные данные'!$D$2:$D$953,AA$3,'Исходные данные'!$F$2:$F$953,$H19&"",'Исходные данные'!$L$2:$L$953,"УТТ"))) | AC18: =IF(SUMIFS('Исходные данные'!$I$2:$I$953,'Исходные данные'!$D$2:$D$953,AC$3,'Исходные данные'!$F$2:$F$953,$H19&"",'Исходные данные'!$L$2:$L$953,"УТТ")+SUMIFS('Исходные данные'!$J$2:$J$953,'Исходные данные'!$D$2:$D$953,AC$3,'Исходные данные'!$F$2:$F$953,$H19&"",'Исходные данные'!$L$2:$L$953,"УТТ")=0,"","утт-"&(SUMIFS('Исходные данные'!$I$2:$I$953,'Исходные данные'!$D$2:$D$953,AC$3,'Исходные данные'!$F$2:$F$953,$H19&"",'Исходные данные'!$L$2:$L$953,"УТТ")+SUMIFS('Исходные данные'!$J$2:$J$953,'Исходные данные'!$D$2:$D$953,AC$3,'Исходные данные'!$F$2:$F$953,$H19&"",'Исходные данные'!$L$2:$L$953,"УТТ"))) | AD18: =IF(SUMIFS('Исходные данные'!$I$2:$I$953,'Исходные данные'!$D$2:$D$953,AD$3,'Исходные данные'!$F$2:$F$953,$H19&"",'Исходные данные'!$L$2:$L$953,"УТТ")+SUMIFS('Исходные данные'!$J$2:$J$953,'Исходные данные'!$D$2:$D$953,AD$3,'Исходные данные'!$F$2:$F$953,$H19&"",'Исходные данные'!$L$2:$L$953,"УТТ")=0,"","утт-"&(SUMIFS('Исходные данные'!$I$2:$I$953,'Исходные данные'!$D$2:$D$953,AD$3,'Исходные данные'!$F$2:$F$953,$H19&"",'Исходные данные'!$L$2:$L$953,"УТТ")+SUMIFS('Исходные данные'!$J$2:$J$953,'Исходные данные'!$D$2:$D$953,AD$3,'Исходные данные'!$F$2:$F$953,$H19&"",'Исходные данные'!$L$2:$L$953,"УТТ")))
A19: 17 | H19: 35 | I19: АЦН | J19: =IFERROR(INDEX('Выход ТС'!$C:$C,MATCH($H19&"",'Выход ТС'!$A:$A,0)),"") | K19: =IFERROR(INDEX('Выход ТС'!$D:$D,MATCH($H19&"",'Выход ТС'!$A:$A,0)),"") | L19: =IFERROR(INDEX('Выход ТС'!$E:$E,MATCH($H19&"",'Выход ТС'!$A:$A,0)),"") | M19: =IFERROR(IF(INDEX('Выход ТС'!$F:$F,MATCH($H19&"",'Выход ТС'!$A:$A,0))=0,"",INDEX('Выход ТС'!$F:$F,MATCH($H19&"",'Выход ТС'!$A:$A,0))),"") | N19: =IFERROR(IF(INDEX('Выход ТС'!$G:$G,MATCH($H19&"",'Выход ТС'!$A:$A,0))=0,"",INDEX('Выход ТС'!$G:$G,MATCH($H19&"",'Выход ТС'!$A:$A,0))),"") | O19: =IF(SUMIFS('Исходные данные'!$I$2:$I$953,'Исходные данные'!$D$2:$D$953,O$3,'Исходные данные'!$F$2:$F$953,$H19&"")+SUMIFS('Исходные данные'!$J$2:$J$953,'Исходные данные'!$D$2:$D$953,O$3,'Исходные данные'!$F$2:$F$953,$H19&"")=0,"",IF(SUMIFS('Исходные данные'!$J$2:$J$953,'Исходные данные'!$D$2:$D$953,O$3,'Исходные данные'!$F$2:$F$953,$H19&"")=0,SUMIFS('Исходные данные'!$I$2:$I$953,'Исходные данные'!$D$2:$D$953,O$3,'Исходные данные'!$F$2:$F$953,$H19&""),IF(SUMIFS('Исходные данные'!$I$2:$I$953,'Исходные данные'!$D$2:$D$953,O$3,'Исходные данные'!$F$2:$F$953,$H19&"")=0,"0+"&SUMIFS('Исходные данные'!$J$2:$J$953,'Исходные данные'!$D$2:$D$953,O$3,'Исходные данные'!$F$2:$F$953,$H19&"")&"="&SUMIFS('Исходные данные'!$J$2:$J$953,'Исходные данные'!$D$2:$D$953,O$3,'Исходные данные'!$F$2:$F$953,$H19&""),SUMIFS('Исходные данные'!$I$2:$I$953,'Исходные данные'!$D$2:$D$953,O$3,'Исходные данные'!$F$2:$F$953,$H19&"")&"+"&SUMIFS('Исходные данные'!$J$2:$J$953,'Исходные данные'!$D$2:$D$953,O$3,'Исходные данные'!$F$2:$F$953,$H19&"")&"="&(SUMIFS('Исходные данные'!$I$2:$I$953,'Исходные данные'!$D$2:$D$953,O$3,'Исходные данные'!$F$2:$F$953,$H19&"")+SUMIFS('Исходные данные'!$J$2:$J$953,'Исходные данные'!$D$2:$D$953,O$3,'Исходные данные'!$F$2:$F$953,$H19&""))))) | P19: =IF(SUMIFS('Исходные данные'!$I$2:$I$953,'Исходные данные'!$D$2:$D$953,P$3,'Исходные данные'!$F$2:$F$953,$H19&"")+SUMIFS('Исходные данные'!$J$2:$J$953,'Исходные данные'!$D$2:$D$953,P$3,'Исходные данные'!$F$2:$F$953,$H19&"")=0,"",IF(SUMIFS('Исходные данные'!$J$2:$J$953,'Исходные данные'!$D$2:$D$953,P$3,'Исходные данные'!$F$2:$F$953,$H19&"")=0,SUMIFS('Исходные данные'!$I$2:$I$953,'Исходные данные'!$D$2:$D$953,P$3,'Исходные данные'!$F$2:$F$953,$H19&""),IF(SUMIFS('Исходные данные'!$I$2:$I$953,'Исходные данные'!$D$2:$D$953,P$3,'Исходные данные'!$F$2:$F$953,$H19&"")=0,"0+"&SUMIFS('Исходные данные'!$J$2:$J$953,'Исходные данные'!$D$2:$D$953,P$3,'Исходные данные'!$F$2:$F$953,$H19&"")&"="&SUMIFS('Исходные данные'!$J$2:$J$953,'Исходные данные'!$D$2:$D$953,P$3,'Исходные данные'!$F$2:$F$953,$H19&""),SUMIFS('Исходные данные'!$I$2:$I$953,'Исходные данные'!$D$2:$D$953,P$3,'Исходные данные'!$F$2:$F$953,$H19&"")&"+"&SUMIFS('Исходные данные'!$J$2:$J$953,'Исходные данные'!$D$2:$D$953,P$3,'Исходные данные'!$F$2:$F$953,$H19&"")&"="&(SUMIFS('Исходные данные'!$I$2:$I$953,'Исходные данные'!$D$2:$D$953,P$3,'Исходные данные'!$F$2:$F$953,$H19&"")+SUMIFS('Исходные данные'!$J$2:$J$953,'Исходные данные'!$D$2:$D$953,P$3,'Исходные данные'!$F$2:$F$953,$H19&""))))) | Q19: =IF(SUMIFS('Исходные данные'!$I$2:$I$953,'Исходные данные'!$D$2:$D$953,Q$3,'Исходные данные'!$F$2:$F$953,$H19&"")+SUMIFS('Исходные данные'!$J$2:$J$953,'Исходные данные'!$D$2:$D$953,Q$3,'Исходные данные'!$F$2:$F$953,$H19&"")=0,"",IF(SUMIFS('Исходные данные'!$J$2:$J$953,'Исходные данные'!$D$2:$D$953,Q$3,'Исходные данные'!$F$2:$F$953,$H19&"")=0,SUMIFS('Исходные данные'!$I$2:$I$953,'Исходные данные'!$D$2:$D$953,Q$3,'Исходные данные'!$F$2:$F$953,$H19&""),IF(SUMIFS('Исходные данные'!$I$2:$I$953,'Исходные данные'!$D$2:$D$953,Q$3,'Исходные данные'!$F$2:$F$953,$H19&"")=0,"0+"&SUMIFS('Исходные данные'!$J$2:$J$953,'Исходные данные'!$D$2:$D$953,Q$3,'Исходные данные'!$F$2:$F$953,$H19&"")&"="&SUMIFS('Исходные данные'!$J$2:$J$953,'Исходные данные'!$D$2:$D$953,Q$3,'Исходные данные'!$F$2:$F$953,$H19&""),SUMIFS('Исходные данные'!$I$2:$I$953,'Исходные данные'!$D$2:$D$953,Q$3,'Исходные данные'!$F$2:$F$953,$H19&"")&"+"&SUMIFS('Исходные данные'!$J$2:$J$953,'Исходные данные'!$D$2:$D$953,Q$3,'Исходные данные'!$F$2:$F$953,$H19&"")&"="&(SUMIFS('Исходные данные'!$I$2:$I$953,'Исходные данные'!$D$2:$D$953,Q$3,'Исходные данные'!$F$2:$F$953,$H19&"")+SUMIFS('Исходные данные'!$J$2:$J$953,'Исходные данные'!$D$2:$D$953,Q$3,'Исходные данные'!$F$2:$F$953,$H19&""))))) | R19: =IF(SUMIFS('Исходные данные'!$I$2:$I$953,'Исходные данные'!$D$2:$D$953,R$3,'Исходные данные'!$F$2:$F$953,$H19&"")+SUMIFS('Исходные данные'!$J$2:$J$953,'Исходные данные'!$D$2:$D$953,R$3,'Исходные данные'!$F$2:$F$953,$H19&"")=0,"",IF(SUMIFS('Исходные данные'!$J$2:$J$953,'Исходные данные'!$D$2:$D$953,R$3,'Исходные данные'!$F$2:$F$953,$H19&"")=0,SUMIFS('Исходные данные'!$I$2:$I$953,'Исходные данные'!$D$2:$D$953,R$3,'Исходные данные'!$F$2:$F$953,$H19&""),IF(SUMIFS('Исходные данные'!$I$2:$I$953,'Исходные данные'!$D$2:$D$953,R$3,'Исходные данные'!$F$2:$F$953,$H19&"")=0,"0+"&SUMIFS('Исходные данные'!$J$2:$J$953,'Исходные данные'!$D$2:$D$953,R$3,'Исходные данные'!$F$2:$F$953,$H19&"")&"="&SUMIFS('Исходные данные'!$J$2:$J$953,'Исходные данные'!$D$2:$D$953,R$3,'Исходные данные'!$F$2:$F$953,$H19&""),SUMIFS('Исходные данные'!$I$2:$I$953,'Исходные данные'!$D$2:$D$953,R$3,'Исходные данные'!$F$2:$F$953,$H19&"")&"+"&SUMIFS('Исходные данные'!$J$2:$J$953,'Исходные данные'!$D$2:$D$953,R$3,'Исходные данные'!$F$2:$F$953,$H19&"")&"="&(SUMIFS('Исходные данные'!$I$2:$I$953,'Исходные данные'!$D$2:$D$953,R$3,'Исходные данные'!$F$2:$F$953,$H19&"")+SUMIFS('Исходные данные'!$J$2:$J$953,'Исходные данные'!$D$2:$D$953,R$3,'Исходные данные'!$F$2:$F$953,$H19&""))))) | S19: =IF(SUMIFS('Исходные данные'!$I$2:$I$953,'Исходные данные'!$D$2:$D$953,S$3,'Исходные данные'!$F$2:$F$953,$H19&"")+SUMIFS('Исходные данные'!$J$2:$J$953,'Исходные данные'!$D$2:$D$953,S$3,'Исходные данные'!$F$2:$F$953,$H19&"")=0,"",IF(SUMIFS('Исходные данные'!$J$2:$J$953,'Исходные данные'!$D$2:$D$953,S$3,'Исходные данные'!$F$2:$F$953,$H19&"")=0,SUMIFS('Исходные данные'!$I$2:$I$953,'Исходные данные'!$D$2:$D$953,S$3,'Исходные данные'!$F$2:$F$953,$H19&""),IF(SUMIFS('Исходные данные'!$I$2:$I$953,'Исходные данные'!$D$2:$D$953,S$3,'Исходные данные'!$F$2:$F$953,$H19&"")=0,"0+"&SUMIFS('Исходные данные'!$J$2:$J$953,'Исходные данные'!$D$2:$D$953,S$3,'Исходные данные'!$F$2:$F$953,$H19&"")&"="&SUMIFS('Исходные данные'!$J$2:$J$953,'Исходные данные'!$D$2:$D$953,S$3,'Исходные данные'!$F$2:$F$953,$H19&""),SUMIFS('Исходные данные'!$I$2:$I$953,'Исходные данные'!$D$2:$D$953,S$3,'Исходные данные'!$F$2:$F$953,$H19&"")&"+"&SUMIFS('Исходные данные'!$J$2:$J$953,'Исходные данные'!$D$2:$D$953,S$3,'Исходные данные'!$F$2:$F$953,$H19&"")&"="&(SUMIFS('Исходные данные'!$I$2:$I$953,'Исходные данные'!$D$2:$D$953,S$3,'Исходные данные'!$F$2:$F$953,$H19&"")+SUMIFS('Исходные данные'!$J$2:$J$953,'Исходные данные'!$D$2:$D$953,S$3,'Исходные данные'!$F$2:$F$953,$H19&""))))) | T19: =IF(SUMIFS('Исходные данные'!$I$2:$I$953,'Исходные данные'!$D$2:$D$953,T$3,'Исходные данные'!$F$2:$F$953,$H19&"")+SUMIFS('Исходные данные'!$J$2:$J$953,'Исходные данные'!$D$2:$D$953,T$3,'Исходные данные'!$F$2:$F$953,$H19&"")=0,"",IF(SUMIFS('Исходные данные'!$J$2:$J$953,'Исходные данные'!$D$2:$D$953,T$3,'Исходные данные'!$F$2:$F$953,$H19&"")=0,SUMIFS('Исходные данные'!$I$2:$I$953,'Исходные данные'!$D$2:$D$953,T$3,'Исходные данные'!$F$2:$F$953,$H19&""),IF(SUMIFS('Исходные данные'!$I$2:$I$953,'Исходные данные'!$D$2:$D$953,T$3,'Исходные данные'!$F$2:$F$953,$H19&"")=0,"0+"&SUMIFS('Исходные данные'!$J$2:$J$953,'Исходные данные'!$D$2:$D$953,T$3,'Исходные данные'!$F$2:$F$953,$H19&"")&"="&SUMIFS('Исходные данные'!$J$2:$J$953,'Исходные данные'!$D$2:$D$953,T$3,'Исходные данные'!$F$2:$F$953,$H19&""),SUMIFS('Исходные данные'!$I$2:$I$953,'Исходные данные'!$D$2:$D$953,T$3,'Исходные данные'!$F$2:$F$953,$H19&"")&"+"&SUMIFS('Исходные данные'!$J$2:$J$953,'Исходные данные'!$D$2:$D$953,T$3,'Исходные данные'!$F$2:$F$953,$H19&"")&"="&(SUMIFS('Исходные данные'!$I$2:$I$953,'Исходные данные'!$D$2:$D$953,T$3,'Исходные данные'!$F$2:$F$953,$H19&"")+SUMIFS('Исходные данные'!$J$2:$J$953,'Исходные данные'!$D$2:$D$953,T$3,'Исходные данные'!$F$2:$F$953,$H19&""))))) | U19: =IF(SUMIFS('Исходные данные'!$I$2:$I$953,'Исходные данные'!$D$2:$D$953,U$3,'Исходные данные'!$F$2:$F$953,$H19&"")+SUMIFS('Исходные данные'!$J$2:$J$953,'Исходные данные'!$D$2:$D$953,U$3,'Исходные данные'!$F$2:$F$953,$H19&"")=0,"",IF(SUMIFS('Исходные данные'!$J$2:$J$953,'Исходные данные'!$D$2:$D$953,U$3,'Исходные данные'!$F$2:$F$953,$H19&"")=0,SUMIFS('Исходные данные'!$I$2:$I$953,'Исходные данные'!$D$2:$D$953,U$3,'Исходные данные'!$F$2:$F$953,$H19&""),IF(SUMIFS('Исходные данные'!$I$2:$I$953,'Исходные данные'!$D$2:$D$953,U$3,'Исходные данные'!$F$2:$F$953,$H19&"")=0,"0+"&SUMIFS('Исходные данные'!$J$2:$J$953,'Исходные данные'!$D$2:$D$953,U$3,'Исходные данные'!$F$2:$F$953,$H19&"")&"="&SUMIFS('Исходные данные'!$J$2:$J$953,'Исходные данные'!$D$2:$D$953,U$3,'Исходные данные'!$F$2:$F$953,$H19&""),SUMIFS('Исходные данные'!$I$2:$I$953,'Исходные данные'!$D$2:$D$953,U$3,'Исходные данные'!$F$2:$F$953,$H19&"")&"+"&SUMIFS('Исходные данные'!$J$2:$J$953,'Исходные данные'!$D$2:$D$953,U$3,'Исходные данные'!$F$2:$F$953,$H19&"")&"="&(SUMIFS('Исходные данные'!$I$2:$I$953,'Исходные данные'!$D$2:$D$953,U$3,'Исходные данные'!$F$2:$F$953,$H19&"")+SUMIFS('Исходные данные'!$J$2:$J$953,'Исходные данные'!$D$2:$D$953,U$3,'Исходные данные'!$F$2:$F$953,$H19&""))))) | V19: =IF(SUMIFS('Исходные данные'!$I$2:$I$953,'Исходные данные'!$D$2:$D$953,V$3,'Исходные данные'!$F$2:$F$953,$H19&"")+SUMIFS('Исходные данные'!$J$2:$J$953,'Исходные данные'!$D$2:$D$953,V$3,'Исходные данные'!$F$2:$F$953,$H19&"")=0,"",IF(SUMIFS('Исходные данные'!$J$2:$J$953,'Исходные данные'!$D$2:$D$953,V$3,'Исходные данные'!$F$2:$F$953,$H19&"")=0,SUMIFS('Исходные данные'!$I$2:$I$953,'Исходные данные'!$D$2:$D$953,V$3,'Исходные данные'!$F$2:$F$953,$H19&""),IF(SUMIFS('Исходные данные'!$I$2:$I$953,'Исходные данные'!$D$2:$D$953,V$3,'Исходные данные'!$F$2:$F$953,$H19&"")=0,"0+"&SUMIFS('Исходные данные'!$J$2:$J$953,'Исходные данные'!$D$2:$D$953,V$3,'Исходные данные'!$F$2:$F$953,$H19&"")&"="&SUMIFS('Исходные данные'!$J$2:$J$953,'Исходные данные'!$D$2:$D$953,V$3,'Исходные данные'!$F$2:$F$953,$H19&""),SUMIFS('Исходные данные'!$I$2:$I$953,'Исходные данные'!$D$2:$D$953,V$3,'Исходные данные'!$F$2:$F$953,$H19&"")&"+"&SUMIFS('Исходные данные'!$J$2:$J$953,'Исходные данные'!$D$2:$D$953,V$3,'Исходные данные'!$F$2:$F$953,$H19&"")&"="&(SUMIFS('Исходные данные'!$I$2:$I$953,'Исходные данные'!$D$2:$D$953,V$3,'Исходные данные'!$F$2:$F$953,$H19&"")+SUMIFS('Исходные данные'!$J$2:$J$953,'Исходные данные'!$D$2:$D$953,V$3,'Исходные данные'!$F$2:$F$953,$H19&""))))) | ... AA19: =IF(SUMIFS('Исходные данные'!$I$2:$I$953,'Исходные данные'!$D$2:$D$953,AA$3,'Исходные данные'!$F$2:$F$953,$H19&"")+SUMIFS('Исходные данные'!$J$2:$J$953,'Исходные данные'!$D$2:$D$953,AA$3,'Исходные данные'!$F$2:$F$953,$H19&"")=0,"",IF(SUMIFS('Исходные данные'!$J$2:$J$953,'Исходные данные'!$D$2:$D$953,AA$3,'Исходные данные'!$F$2:$F$953,$H19&"")=0,SUMIFS('Исходные данные'!$I$2:$I$953,'Исходные данные'!$D$2:$D$953,AA$3,'Исходные данные'!$F$2:$F$953,$H19&""),IF(SUMIFS('Исходные данные'!$I$2:$I$953,'Исходные данные'!$D$2:$D$953,AA$3,'Исходные данные'!$F$2:$F$953,$H19&"")=0,"0+"&SUMIFS('Исходные данные'!$J$2:$J$953,'Исходные данные'!$D$2:$D$953,AA$3,'Исходные данные'!$F$2:$F$953,$H19&"")&"="&SUMIFS('Исходные данные'!$J$2:$J$953,'Исходные данные'!$D$2:$D$953,AA$3,'Исходные данные'!$F$2:$F$953,$H19&""),SUMIFS('Исходные данные'!$I$2:$I$953,'Исходные данные'!$D$2:$D$953,AA$3,'Исходные данные'!$F$2:$F$953,$H19&"")&"+"&SUMIFS('Исходные данные'!$J$2:$J$953,'Исходные данные'!$D$2:$D$953,AA$3,'Исходные данные'!$F$2:$F$953,$H19&"")&"="&(SUMIFS('Исходные данные'!$I$2:$I$953,'Исходные данные'!$D$2:$D$953,AA$3,'Исходные данные'!$F$2:$F$953,$H19&"")+SUMIFS('Исходные данные'!$J$2:$J$953,'Исходные данные'!$D$2:$D$953,AA$3,'Исходные данные'!$F$2:$F$953,$H19&""))))) | AC19: =IF(SUMIFS('Исходные данные'!$I$2:$I$953,'Исходные данные'!$D$2:$D$953,AC$3,'Исходные данные'!$F$2:$F$953,$H19&"")+SUMIFS('Исходные данные'!$J$2:$J$953,'Исходные данные'!$D$2:$D$953,AC$3,'Исходные данные'!$F$2:$F$953,$H19&"")=0,"",IF(SUMIFS('Исходные данные'!$J$2:$J$953,'Исходные данные'!$D$2:$D$953,AC$3,'Исходные данные'!$F$2:$F$953,$H19&"")=0,SUMIFS('Исходные данные'!$I$2:$I$953,'Исходные данные'!$D$2:$D$953,AC$3,'Исходные данные'!$F$2:$F$953,$H19&""),IF(SUMIFS('Исходные данные'!$I$2:$I$953,'Исходные данные'!$D$2:$D$953,AC$3,'Исходные данные'!$F$2:$F$953,$H19&"")=0,"0+"&SUMIFS('Исходные данные'!$J$2:$J$953,'Исходные данные'!$D$2:$D$953,AC$3,'Исходные данные'!$F$2:$F$953,$H19&"")&"="&SUMIFS('Исходные данные'!$J$2:$J$953,'Исходные данные'!$D$2:$D$953,AC$3,'Исходные данные'!$F$2:$F$953,$H19&""),SUMIFS('Исходные данные'!$I$2:$I$953,'Исходные данные'!$D$2:$D$953,AC$3,'Исходные данные'!$F$2:$F$953,$H19&"")&"+"&SUMIFS('Исходные данные'!$J$2:$J$953,'Исходные данные'!$D$2:$D$953,AC$3,'Исходные данные'!$F$2:$F$953,$H19&"")&"="&(SUMIFS('Исходные данные'!$I$2:$I$953,'Исходные данные'!$D$2:$D$953,AC$3,'Исходные данные'!$F$2:$F$953,$H19&"")+SUMIFS('Исходные данные'!$J$2:$J$953,'Исходные данные'!$D$2:$D$953,AC$3,'Исходные данные'!$F$2:$F$953,$H19&""))))) | AD19: =IF(SUMIFS('Исходные данные'!$I$2:$I$953,'Исходные данные'!$D$2:$D$953,AD$3,'Исходные данные'!$F$2:$F$953,$H19&"")+SUMIFS('Исходные данные'!$J$2:$J$953,'Исходные данные'!$D$2:$D$953,AD$3,'Исходные данные'!$F$2:$F$953,$H19&"")=0,"",IF(SUMIFS('Исходные данные'!$J$2:$J$953,'Исходные данные'!$D$2:$D$953,AD$3,'Исходные данные'!$F$2:$F$953,$H19&"")=0,SUMIFS('Исходные данные'!$I$2:$I$953,'Исходные данные'!$D$2:$D$953,AD$3,'Исходные данные'!$F$2:$F$953,$H19&""),IF(SUMIFS('Исходные данные'!$I$2:$I$953,'Исходные данные'!$D$2:$D$953,AD$3,'Исходные данные'!$F$2:$F$953,$H19&"")=0,"0+"&SUMIFS('Исходные данные'!$J$2:$J$953,'Исходные данные'!$D$2:$D$953,AD$3,'Исходные данные'!$F$2:$F$953,$H19&"")&"="&SUMIFS('Исходные данные'!$J$2:$J$953,'Исходные данные'!$D$2:$D$953,AD$3,'Исходные данные'!$F$2:$F$953,$H19&""),SUMIFS('Исходные данные'!$I$2:$I$953,'Исходные данные'!$D$2:$D$953,AD$3,'Исходные данные'!$F$2:$F$953,$H19&"")&"+"&SUMIFS('Исходные данные'!$J$2:$J$953,'Исходные данные'!$D$2:$D$953,AD$3,'Исходные данные'!$F$2:$F$953,$H19&"")&"="&(SUMIFS('Исходные данные'!$I$2:$I$953,'Исходные данные'!$D$2:$D$953,AD$3,'Исходные данные'!$F$2:$F$953,$H19&"")+SUMIFS('Исходные данные'!$J$2:$J$953,'Исходные данные'!$D$2:$D$953,AD$3,'Исходные данные'!$F$2:$F$953,$H19&"")))))
A20: 18 | O20: =IF(SUMIFS('Исходные данные'!$I$2:$I$953,'Исходные данные'!$D$2:$D$953,O$3,'Исходные данные'!$F$2:$F$953,$H21&"",'Исходные данные'!$L$2:$L$953,"УТТ")+SUMIFS('Исходные данные'!$J$2:$J$953,'Исходные данные'!$D$2:$D$953,O$3,'Исходные данные'!$F$2:$F$953,$H21&"",'Исходные данные'!$L$2:$L$953,"УТТ")=0,"","утт-"&(SUMIFS('Исходные данные'!$I$2:$I$953,'Исходные данные'!$D$2:$D$953,O$3,'Исходные данные'!$F$2:$F$953,$H21&"",'Исходные данные'!$L$2:$L$953,"УТТ")+SUMIFS('Исходные данные'!$J$2:$J$953,'Исходные данные'!$D$2:$D$953,O$3,'Исходные данные'!$F$2:$F$953,$H21&"",'Исходные данные'!$L$2:$L$953,"УТТ"))) | P20: =IF(SUMIFS('Исходные данные'!$I$2:$I$953,'Исходные данные'!$D$2:$D$953,P$3,'Исходные данные'!$F$2:$F$953,$H21&"",'Исходные данные'!$L$2:$L$953,"УТТ")+SUMIFS('Исходные данные'!$J$2:$J$953,'Исходные данные'!$D$2:$D$953,P$3,'Исходные данные'!$F$2:$F$953,$H21&"",'Исходные данные'!$L$2:$L$953,"УТТ")=0,"","утт-"&(SUMIFS('Исходные данные'!$I$2:$I$953,'Исходные данные'!$D$2:$D$953,P$3,'Исходные данные'!$F$2:$F$953,$H21&"",'Исходные данные'!$L$2:$L$953,"УТТ")+SUMIFS('Исходные данные'!$J$2:$J$953,'Исходные данные'!$D$2:$D$953,P$3,'Исходные данные'!$F$2:$F$953,$H21&"",'Исходные данные'!$L$2:$L$953,"УТТ"))) | Q20: =IF(SUMIFS('Исходные данные'!$I$2:$I$953,'Исходные данные'!$D$2:$D$953,Q$3,'Исходные данные'!$F$2:$F$953,$H21&"",'Исходные данные'!$L$2:$L$953,"УТТ")+SUMIFS('Исходные данные'!$J$2:$J$953,'Исходные данные'!$D$2:$D$953,Q$3,'Исходные данные'!$F$2:$F$953,$H21&"",'Исходные данные'!$L$2:$L$953,"УТТ")=0,"","утт-"&(SUMIFS('Исходные данные'!$I$2:$I$953,'Исходные данные'!$D$2:$D$953,Q$3,'Исходные данные'!$F$2:$F$953,$H21&"",'Исходные данные'!$L$2:$L$953,"УТТ")+SUMIFS('Исходные данные'!$J$2:$J$953,'Исходные данные'!$D$2:$D$953,Q$3,'Исходные данные'!$F$2:$F$953,$H21&"",'Исходные данные'!$L$2:$L$953,"УТТ"))) | R20: =IF(SUMIFS('Исходные данные'!$I$2:$I$953,'Исходные данные'!$D$2:$D$953,R$3,'Исходные данные'!$F$2:$F$953,$H21&"",'Исходные данные'!$L$2:$L$953,"УТТ")+SUMIFS('Исходные данные'!$J$2:$J$953,'Исходные данные'!$D$2:$D$953,R$3,'Исходные данные'!$F$2:$F$953,$H21&"",'Исходные данные'!$L$2:$L$953,"УТТ")=0,"","утт-"&(SUMIFS('Исходные данные'!$I$2:$I$953,'Исходные данные'!$D$2:$D$953,R$3,'Исходные данные'!$F$2:$F$953,$H21&"",'Исходные данные'!$L$2:$L$953,"УТТ")+SUMIFS('Исходные данные'!$J$2:$J$953,'Исходные данные'!$D$2:$D$953,R$3,'Исходные данные'!$F$2:$F$953,$H21&"",'Исходные данные'!$L$2:$L$953,"УТТ"))) | S20: =IF(SUMIFS('Исходные данные'!$I$2:$I$953,'Исходные данные'!$D$2:$D$953,S$3,'Исходные данные'!$F$2:$F$953,$H21&"",'Исходные данные'!$L$2:$L$953,"УТТ")+SUMIFS('Исходные данные'!$J$2:$J$953,'Исходные данные'!$D$2:$D$953,S$3,'Исходные данные'!$F$2:$F$953,$H21&"",'Исходные данные'!$L$2:$L$953,"УТТ")=0,"","утт-"&(SUMIFS('Исходные данные'!$I$2:$I$953,'Исходные данные'!$D$2:$D$953,S$3,'Исходные данные'!$F$2:$F$953,$H21&"",'Исходные данные'!$L$2:$L$953,"УТТ")+SUMIFS('Исходные данные'!$J$2:$J$953,'Исходные данные'!$D$2:$D$953,S$3,'Исходные данные'!$F$2:$F$953,$H21&"",'Исходные данные'!$L$2:$L$953,"УТТ"))) | T20: =IF(SUMIFS('Исходные данные'!$I$2:$I$953,'Исходные данные'!$D$2:$D$953,T$3,'Исходные данные'!$F$2:$F$953,$H21&"",'Исходные данные'!$L$2:$L$953,"УТТ")+SUMIFS('Исходные данные'!$J$2:$J$953,'Исходные данные'!$D$2:$D$953,T$3,'Исходные данные'!$F$2:$F$953,$H21&"",'Исходные данные'!$L$2:$L$953,"УТТ")=0,"","утт-"&(SUMIFS('Исходные данные'!$I$2:$I$953,'Исходные данные'!$D$2:$D$953,T$3,'Исходные данные'!$F$2:$F$953,$H21&"",'Исходные данные'!$L$2:$L$953,"УТТ")+SUMIFS('Исходные данные'!$J$2:$J$953,'Исходные данные'!$D$2:$D$953,T$3,'Исходные данные'!$F$2:$F$953,$H21&"",'Исходные данные'!$L$2:$L$953,"УТТ"))) | U20: =IF(SUMIFS('Исходные данные'!$I$2:$I$953,'Исходные данные'!$D$2:$D$953,U$3,'Исходные данные'!$F$2:$F$953,$H21&"",'Исходные данные'!$L$2:$L$953,"УТТ")+SUMIFS('Исходные данные'!$J$2:$J$953,'Исходные данные'!$D$2:$D$953,U$3,'Исходные данные'!$F$2:$F$953,$H21&"",'Исходные данные'!$L$2:$L$953,"УТТ")=0,"","утт-"&(SUMIFS('Исходные данные'!$I$2:$I$953,'Исходные данные'!$D$2:$D$953,U$3,'Исходные данные'!$F$2:$F$953,$H21&"",'Исходные данные'!$L$2:$L$953,"УТТ")+SUMIFS('Исходные данные'!$J$2:$J$953,'Исходные данные'!$D$2:$D$953,U$3,'Исходные данные'!$F$2:$F$953,$H21&"",'Исходные данные'!$L$2:$L$953,"УТТ"))) | V20: =IF(SUMIFS('Исходные данные'!$I$2:$I$953,'Исходные данные'!$D$2:$D$953,V$3,'Исходные данные'!$F$2:$F$953,$H21&"",'Исходные данные'!$L$2:$L$953,"УТТ")+SUMIFS('Исходные данные'!$J$2:$J$953,'Исходные данные'!$D$2:$D$953,V$3,'Исходные данные'!$F$2:$F$953,$H21&"",'Исходные данные'!$L$2:$L$953,"УТТ")=0,"","утт-"&(SUMIFS('Исходные данные'!$I$2:$I$953,'Исходные данные'!$D$2:$D$953,V$3,'Исходные данные'!$F$2:$F$953,$H21&"",'Исходные данные'!$L$2:$L$953,"УТТ")+SUMIFS('Исходные данные'!$J$2:$J$953,'Исходные данные'!$D$2:$D$953,V$3,'Исходные данные'!$F$2:$F$953,$H21&"",'Исходные данные'!$L$2:$L$953,"УТТ"))) | ... AA20: =IF(SUMIFS('Исходные данные'!$I$2:$I$953,'Исходные данные'!$D$2:$D$953,AA$3,'Исходные данные'!$F$2:$F$953,$H21&"",'Исходные данные'!$L$2:$L$953,"УТТ")+SUMIFS('Исходные данные'!$J$2:$J$953,'Исходные данные'!$D$2:$D$953,AA$3,'Исходные данные'!$F$2:$F$953,$H21&"",'Исходные данные'!$L$2:$L$953,"УТТ")=0,"","утт-"&(SUMIFS('Исходные данные'!$I$2:$I$953,'Исходные данные'!$D$2:$D$953,AA$3,'Исходные данные'!$F$2:$F$953,$H21&"",'Исходные данные'!$L$2:$L$953,"УТТ")+SUMIFS('Исходные данные'!$J$2:$J$953,'Исходные данные'!$D$2:$D$953,AA$3,'Исходные данные'!$F$2:$F$953,$H21&"",'Исходные данные'!$L$2:$L$953,"УТТ"))) | AC20: =IF(SUMIFS('Исходные данные'!$I$2:$I$953,'Исходные данные'!$D$2:$D$953,AC$3,'Исходные данные'!$F$2:$F$953,$H21&"",'Исходные данные'!$L$2:$L$953,"УТТ")+SUMIFS('Исходные данные'!$J$2:$J$953,'Исходные данные'!$D$2:$D$953,AC$3,'Исходные данные'!$F$2:$F$953,$H21&"",'Исходные данные'!$L$2:$L$953,"УТТ")=0,"","утт-"&(SUMIFS('Исходные данные'!$I$2:$I$953,'Исходные данные'!$D$2:$D$953,AC$3,'Исходные данные'!$F$2:$F$953,$H21&"",'Исходные данные'!$L$2:$L$953,"УТТ")+SUMIFS('Исходные данные'!$J$2:$J$953,'Исходные данные'!$D$2:$D$953,AC$3,'Исходные данные'!$F$2:$F$953,$H21&"",'Исходные данные'!$L$2:$L$953,"УТТ"))) | AD20: =IF(SUMIFS('Исходные данные'!$I$2:$I$953,'Исходные данные'!$D$2:$D$953,AD$3,'Исходные данные'!$F$2:$F$953,$H21&"",'Исходные данные'!$L$2:$L$953,"УТТ")+SUMIFS('Исходные данные'!$J$2:$J$953,'Исходные данные'!$D$2:$D$953,AD$3,'Исходные данные'!$F$2:$F$953,$H21&"",'Исходные данные'!$L$2:$L$953,"УТТ")=0,"","утт-"&(SUMIFS('Исходные данные'!$I$2:$I$953,'Исходные данные'!$D$2:$D$953,AD$3,'Исходные данные'!$F$2:$F$953,$H21&"",'Исходные данные'!$L$2:$L$953,"УТТ")+SUMIFS('Исходные данные'!$J$2:$J$953,'Исходные данные'!$D$2:$D$953,AD$3,'Исходные данные'!$F$2:$F$953,$H21&"",'Исходные данные'!$L$2:$L$953,"УТТ")))
A21: 19 | H21: 50 | I21: Бульдозер | J21: =IFERROR(INDEX('Выход ТС'!$C:$C,MATCH($H21&"",'Выход ТС'!$A:$A,0)),"") | K21: =IFERROR(INDEX('Выход ТС'!$D:$D,MATCH($H21&"",'Выход ТС'!$A:$A,0)),"") | L21: =IFERROR(INDEX('Выход ТС'!$E:$E,MATCH($H21&"",'Выход ТС'!$A:$A,0)),"") | M21: =IFERROR(IF(INDEX('Выход ТС'!$F:$F,MATCH($H21&"",'Выход ТС'!$A:$A,0))=0,"",INDEX('Выход ТС'!$F:$F,MATCH($H21&"",'Выход ТС'!$A:$A,0))),"") | N21: =IFERROR(IF(INDEX('Выход ТС'!$G:$G,MATCH($H21&"",'Выход ТС'!$A:$A,0))=0,"",INDEX('Выход ТС'!$G:$G,MATCH($H21&"",'Выход ТС'!$A:$A,0))),"") | O21: =IF(SUMIFS('Исходные данные'!$I$2:$I$953,'Исходные данные'!$D$2:$D$953,O$3,'Исходные данные'!$F$2:$F$953,$H21&"")+SUMIFS('Исходные данные'!$J$2:$J$953,'Исходные данные'!$D$2:$D$953,O$3,'Исходные данные'!$F$2:$F$953,$H21&"")=0,"",IF(SUMIFS('Исходные данные'!$J$2:$J$953,'Исходные данные'!$D$2:$D$953,O$3,'Исходные данные'!$F$2:$F$953,$H21&"")=0,SUMIFS('Исходные данные'!$I$2:$I$953,'Исходные данные'!$D$2:$D$953,O$3,'Исходные данные'!$F$2:$F$953,$H21&""),IF(SUMIFS('Исходные данные'!$I$2:$I$953,'Исходные данные'!$D$2:$D$953,O$3,'Исходные данные'!$F$2:$F$953,$H21&"")=0,"0+"&SUMIFS('Исходные данные'!$J$2:$J$953,'Исходные данные'!$D$2:$D$953,O$3,'Исходные данные'!$F$2:$F$953,$H21&"")&"="&SUMIFS('Исходные данные'!$J$2:$J$953,'Исходные данные'!$D$2:$D$953,O$3,'Исходные данные'!$F$2:$F$953,$H21&""),SUMIFS('Исходные данные'!$I$2:$I$953,'Исходные данные'!$D$2:$D$953,O$3,'Исходные данные'!$F$2:$F$953,$H21&"")&"+"&SUMIFS('Исходные данные'!$J$2:$J$953,'Исходные данные'!$D$2:$D$953,O$3,'Исходные данные'!$F$2:$F$953,$H21&"")&"="&(SUMIFS('Исходные данные'!$I$2:$I$953,'Исходные данные'!$D$2:$D$953,O$3,'Исходные данные'!$F$2:$F$953,$H21&"")+SUMIFS('Исходные данные'!$J$2:$J$953,'Исходные данные'!$D$2:$D$953,O$3,'Исходные данные'!$F$2:$F$953,$H21&""))))) | P21: =IF(SUMIFS('Исходные данные'!$I$2:$I$953,'Исходные данные'!$D$2:$D$953,P$3,'Исходные данные'!$F$2:$F$953,$H21&"")+SUMIFS('Исходные данные'!$J$2:$J$953,'Исходные данные'!$D$2:$D$953,P$3,'Исходные данные'!$F$2:$F$953,$H21&"")=0,"",IF(SUMIFS('Исходные данные'!$J$2:$J$953,'Исходные данные'!$D$2:$D$953,P$3,'Исходные данные'!$F$2:$F$953,$H21&"")=0,SUMIFS('Исходные данные'!$I$2:$I$953,'Исходные данные'!$D$2:$D$953,P$3,'Исходные данные'!$F$2:$F$953,$H21&""),IF(SUMIFS('Исходные данные'!$I$2:$I$953,'Исходные данные'!$D$2:$D$953,P$3,'Исходные данные'!$F$2:$F$953,$H21&"")=0,"0+"&SUMIFS('Исходные данные'!$J$2:$J$953,'Исходные данные'!$D$2:$D$953,P$3,'Исходные данные'!$F$2:$F$953,$H21&"")&"="&SUMIFS('Исходные данные'!$J$2:$J$953,'Исходные данные'!$D$2:$D$953,P$3,'Исходные данные'!$F$2:$F$953,$H21&""),SUMIFS('Исходные данные'!$I$2:$I$953,'Исходные данные'!$D$2:$D$953,P$3,'Исходные данные'!$F$2:$F$953,$H21&"")&"+"&SUMIFS('Исходные данные'!$J$2:$J$953,'Исходные данные'!$D$2:$D$953,P$3,'Исходные данные'!$F$2:$F$953,$H21&"")&"="&(SUMIFS('Исходные данные'!$I$2:$I$953,'Исходные данные'!$D$2:$D$953,P$3,'Исходные данные'!$F$2:$F$953,$H21&"")+SUMIFS('Исходные данные'!$J$2:$J$953,'Исходные данные'!$D$2:$D$953,P$3,'Исходные данные'!$F$2:$F$953,$H21&""))))) | Q21: =IF(SUMIFS('Исходные данные'!$I$2:$I$953,'Исходные данные'!$D$2:$D$953,Q$3,'Исходные данные'!$F$2:$F$953,$H21&"")+SUMIFS('Исходные данные'!$J$2:$J$953,'Исходные данные'!$D$2:$D$953,Q$3,'Исходные данные'!$F$2:$F$953,$H21&"")=0,"",IF(SUMIFS('Исходные данные'!$J$2:$J$953,'Исходные данные'!$D$2:$D$953,Q$3,'Исходные данные'!$F$2:$F$953,$H21&"")=0,SUMIFS('Исходные данные'!$I$2:$I$953,'Исходные данные'!$D$2:$D$953,Q$3,'Исходные данные'!$F$2:$F$953,$H21&""),IF(SUMIFS('Исходные данные'!$I$2:$I$953,'Исходные данные'!$D$2:$D$953,Q$3,'Исходные данные'!$F$2:$F$953,$H21&"")=0,"0+"&SUMIFS('Исходные данные'!$J$2:$J$953,'Исходные данные'!$D$2:$D$953,Q$3,'Исходные данные'!$F$2:$F$953,$H21&"")&"="&SUMIFS('Исходные данные'!$J$2:$J$953,'Исходные данные'!$D$2:$D$953,Q$3,'Исходные данные'!$F$2:$F$953,$H21&""),SUMIFS('Исходные данные'!$I$2:$I$953,'Исходные данные'!$D$2:$D$953,Q$3,'Исходные данные'!$F$2:$F$953,$H21&"")&"+"&SUMIFS('Исходные данные'!$J$2:$J$953,'Исходные данные'!$D$2:$D$953,Q$3,'Исходные данные'!$F$2:$F$953,$H21&"")&"="&(SUMIFS('Исходные данные'!$I$2:$I$953,'Исходные данные'!$D$2:$D$953,Q$3,'Исходные данные'!$F$2:$F$953,$H21&"")+SUMIFS('Исходные данные'!$J$2:$J$953,'Исходные данные'!$D$2:$D$953,Q$3,'Исходные данные'!$F$2:$F$953,$H21&""))))) | R21: =IF(SUMIFS('Исходные данные'!$I$2:$I$953,'Исходные данные'!$D$2:$D$953,R$3,'Исходные данные'!$F$2:$F$953,$H21&"")+SUMIFS('Исходные данные'!$J$2:$J$953,'Исходные данные'!$D$2:$D$953,R$3,'Исходные данные'!$F$2:$F$953,$H21&"")=0,"",IF(SUMIFS('Исходные данные'!$J$2:$J$953,'Исходные данные'!$D$2:$D$953,R$3,'Исходные данные'!$F$2:$F$953,$H21&"")=0,SUMIFS('Исходные данные'!$I$2:$I$953,'Исходные данные'!$D$2:$D$953,R$3,'Исходные данные'!$F$2:$F$953,$H21&""),IF(SUMIFS('Исходные данные'!$I$2:$I$953,'Исходные данные'!$D$2:$D$953,R$3,'Исходные данные'!$F$2:$F$953,$H21&"")=0,"0+"&SUMIFS('Исходные данные'!$J$2:$J$953,'Исходные данные'!$D$2:$D$953,R$3,'Исходные данные'!$F$2:$F$953,$H21&"")&"="&SUMIFS('Исходные данные'!$J$2:$J$953,'Исходные данные'!$D$2:$D$953,R$3,'Исходные данные'!$F$2:$F$953,$H21&""),SUMIFS('Исходные данные'!$I$2:$I$953,'Исходные данные'!$D$2:$D$953,R$3,'Исходные данные'!$F$2:$F$953,$H21&"")&"+"&SUMIFS('Исходные данные'!$J$2:$J$953,'Исходные данные'!$D$2:$D$953,R$3,'Исходные данные'!$F$2:$F$953,$H21&"")&"="&(SUMIFS('Исходные данные'!$I$2:$I$953,'Исходные данные'!$D$2:$D$953,R$3,'Исходные данные'!$F$2:$F$953,$H21&"")+SUMIFS('Исходные данные'!$J$2:$J$953,'Исходные данные'!$D$2:$D$953,R$3,'Исходные данные'!$F$2:$F$953,$H21&""))))) | S21: =IF(SUMIFS('Исходные данные'!$I$2:$I$953,'Исходные данные'!$D$2:$D$953,S$3,'Исходные данные'!$F$2:$F$953,$H21&"")+SUMIFS('Исходные данные'!$J$2:$J$953,'Исходные данные'!$D$2:$D$953,S$3,'Исходные данные'!$F$2:$F$953,$H21&"")=0,"",IF(SUMIFS('Исходные данные'!$J$2:$J$953,'Исходные данные'!$D$2:$D$953,S$3,'Исходные данные'!$F$2:$F$953,$H21&"")=0,SUMIFS('Исходные данные'!$I$2:$I$953,'Исходные данные'!$D$2:$D$953,S$3,'Исходные данные'!$F$2:$F$953,$H21&""),IF(SUMIFS('Исходные данные'!$I$2:$I$953,'Исходные данные'!$D$2:$D$953,S$3,'Исходные данные'!$F$2:$F$953,$H21&"")=0,"0+"&SUMIFS('Исходные данные'!$J$2:$J$953,'Исходные данные'!$D$2:$D$953,S$3,'Исходные данные'!$F$2:$F$953,$H21&"")&"="&SUMIFS('Исходные данные'!$J$2:$J$953,'Исходные данные'!$D$2:$D$953,S$3,'Исходные данные'!$F$2:$F$953,$H21&""),SUMIFS('Исходные данные'!$I$2:$I$953,'Исходные данные'!$D$2:$D$953,S$3,'Исходные данные'!$F$2:$F$953,$H21&"")&"+"&SUMIFS('Исходные данные'!$J$2:$J$953,'Исходные данные'!$D$2:$D$953,S$3,'Исходные данные'!$F$2:$F$953,$H21&"")&"="&(SUMIFS('Исходные данные'!$I$2:$I$953,'Исходные данные'!$D$2:$D$953,S$3,'Исходные данные'!$F$2:$F$953,$H21&"")+SUMIFS('Исходные данные'!$J$2:$J$953,'Исходные данные'!$D$2:$D$953,S$3,'Исходные данные'!$F$2:$F$953,$H21&""))))) | T21: =IF(SUMIFS('Исходные данные'!$I$2:$I$953,'Исходные данные'!$D$2:$D$953,T$3,'Исходные данные'!$F$2:$F$953,$H21&"")+SUMIFS('Исходные данные'!$J$2:$J$953,'Исходные данные'!$D$2:$D$953,T$3,'Исходные данные'!$F$2:$F$953,$H21&"")=0,"",IF(SUMIFS('Исходные данные'!$J$2:$J$953,'Исходные данные'!$D$2:$D$953,T$3,'Исходные данные'!$F$2:$F$953,$H21&"")=0,SUMIFS('Исходные данные'!$I$2:$I$953,'Исходные данные'!$D$2:$D$953,T$3,'Исходные данные'!$F$2:$F$953,$H21&""),IF(SUMIFS('Исходные данные'!$I$2:$I$953,'Исходные данные'!$D$2:$D$953,T$3,'Исходные данные'!$F$2:$F$953,$H21&"")=0,"0+"&SUMIFS('Исходные данные'!$J$2:$J$953,'Исходные данные'!$D$2:$D$953,T$3,'Исходные данные'!$F$2:$F$953,$H21&"")&"="&SUMIFS('Исходные данные'!$J$2:$J$953,'Исходные данные'!$D$2:$D$953,T$3,'Исходные данные'!$F$2:$F$953,$H21&""),SUMIFS('Исходные данные'!$I$2:$I$953,'Исходные данные'!$D$2:$D$953,T$3,'Исходные данные'!$F$2:$F$953,$H21&"")&"+"&SUMIFS('Исходные данные'!$J$2:$J$953,'Исходные данные'!$D$2:$D$953,T$3,'Исходные данные'!$F$2:$F$953,$H21&"")&"="&(SUMIFS('Исходные данные'!$I$2:$I$953,'Исходные данные'!$D$2:$D$953,T$3,'Исходные данные'!$F$2:$F$953,$H21&"")+SUMIFS('Исходные данные'!$J$2:$J$953,'Исходные данные'!$D$2:$D$953,T$3,'Исходные данные'!$F$2:$F$953,$H21&""))))) | U21: =IF(SUMIFS('Исходные данные'!$I$2:$I$953,'Исходные данные'!$D$2:$D$953,U$3,'Исходные данные'!$F$2:$F$953,$H21&"")+SUMIFS('Исходные данные'!$J$2:$J$953,'Исходные данные'!$D$2:$D$953,U$3,'Исходные данные'!$F$2:$F$953,$H21&"")=0,"",IF(SUMIFS('Исходные данные'!$J$2:$J$953,'Исходные данные'!$D$2:$D$953,U$3,'Исходные данные'!$F$2:$F$953,$H21&"")=0,SUMIFS('Исходные данные'!$I$2:$I$953,'Исходные данные'!$D$2:$D$953,U$3,'Исходные данные'!$F$2:$F$953,$H21&""),IF(SUMIFS('Исходные данные'!$I$2:$I$953,'Исходные данные'!$D$2:$D$953,U$3,'Исходные данные'!$F$2:$F$953,$H21&"")=0,"0+"&SUMIFS('Исходные данные'!$J$2:$J$953,'Исходные данные'!$D$2:$D$953,U$3,'Исходные данные'!$F$2:$F$953,$H21&"")&"="&SUMIFS('Исходные данные'!$J$2:$J$953,'Исходные данные'!$D$2:$D$953,U$3,'Исходные данные'!$F$2:$F$953,$H21&""),SUMIFS('Исходные данные'!$I$2:$I$953,'Исходные данные'!$D$2:$D$953,U$3,'Исходные данные'!$F$2:$F$953,$H21&"")&"+"&SUMIFS('Исходные данные'!$J$2:$J$953,'Исходные данные'!$D$2:$D$953,U$3,'Исходные данные'!$F$2:$F$953,$H21&"")&"="&(SUMIFS('Исходные данные'!$I$2:$I$953,'Исходные данные'!$D$2:$D$953,U$3,'Исходные данные'!$F$2:$F$953,$H21&"")+SUMIFS('Исходные данные'!$J$2:$J$953,'Исходные данные'!$D$2:$D$953,U$3,'Исходные данные'!$F$2:$F$953,$H21&""))))) | V21: =IF(SUMIFS('Исходные данные'!$I$2:$I$953,'Исходные данные'!$D$2:$D$953,V$3,'Исходные данные'!$F$2:$F$953,$H21&"")+SUMIFS('Исходные данные'!$J$2:$J$953,'Исходные данные'!$D$2:$D$953,V$3,'Исходные данные'!$F$2:$F$953,$H21&"")=0,"",IF(SUMIFS('Исходные данные'!$J$2:$J$953,'Исходные данные'!$D$2:$D$953,V$3,'Исходные данные'!$F$2:$F$953,$H21&"")=0,SUMIFS('Исходные данные'!$I$2:$I$953,'Исходные данные'!$D$2:$D$953,V$3,'Исходные данные'!$F$2:$F$953,$H21&""),IF(SUMIFS('Исходные данные'!$I$2:$I$953,'Исходные данные'!$D$2:$D$953,V$3,'Исходные данные'!$F$2:$F$953,$H21&"")=0,"0+"&SUMIFS('Исходные данные'!$J$2:$J$953,'Исходные данные'!$D$2:$D$953,V$3,'Исходные данные'!$F$2:$F$953,$H21&"")&"="&SUMIFS('Исходные данные'!$J$2:$J$953,'Исходные данные'!$D$2:$D$953,V$3,'Исходные данные'!$F$2:$F$953,$H21&""),SUMIFS('Исходные данные'!$I$2:$I$953,'Исходные данные'!$D$2:$D$953,V$3,'Исходные данные'!$F$2:$F$953,$H21&"")&"+"&SUMIFS('Исходные данные'!$J$2:$J$953,'Исходные данные'!$D$2:$D$953,V$3,'Исходные данные'!$F$2:$F$953,$H21&"")&"="&(SUMIFS('Исходные данные'!$I$2:$I$953,'Исходные данные'!$D$2:$D$953,V$3,'Исходные данные'!$F$2:$F$953,$H21&"")+SUMIFS('Исходные данные'!$J$2:$J$953,'Исходные данные'!$D$2:$D$953,V$3,'Исходные данные'!$F$2:$F$953,$H21&""))))) | ... AA21: =IF(SUMIFS('Исходные данные'!$I$2:$I$953,'Исходные данные'!$D$2:$D$953,AA$3,'Исходные данные'!$F$2:$F$953,$H21&"")+SUMIFS('Исходные данные'!$J$2:$J$953,'Исходные данные'!$D$2:$D$953,AA$3,'Исходные данные'!$F$2:$F$953,$H21&"")=0,"",IF(SUMIFS('Исходные данные'!$J$2:$J$953,'Исходные данные'!$D$2:$D$953,AA$3,'Исходные данные'!$F$2:$F$953,$H21&"")=0,SUMIFS('Исходные данные'!$I$2:$I$953,'Исходные данные'!$D$2:$D$953,AA$3,'Исходные данные'!$F$2:$F$953,$H21&""),IF(SUMIFS('Исходные данные'!$I$2:$I$953,'Исходные данные'!$D$2:$D$953,AA$3,'Исходные данные'!$F$2:$F$953,$H21&"")=0,"0+"&SUMIFS('Исходные данные'!$J$2:$J$953,'Исходные данные'!$D$2:$D$953,AA$3,'Исходные данные'!$F$2:$F$953,$H21&"")&"="&SUMIFS('Исходные данные'!$J$2:$J$953,'Исходные данные'!$D$2:$D$953,AA$3,'Исходные данные'!$F$2:$F$953,$H21&""),SUMIFS('Исходные данные'!$I$2:$I$953,'Исходные данные'!$D$2:$D$953,AA$3,'Исходные данные'!$F$2:$F$953,$H21&"")&"+"&SUMIFS('Исходные данные'!$J$2:$J$953,'Исходные данные'!$D$2:$D$953,AA$3,'Исходные данные'!$F$2:$F$953,$H21&"")&"="&(SUMIFS('Исходные данные'!$I$2:$I$953,'Исходные данные'!$D$2:$D$953,AA$3,'Исходные данные'!$F$2:$F$953,$H21&"")+SUMIFS('Исходные данные'!$J$2:$J$953,'Исходные данные'!$D$2:$D$953,AA$3,'Исходные данные'!$F$2:$F$953,$H21&""))))) | AC21: =IF(SUMIFS('Исходные данные'!$I$2:$I$953,'Исходные данные'!$D$2:$D$953,AC$3,'Исходные данные'!$F$2:$F$953,$H21&"")+SUMIFS('Исходные данные'!$J$2:$J$953,'Исходные данные'!$D$2:$D$953,AC$3,'Исходные данные'!$F$2:$F$953,$H21&"")=0,"",IF(SUMIFS('Исходные данные'!$J$2:$J$953,'Исходные данные'!$D$2:$D$953,AC$3,'Исходные данные'!$F$2:$F$953,$H21&"")=0,SUMIFS('Исходные данные'!$I$2:$I$953,'Исходные данные'!$D$2:$D$953,AC$3,'Исходные данные'!$F$2:$F$953,$H21&""),IF(SUMIFS('Исходные данные'!$I$2:$I$953,'Исходные данные'!$D$2:$D$953,AC$3,'Исходные данные'!$F$2:$F$953,$H21&"")=0,"0+"&SUMIFS('Исходные данные'!$J$2:$J$953,'Исходные данные'!$D$2:$D$953,AC$3,'Исходные данные'!$F$2:$F$953,$H21&"")&"="&SUMIFS('Исходные данные'!$J$2:$J$953,'Исходные данные'!$D$2:$D$953,AC$3,'Исходные данные'!$F$2:$F$953,$H21&""),SUMIFS('Исходные данные'!$I$2:$I$953,'Исходные данные'!$D$2:$D$953,AC$3,'Исходные данные'!$F$2:$F$953,$H21&"")&"+"&SUMIFS('Исходные данные'!$J$2:$J$953,'Исходные данные'!$D$2:$D$953,AC$3,'Исходные данные'!$F$2:$F$953,$H21&"")&"="&(SUMIFS('Исходные данные'!$I$2:$I$953,'Исходные данные'!$D$2:$D$953,AC$3,'Исходные данные'!$F$2:$F$953,$H21&"")+SUMIFS('Исходные данные'!$J$2:$J$953,'Исходные данные'!$D$2:$D$953,AC$3,'Исходные данные'!$F$2:$F$953,$H21&""))))) | AD21: =IF(SUMIFS('Исходные данные'!$I$2:$I$953,'Исходные данные'!$D$2:$D$953,AD$3,'Исходные данные'!$F$2:$F$953,$H21&"")+SUMIFS('Исходные данные'!$J$2:$J$953,'Исходные данные'!$D$2:$D$953,AD$3,'Исходные данные'!$F$2:$F$953,$H21&"")=0,"",IF(SUMIFS('Исходные данные'!$J$2:$J$953,'Исходные данные'!$D$2:$D$953,AD$3,'Исходные данные'!$F$2:$F$953,$H21&"")=0,SUMIFS('Исходные данные'!$I$2:$I$953,'Исходные данные'!$D$2:$D$953,AD$3,'Исходные данные'!$F$2:$F$953,$H21&""),IF(SUMIFS('Исходные данные'!$I$2:$I$953,'Исходные данные'!$D$2:$D$953,AD$3,'Исходные данные'!$F$2:$F$953,$H21&"")=0,"0+"&SUMIFS('Исходные данные'!$J$2:$J$953,'Исходные данные'!$D$2:$D$953,AD$3,'Исходные данные'!$F$2:$F$953,$H21&"")&"="&SUMIFS('Исходные данные'!$J$2:$J$953,'Исходные данные'!$D$2:$D$953,AD$3,'Исходные данные'!$F$2:$F$953,$H21&""),SUMIFS('Исходные данные'!$I$2:$I$953,'Исходные данные'!$D$2:$D$953,AD$3,'Исходные данные'!$F$2:$F$953,$H21&"")&"+"&SUMIFS('Исходные данные'!$J$2:$J$953,'Исходные данные'!$D$2:$D$953,AD$3,'Исходные данные'!$F$2:$F$953,$H21&"")&"="&(SUMIFS('Исходные данные'!$I$2:$I$953,'Исходные данные'!$D$2:$D$953,AD$3,'Исходные данные'!$F$2:$F$953,$H21&"")+SUMIFS('Исходные данные'!$J$2:$J$953,'Исходные данные'!$D$2:$D$953,AD$3,'Исходные данные'!$F$2:$F$953,$H21&"")))))
A22: 18 | O22: =IF(SUMIFS('Исходные данные'!$I$2:$I$953,'Исходные данные'!$D$2:$D$953,O$3,'Исходные данные'!$F$2:$F$953,$H23&"",'Исходные данные'!$L$2:$L$953,"УТТ")+SUMIFS('Исходные данные'!$J$2:$J$953,'Исходные данные'!$D$2:$D$953,O$3,'Исходные данные'!$F$2:$F$953,$H23&"",'Исходные данные'!$L$2:$L$953,"УТТ")=0,"","утт-"&(SUMIFS('Исходные данные'!$I$2:$I$953,'Исходные данные'!$D$2:$D$953,O$3,'Исходные данные'!$F$2:$F$953,$H23&"",'Исходные данные'!$L$2:$L$953,"УТТ")+SUMIFS('Исходные данные'!$J$2:$J$953,'Исходные данные'!$D$2:$D$953,O$3,'Исходные данные'!$F$2:$F$953,$H23&"",'Исходные данные'!$L$2:$L$953,"УТТ"))) | P22: =IF(SUMIFS('Исходные данные'!$I$2:$I$953,'Исходные данные'!$D$2:$D$953,P$3,'Исходные данные'!$F$2:$F$953,$H23&"",'Исходные данные'!$L$2:$L$953,"УТТ")+SUMIFS('Исходные данные'!$J$2:$J$953,'Исходные данные'!$D$2:$D$953,P$3,'Исходные данные'!$F$2:$F$953,$H23&"",'Исходные данные'!$L$2:$L$953,"УТТ")=0,"","утт-"&(SUMIFS('Исходные данные'!$I$2:$I$953,'Исходные данные'!$D$2:$D$953,P$3,'Исходные данные'!$F$2:$F$953,$H23&"",'Исходные данные'!$L$2:$L$953,"УТТ")+SUMIFS('Исходные данные'!$J$2:$J$953,'Исходные данные'!$D$2:$D$953,P$3,'Исходные данные'!$F$2:$F$953,$H23&"",'Исходные данные'!$L$2:$L$953,"УТТ"))) | Q22: =IF(SUMIFS('Исходные данные'!$I$2:$I$953,'Исходные данные'!$D$2:$D$953,Q$3,'Исходные данные'!$F$2:$F$953,$H23&"",'Исходные данные'!$L$2:$L$953,"УТТ")+SUMIFS('Исходные данные'!$J$2:$J$953,'Исходные данные'!$D$2:$D$953,Q$3,'Исходные данные'!$F$2:$F$953,$H23&"",'Исходные данные'!$L$2:$L$953,"УТТ")=0,"","утт-"&(SUMIFS('Исходные данные'!$I$2:$I$953,'Исходные данные'!$D$2:$D$953,Q$3,'Исходные данные'!$F$2:$F$953,$H23&"",'Исходные данные'!$L$2:$L$953,"УТТ")+SUMIFS('Исходные данные'!$J$2:$J$953,'Исходные данные'!$D$2:$D$953,Q$3,'Исходные данные'!$F$2:$F$953,$H23&"",'Исходные данные'!$L$2:$L$953,"УТТ"))) | R22: =IF(SUMIFS('Исходные данные'!$I$2:$I$953,'Исходные данные'!$D$2:$D$953,R$3,'Исходные данные'!$F$2:$F$953,$H23&"",'Исходные данные'!$L$2:$L$953,"УТТ")+SUMIFS('Исходные данные'!$J$2:$J$953,'Исходные данные'!$D$2:$D$953,R$3,'Исходные данные'!$F$2:$F$953,$H23&"",'Исходные данные'!$L$2:$L$953,"УТТ")=0,"","утт-"&(SUMIFS('Исходные данные'!$I$2:$I$953,'Исходные данные'!$D$2:$D$953,R$3,'Исходные данные'!$F$2:$F$953,$H23&"",'Исходные данные'!$L$2:$L$953,"УТТ")+SUMIFS('Исходные данные'!$J$2:$J$953,'Исходные данные'!$D$2:$D$953,R$3,'Исходные данные'!$F$2:$F$953,$H23&"",'Исходные данные'!$L$2:$L$953,"УТТ"))) | S22: =IF(SUMIFS('Исходные данные'!$I$2:$I$953,'Исходные данные'!$D$2:$D$953,S$3,'Исходные данные'!$F$2:$F$953,$H23&"",'Исходные данные'!$L$2:$L$953,"УТТ")+SUMIFS('Исходные данные'!$J$2:$J$953,'Исходные данные'!$D$2:$D$953,S$3,'Исходные данные'!$F$2:$F$953,$H23&"",'Исходные данные'!$L$2:$L$953,"УТТ")=0,"","утт-"&(SUMIFS('Исходные данные'!$I$2:$I$953,'Исходные данные'!$D$2:$D$953,S$3,'Исходные данные'!$F$2:$F$953,$H23&"",'Исходные данные'!$L$2:$L$953,"УТТ")+SUMIFS('Исходные данные'!$J$2:$J$953,'Исходные данные'!$D$2:$D$953,S$3,'Исходные данные'!$F$2:$F$953,$H23&"",'Исходные данные'!$L$2:$L$953,"УТТ"))) | T22: =IF(SUMIFS('Исходные данные'!$I$2:$I$953,'Исходные данные'!$D$2:$D$953,T$3,'Исходные данные'!$F$2:$F$953,$H23&"",'Исходные данные'!$L$2:$L$953,"УТТ")+SUMIFS('Исходные данные'!$J$2:$J$953,'Исходные данные'!$D$2:$D$953,T$3,'Исходные данные'!$F$2:$F$953,$H23&"",'Исходные данные'!$L$2:$L$953,"УТТ")=0,"","утт-"&(SUMIFS('Исходные данные'!$I$2:$I$953,'Исходные данные'!$D$2:$D$953,T$3,'Исходные данные'!$F$2:$F$953,$H23&"",'Исходные данные'!$L$2:$L$953,"УТТ")+SUMIFS('Исходные данные'!$J$2:$J$953,'Исходные данные'!$D$2:$D$953,T$3,'Исходные данные'!$F$2:$F$953,$H23&"",'Исходные данные'!$L$2:$L$953,"УТТ"))) | U22: =IF(SUMIFS('Исходные данные'!$I$2:$I$953,'Исходные данные'!$D$2:$D$953,U$3,'Исходные данные'!$F$2:$F$953,$H23&"",'Исходные данные'!$L$2:$L$953,"УТТ")+SUMIFS('Исходные данные'!$J$2:$J$953,'Исходные данные'!$D$2:$D$953,U$3,'Исходные данные'!$F$2:$F$953,$H23&"",'Исходные данные'!$L$2:$L$953,"УТТ")=0,"","утт-"&(SUMIFS('Исходные данные'!$I$2:$I$953,'Исходные данные'!$D$2:$D$953,U$3,'Исходные данные'!$F$2:$F$953,$H23&"",'Исходные данные'!$L$2:$L$953,"УТТ")+SUMIFS('Исходные данные'!$J$2:$J$953,'Исходные данные'!$D$2:$D$953,U$3,'Исходные данные'!$F$2:$F$953,$H23&"",'Исходные данные'!$L$2:$L$953,"УТТ"))) | V22: =IF(SUMIFS('Исходные данные'!$I$2:$I$953,'Исходные данные'!$D$2:$D$953,V$3,'Исходные данные'!$F$2:$F$953,$H23&"",'Исходные данные'!$L$2:$L$953,"УТТ")+SUMIFS('Исходные данные'!$J$2:$J$953,'Исходные данные'!$D$2:$D$953,V$3,'Исходные данные'!$F$2:$F$953,$H23&"",'Исходные данные'!$L$2:$L$953,"УТТ")=0,"","утт-"&(SUMIFS('Исходные данные'!$I$2:$I$953,'Исходные данные'!$D$2:$D$953,V$3,'Исходные данные'!$F$2:$F$953,$H23&"",'Исходные данные'!$L$2:$L$953,"УТТ")+SUMIFS('Исходные данные'!$J$2:$J$953,'Исходные данные'!$D$2:$D$953,V$3,'Исходные данные'!$F$2:$F$953,$H23&"",'Исходные данные'!$L$2:$L$953,"УТТ"))) | ... AA22: =IF(SUMIFS('Исходные данные'!$I$2:$I$953,'Исходные данные'!$D$2:$D$953,AA$3,'Исходные данные'!$F$2:$F$953,$H23&"",'Исходные данные'!$L$2:$L$953,"УТТ")+SUMIFS('Исходные данные'!$J$2:$J$953,'Исходные данные'!$D$2:$D$953,AA$3,'Исходные данные'!$F$2:$F$953,$H23&"",'Исходные данные'!$L$2:$L$953,"УТТ")=0,"","утт-"&(SUMIFS('Исходные данные'!$I$2:$I$953,'Исходные данные'!$D$2:$D$953,AA$3,'Исходные данные'!$F$2:$F$953,$H23&"",'Исходные данные'!$L$2:$L$953,"УТТ")+SUMIFS('Исходные данные'!$J$2:$J$953,'Исходные данные'!$D$2:$D$953,AA$3,'Исходные данные'!$F$2:$F$953,$H23&"",'Исходные данные'!$L$2:$L$953,"УТТ"))) | AC22: =IF(SUMIFS('Исходные данные'!$I$2:$I$953,'Исходные данные'!$D$2:$D$953,AC$3,'Исходные данные'!$F$2:$F$953,$H23&"",'Исходные данные'!$L$2:$L$953,"УТТ")+SUMIFS('Исходные данные'!$J$2:$J$953,'Исходные данные'!$D$2:$D$953,AC$3,'Исходные данные'!$F$2:$F$953,$H23&"",'Исходные данные'!$L$2:$L$953,"УТТ")=0,"","утт-"&(SUMIFS('Исходные данные'!$I$2:$I$953,'Исходные данные'!$D$2:$D$953,AC$3,'Исходные данные'!$F$2:$F$953,$H23&"",'Исходные данные'!$L$2:$L$953,"УТТ")+SUMIFS('Исходные данные'!$J$2:$J$953,'Исходные данные'!$D$2:$D$953,AC$3,'Исходные данные'!$F$2:$F$953,$H23&"",'Исходные данные'!$L$2:$L$953,"УТТ"))) | AD22: =IF(SUMIFS('Исходные данные'!$I$2:$I$953,'Исходные данные'!$D$2:$D$953,AD$3,'Исходные данные'!$F$2:$F$953,$H23&"",'Исходные данные'!$L$2:$L$953,"УТТ")+SUMIFS('Исходные данные'!$J$2:$J$953,'Исходные данные'!$D$2:$D$953,AD$3,'Исходные данные'!$F$2:$F$953,$H23&"",'Исходные данные'!$L$2:$L$953,"УТТ")=0,"","утт-"&(SUMIFS('Исходные данные'!$I$2:$I$953,'Исходные данные'!$D$2:$D$953,AD$3,'Исходные данные'!$F$2:$F$953,$H23&"",'Исходные данные'!$L$2:$L$953,"УТТ")+SUMIFS('Исходные данные'!$J$2:$J$953,'Исходные данные'!$D$2:$D$953,AD$3,'Исходные данные'!$F$2:$F$953,$H23&"",'Исходные данные'!$L$2:$L$953,"УТТ")))
