Workbook

Sheet Выход ТС
A1: Префикс | B1: Название типа | C1: План | D1: По формуле | E1: Факт | F1: Откл | G1: Всего Д | H1: Всего Н | I1: План | K1: ЦДН-1 | M1: План | O1: ЦДН-2 | Q1: План | S1: ЦДН-3 | U1: План | W1: ЦППН | Y1: План | AA1: ЦППД | AC1: План | AE1: ЭЦ | AG1: План | AI1: ОКС | AK1: План | AM1: РСЦ | AO1: План | AQ1: ЦИТС | AS1: План | AU1: ПРЦЭО | AW1: План | AY1: ГЦ | BA1: План | BC1: ЦПП | BE1: План | BG1: БМТС | BI1: План | BK1: ЦПКРС-1 | BM1: План | BO1: ЦПКРС-2 | BQ1: План | BS1: Гараж-1 | BU1: План | BW1: ЦНИПР | BY1: План | CA1: ОБиПКРС | CC1: План | CE1: ЦАП | CG1: План | CI1: ГООС | CK1: План | CM1: Бурение | CO1: План | CQ1: ЦТВС | CS1: План | CU1: ТБ | CW1: План | CY1: ОТДН | DA1: План | DC1: БД | DE1: План | DG1: ОГиР | DI1: План | DK1: ГСРиВК | DM1: План | DO1: ЛД | DQ1: План | DS1: Отделкадр | DU1: План | DW1: УЖЭО | DY1: План | EA1: ГАПиИТ | EC1: План | EE1: ОМ | EG1: План | EI1: ПСО | EK1: План | EM1: Гараж-2 | EO1: План | EQ1: СМУ УТТ | ES1: План | EU1: СБ | EW1: План | EY1: МГС | FA1: План | FC1: IR | FE1: План | FG1: ОБиОТ
I2: Д | J2: Н | K2: Д | L2: Н | M2: Д | N2: Н | O2: Д | P2: Н | Q2: Д | R2: Н | S2: Д | T2: Н | U2: Д | V2: Н | W2: Д | X2: Н | Y2: Д | Z2: Н | AA2: Д | AB2: Н | AC2: Д | AD2: Н | AE2: Д | AF2: Н | AG2: Д | AH2: Н | AI2: Д | AJ2: Н | AK2: Д | AL2: Н | AM2: Д | AN2: Н | AO2: Д | AP2: Н | AQ2: Д | AR2: Н | AS2: Д | AT2: Н | AU2: Д | AV2: Н | AW2: Д | AX2: Н | AY2: Д | AZ2: Н | BA2: Д | BB2: Н | BC2: Д | BD2: Н | BE2: Д | BF2: Н | BG2: Д | BH2: Н | BI2: Д | BJ2: Н | BK2: Д | BL2: Н | BM2: Д | BN2: Н | BO2: Д | BP2: Н | BQ2: Д | BR2: Н | BS2: Д | BT2: Н | BU2: Д | BV2: Н | BW2: Д | BX2: Н | BY2: Д | BZ2: Н | CA2: Д | CB2: Н | CC2: Д | CD2: Н | CE2: Д | CF2: Н | CG2: Д | CH2: Н | CI2: Д | CJ2: Н | CK2: Д | CL2: Н | CM2: Д | CN2: Н | CO2: Д | CP2: Н | CQ2: Д | CR2: Н | CS2: Д | CT2: Н | CU2: Д | CV2: Н | CW2: Д | CX2: Н | CY2: Д | CZ2: Н | DA2: Д | DB2: Н | DC2: Д | DD2: Н | DE2: Д | DF2: Н | DG2: Д | DH2: Н | DI2: Д | DJ2: Н | DK2: Д | DL2: Н | DM2: Д | DN2: Н | DO2: Д | DP2: Н | DQ2: Д | DR2: Н | DS2: Д | DT2: Н | DU2: Д | DV2: Н | DW2: Д | DX2: Н | DY2: Д | DZ2: Н | EA2: Д | EB2: Н | EC2: Д | ED2: Н | EE2: Д | EF2: Н | EG2: Д | EH2: Н | EI2: Д | EJ2: Н | EK2: Д | EL2: Н | EM2: Д | EN2: Н | EO2: Д | EP2: Н | EQ2: Д | ER2: Н | ES2: Д | ET2: Н | EU2: Д | EV2: Н | EW2: Д | EX2: Н | EY2: Д | EZ2: Н | FA2: Д | FB2: Н | FC2: Д | FD2: Н | FE2: Д | FF2: Н | FG2: Д | FH2: Н
A3: 34 | B3: ППУА | C3: 29 | D3: =I3+J3+M3+N3+Q3+R3+U3+V3+Y3+Z3+AC3+AD3+AG3+AH3+AK3+AL3+AO3+AP3+AS3+AT3+AW3+AX3+BA3+BB3+BE3+BF3+BI3+BJ3+BM3+BN3+BQ3+BR3+BU3+BV3+BY3+BZ3+CC3+CD3+CG3+CH3+CK3+CL3+CO3+CP3+CS3+CT3+CW3+CX3+DA3+DB3+DE3+DF3+DI3+DJ3+DM3+DN3+DQ3+DR3+DU3+DV3+DY3+DZ3+EC3+ED3+EG3+EH3+EK3+EL3+EO3+EP3+ES3+ET3+EW3+EX3+FA3+FB3+FE3+FF3 -> 29 | E3: =G3+H3 -> 27 | F3: =E3-C3 -> -2 | G3: =K3+O3+S3+W3+AA3+AE3+AI3+AM3+AQ3+AU3+AY3+BC3+BG3+BK3+BO3+BS3+BW3+CA3+CE3+CI3+CM3+CQ3+CU3+CY3+DC3+DG3+DK3+DO3+DS3+DW3+EA3+EE3+EI3+EM3+EQ3+EU3+EY3+FC3+FG3 -> 19 | H3: =L3+P3+T3+X3+AB3+AF3+AJ3+AN3+AR3+AV3+AZ3+BD3+BH3+BL3+BP3+BT3+BX3+CB3+CF3+CJ3+CN3+CR3+CV3+CZ3+DD3+DH3+DL3+DP3+DT3+DX3+EB3+EF3+EJ3+EN3+ER3+EV3+EZ3+FD3+FH3 -> 8 | I3: 3 | J3: 2 | K3: =SUMIFS('Исходные данные'!$I$2:$I$964,'Исходные данные'!$D$2:$D$964,K$1,'Исходные данные'!$F$2:$F$964,$A3) -> 3 | L3: =SUMIFS('Исходные данные'!$J$2:$J$964,'Исходные данные'!$D$2:$D$964,K$1,'Исходные данные'!$F$2:$F$964,$A3) -> 1 | M3: 2 | N3: 1 | O3: =SUMIFS('Исходные данные'!$I$2:$I$964,'Исходные данные'!$D$2:$D$964,O$1,'Исходные данные'!$F$2:$F$964,$A3) -> 2 | P3: =SUMIFS('Исходные данные'!$J$2:$J$964,'Исходные данные'!$D$2:$D$964,O$1,'Исходные данные'!$F$2:$F$964,$A3) -> 0 | Q3: 4 | R3: 1 | S3: =SUMIFS('Исходные данные'!$I$2:$I$964,'Исходные данные'!$D$2:$D$964,S$1,'Исходные данные'!$F$2:$F$964,$A3) -> 3 | T3: =SUMIFS('Исходные данные'!$J$2:$J$964,'Исходные данные'!$D$2:$D$964,S$1,'Исходные данные'!$F$2:$F$964,$A3) -> 1 | U3: 0 | V3: 0 | W3: =SUMIFS('Исходные данные'!$I$2:$I$964,'Исходные данные'!$D$2:$D$964,W$1,'Исходные данные'!$F$2:$F$964,$A3) -> 1 | X3: =SUMIFS('Исходные данные'!$J$2:$J$964,'Исходные данные'!$D$2:$D$964,W$1,'Исходные данные'!$F$2:$F$964,$A3) -> 0 | Y3: 1 | Z3: 0 | AA3: =SUMIFS('Исходные данные'!$I$2:$I$964,'Исходные данные'!$D$2:$D$964,AA$1,'Исходные данные'!$F$2:$F$964,$A3) -> 1 | AB3: =SUMIFS('Исходные данные'!$J$2:$J$964,'Исходные данные'!$D$2:$D$964,AA$1,'Исходные данные'!$F$2:$F$964,$A3) -> 0 | AC3: 0 | AD3: 0 | AE3: =SUMIFS('Исходные данные'!$I$2:$I$964,'Исходные данные'!$D$2:$D$964,AE$1,'Исходные данные'!$F$2:$F$964,$A3) -> 0 | AF3: =SUMIFS('Исходные данные'!$J$2:$J$964,'Исходные данные'!$D$2:$D$964,AE$1,'Исходные данные'!$F$2:$F$964,$A3) -> 0 | AG3: 0 | AH3: 0 | AI3: =SUMIFS('Исходные данные'!$I$2:$I$964,'Исходные данные'!$D$2:$D$964,AI$1,'Исходные данные'!$F$2:$F$964,$A3) -> 0 | AJ3: =SUMIFS('Исходные данные'!$J$2:$J$964,'Исходные данные'!$D$2:$D$964,AI$1,'Исходные данные'!$F$2:$F$964,$A3) -> 0 | AK3: 0 | AL3: 0 | AM3: =SUMIFS('Исходные данные'!$I$2:$I$964,'Исходные данные'!$D$2:$D$964,AM$1,'Исходные данные'!$F$2:$F$964,$A3) -> 0 | AN3: =SUMIFS('Исходные данные'!$J$2:$J$964,'Исходные данные'!$D$2:$D$964,AM$1,'Исходные данные'!$F$2:$F$964,$A3) -> 0 | AO3: 0 | AP3: 0 | AQ3: =SUMIFS('Исходные данные'!$I$2:$I$964,'Исходные данные'!$D$2:$D$964,AQ$1,'Исходные данные'!$F$2:$F$964,$A3) -> 0 | AR3: =SUMIFS('Исходные данные'!$J$2:$J$964,'Исходные данные'!$D$2:$D$964,AQ$1,'Исходные данные'!$F$2:$F$964,$A3) -> 0 | AS3: 0 | AT3: 0 | AU3: =SUMIFS('Исходные данные'!$I$2:$I$964,'Исходные данные'!$D$2:$D$964,AU$1,'Исходные данные'!$F$2:$F$964,$A3) -> 0 | AV3: =SUMIFS('Исходные данные'!$J$2:$J$964,'Исходные данные'!$D$2:$D$964,AU$1,'Исходные данные'!$F$2:$F$964,$A3) -> 0 | AW3: 0 | AX3: 0 | AY3: =SUMIFS('Исходные данные'!$I$2:$I$964,'Исходные данные'!$D$2:$D$964,AY$1,'Исходные данные'!$F$2:$F$964,$A3) -> 0 | AZ3: =SUMIFS('Исходные данные'!$J$2:$J$964,'Исходные данные'!$D$2:$D$964,AY$1,'Исходные данные'!$F$2:$F$964,$A3) -> 0 | BA3: 0 | BB3: 0 | BC3: =SUMIFS('Исходные данные'!$I$2:$I$964,'Исходные данные'!$D$2:$D$964,BC$1,'Исходные данные'!$F$2:$F$964,$A3) -> 0 | BD3: =SUMIFS('Исходные данные'!$J$2:$J$964,'Исходные данные'!$D$2:$D$964,BC$1,'Исходные данные'!$F$2:$F$964,$A3) -> 0 | BE3: 0 | BF3: 0 | BG3: =SUMIFS('Исходные данные'!$I$2:$I$964,'Исходные данные'!$D$2:$D$964,BG$1,'Исходные данные'!$F$2:$F$964,$A3) -> 0 | BH3: =SUMIFS('Исходные данные'!$J$2:$J$964,'Исходные данные'!$D$2:$D$964,BG$1,'Исходные данные'!$F$2:$F$964,$A3) -> 0 | BI3: 5 | BJ3: 3 | BK3: =SUMIFS('Исходные данные'!$I$2:$I$964,'Исходные данные'!$D$2:$D$964,BK$1,'Исходные данные'!$F$2:$F$964,$A3) -> 5 | BL3: =SUMIFS('Исходные данные'!$J$2:$J$964,'Исходные данные'!$D$2:$D$964,BK$1,'Исходные данные'!$F$2:$F$964,$A3) -> 3 | BM3: 4 | BN3: 3 | BO3: =SUMIFS('Исходные данные'!$I$2:$I$964,'Исходные данные'!$D$2:$D$964,BO$1,'Исходные данные'!$F$2:$F$964,$A3) -> 4 | BP3: =SUMIFS('Исходные данные'!$J$2:$J$964,'Исходные данные'!$D$2:$D$964,BO$1,'Исходные данные'!$F$2:$F$964,$A3) -> 3 | BQ3: 0 | BR3: 0 | BS3: =SUMIFS('Исходные данные'!$I$2:$I$964,'Исходные данные'!$D$2:$D$964,BS$1,'Исходные данные'!$F$2:$F$964,$A3) -> 0 | BT3: =SUMIFS('Исходные данные'!$J$2:$J$964,'Исходные данные'!$D$2:$D$964,BS$1,'Исходные данные'!$F$2:$F$964,$A3) -> 0 | BU3: 0 | BV3: 0 | BW3: =SUMIFS('Исходные данные'!$I$2:$I$964,'Исходные данные'!$D$2:$D$964,BW$1,'Исходные данные'!$F$2:$F$964,$A3) -> 0 | BX3: =SUMIFS('Исходные данные'!$J$2:$J$964,'Исходные данные'!$D$2:$D$964,BW$1,'Исходные данные'!$F$2:$F$964,$A3) -> 0 | BY3: 0 | BZ3: 0 | CA3: =SUMIFS('Исходные данные'!$I$2:$I$964,'Исходные данные'!$D$2:$D$964,CA$1,'Исходные данные'!$F$2:$F$964,$A3) -> 0 | CB3: =SUMIFS('Исходные данные'!$J$2:$J$964,'Исходные данные'!$D$2:$D$964,CA$1,'Исходные данные'!$F$2:$F$964,$A3) -> 0 | CC3: 0 | CD3: 0 | CE3: =SUMIFS('Исходные данные'!$I$2:$I$964,'Исходные данные'!$D$2:$D$964,CE$1,'Исходные данные'!$F$2:$F$964,$A3) -> 0 | CF3: =SUMIFS('Исходные данные'!$J$2:$J$964,'Исходные данные'!$D$2:$D$964,CE$1,'Исходные данные'!$F$2:$F$964,$A3) -> 0 | CG3: 0 | CH3: 0 | CI3: =SUMIFS('Исходные данные'!$I$2:$I$964,'Исходные данные'!$D$2:$D$964,CI$1,'Исходные данные'!$F$2:$F$964,$A3) -> 0 | CJ3: =SUMIFS('Исходные данные'!$J$2:$J$964,'Исходные данные'!$D$2:$D$964,CI$1,'Исходные данные'!$F$2:$F$964,$A3) -> 0 | CK3: 0 | CL3: 0 | CM3: =SUMIFS('Исходные данные'!$I$2:$I$964,'Исходные данные'!$D$2:$D$964,CM$1,'Исходные данные'!$F$2:$F$964,$A3) -> 0 | CN3: =SUMIFS('Исходные данные'!$J$2:$J$964,'Исходные данные'!$D$2:$D$964,CM$1,'Исходные данные'!$F$2:$F$964,$A3) -> 0 | CO3: 0 | CP3: 0 | CQ3: =SUMIFS('Исходные данные'!$I$2:$I$964,'Исходные данные'!$D$2:$D$964,CQ$1,'Исходные данные'!$F$2:$F$964,$A3) -> 0 | CR3: =SUMIFS('Исходные данные'!$J$2:$J$964,'Исходные данные'!$D$2:$D$964,CQ$1,'Исходные данные'!$F$2:$F$964,$A3) -> 0 | CS3: 0 | CT3: 0 | CU3: =SUMIFS('Исходные данные'!$I$2:$I$964,'Исходные данные'!$D$2:$D$964,CU$1,'Исходные данные'!$F$2:$F$964,$A3) -> 0 | CV3: =SUMIFS('Исходные данные'!$J$2:$J$964,'Исходные данные'!$D$2:$D$964,CU$1,'Исходные данные'!$F$2:$F$964,$A3) -> 0 | CW3: 0 | CX3: 0 | CY3: =SUMIFS('Исходные данные'!$I$2:$I$964,'Исходные данные'!$D$2:$D$964,CY$1,'Исходные данные'!$F$2:$F$964,$A3) -> 0 | CZ3: =SUMIFS('Исходные данные'!$J$2:$J$964,'Исходные данные'!$D$2:$D$964,CY$1,'Исходные данные'!$F$2:$F$964,$A3) -> 0 | DA3: 0 | DB3: 0 | DC3: =SUMIFS('Исходные данные'!$I$2:$I$964,'Исходные данные'!$D$2:$D$964,DC$1,'Исходные данные'!$F$2:$F$964,$A3) -> 0 | DD3: =SUMIFS('Исходные данные'!$J$2:$J$964,'Исходные данные'!$D$2:$D$964,DC$1,'Исходные данные'!$F$2:$F$964,$A3) -> 0 | DE3: 0 | DF3: 0 | DG3: =SUMIFS('Исходные данные'!$I$2:$I$964,'Исходные данные'!$D$2:$D$964,DG$1,'Исходные данные'!$F$2:$F$964,$A3) -> 0 | DH3: =SUMIFS('Исходные данные'!$J$2:$J$964,'Исходные данные'!$D$2:$D$964,DG$1,'Исходные данные'!$F$2:$F$964,$A3) -> 0 | DI3: 0 | DJ3: 0 | DK3: =SUMIFS('Исходные данные'!$I$2:$I$964,'Исходные данные'!$D$2:$D$964,DK$1,'Исходные данные'!$F$2:$F$964,$A3) -> 0 | DL3: =SUMIFS('Исходные данные'!$J$2:$J$964,'Исходные данные'!$D$2:$D$964,DK$1,'Исходные данные'!$F$2:$F$964,$A3) -> 0 | DM3: 0 | DN3: 0 | DO3: =SUMIFS('Исходные данные'!$I$2:$I$964,'Исходные данные'!$D$2:$D$964,DO$1,'Исходные данные'!$F$2:$F$964,$A3) -> 0 | DP3: =SUMIFS('Исходные данные'!$J$2:$J$964,'Исходные данные'!$D$2:$D$964,DO$1,'Исходные данные'!$F$2:$F$964,$A3) -> 0 | DQ3: 0 | DR3: 0 | DS3: =SUMIFS('Исходные данные'!$I$2:$I$964,'Исходные данные'!$D$2:$D$964,DS$1,'Исходные данные'!$F$2:$F$964,$A3) -> 0 | DT3: =SUMIFS('Исходные данные'!$J$2:$J$964,'Исходные данные'!$D$2:$D$964,DS$1,'Исходные данные'!$F$2:$F$964,$A3) -> 0 | DU3: 0 | DV3: 0 | DW3: =SUMIFS('Исходные данные'!$I$2:$I$964,'Исходные данные'!$D$2:$D$964,DW$1,'Исходные данные'!$F$2:$F$964,$A3) -> 0 | DX3: =SUMIFS('Исходные данные'!$J$2:$J$964,'Исходные данные'!$D$2:$D$964,DW$1,'Исходные данные'!$F$2:$F$964,$A3) -> 0 | DY3: 0 | DZ3: 0 | EA3: =SUMIFS('Исходные данные'!$I$2:$I$964,'Исходные данные'!$D$2:$D$964,EA$1,'Исходные данные'!$F$2:$F$964,$A3) -> 0 | EB3: =SUMIFS('Исходные данные'!$J$2:$J$964,'Исходные данные'!$D$2:$D$964,EA$1,'Исходные данные'!$F$2:$F$964,$A3) -> 0 | EC3: 0 | ED3: 0 | EE3: =SUMIFS('Исходные данные'!$I$2:$I$964,'Исходные данные'!$D$2:$D$964,EE$1,'Исходные данные'!$F$2:$F$964,$A3) -> 0 | EF3: =SUMIFS('Исходные данные'!$J$2:$J$964,'Исходные данные'!$D$2:$D$964,EE$1,'Исходные данные'!$F$2:$F$964,$A3) -> 0 | EG3: 0 | EH3: 0 | EI3: =SUMIFS('Исходные данные'!$I$2:$I$964,'Исходные данные'!$D$2:$D$964,EI$1,'Исходные данные'!$F$2:$F$964,$A3) -> 0 | EJ3: =SUMIFS('Исходные данные'!$J$2:$J$964,'Исходные данные'!$D$2:$D$964,EI$1,'Исходные данные'!$F$2:$F$964,$A3) -> 0 | EK3: 0 | EL3: 0 | EM3: =SUMIFS('Исходные данные'!$I$2:$I$964,'Исходные данные'!$D$2:$D$964,EM$1,'Исходные данные'!$F$2:$F$964,$A3) -> 0 | EN3: =SUMIFS('Исходные данные'!$J$2:$J$964,'Исходные данные'!$D$2:$D$964,EM$1,'Исходные данные'!$F$2:$F$964,$A3) -> 0 | EO3: 0 | EP3: 0 | EQ3: =SUMIFS('Исходные данные'!$I$2:$I$964,'Исходные данные'!$D$2:$D$964,EQ$1,'Исходные данные'!$F$2:$F$964,$A3) -> 0 | ER3: =SUMIFS('Исходные данные'!$J$2:$J$964,'Исходные данные'!$D$2:$D$964,EQ$1,'Исходные данные'!$F$2:$F$964,$A3) -> 0 | ES3: 0 | ET3: 0 | EU3: =SUMIFS('Исходные данные'!$I$2:$I$964,'Исходные данные'!$D$2:$D$964,EU$1,'Исходные данные'!$F$2:$F$964,$A3) -> 0 | EV3: =SUMIFS('Исходные данные'!$J$2:$J$964,'Исходные данные'!$D$2:$D$964,EU$1,'Исходные данные'!$F$2:$F$964,$A3) -> 0 | EW3: 0 | EX3: 0 | EY3: =SUMIFS('Исходные данные'!$I$2:$I$964,'Исходные данные'!$D$2:$D$964,EY$1,'Исходные данные'!$F$2:$F$964,$A3) -> 0 | EZ3: =SUMIFS('Исходные данные'!$J$2:$J$964,'Исходные данные'!$D$2:$D$964,EY$1,'Исходные данные'!$F$2:$F$964,$A3) -> 0 | FA3: 0 | FB3: 0 | FC3: =SUMIFS('Исходные данные'!$I$2:$I$964,'Исходные данные'!$D$2:$D$964,FC$1,'Исходные данные'!$F$2:$F$964,$A3) -> 0 | FD3: =SUMIFS('Исходные данные'!$J$2:$J$964,'Исходные данные'!$D$2:$D$964,FC$1,'Исходные данные'!$F$2:$F$964,$A3) -> 0 | FE3: 0 | FF3: 0 | FG3: =SUMIFS('Исходные данные'!$I$2:$I$964,'Исходные данные'!$D$2:$D$964,FG$1,'Исходные данные'!$F$2:$F$964,$A3) -> 0 | FH3: =SUMIFS('Исходные данные'!$J$2:$J$964,'Исходные данные'!$D$2:$D$964,FG$1,'Исходные данные'!$F$2:$F$964,$A3) -> 0
A4: 47 | B4: Тракторный экскаватор | C4: 10 | D4: =I4+J4+M4+N4+Q4+R4+U4+V4+Y4+Z4+AC4+AD4+AG4+AH4+AK4+AL4+AO4+AP4+AS4+AT4+AW4+AX4+BA4+BB4+BE4+BF4+BI4+BJ4+BM4+BN4+BQ4+BR4+BU4+BV4+BY4+BZ4+CC4+CD4+CG4+CH4+CK4+CL4+CO4+CP4+CS4+CT4+CW4+CX4+DA4+DB4+DE4+DF4+DI4+DJ4+DM4+DN4+DQ4+DR4+DU4+DV4+DY4+DZ4+EC4+ED4+EG4+EH4+EK4+EL4+EO4+EP4+ES4+ET4+EW4+EX4+FA4+FB4+FE4+FF4 -> 10 | E4: =G4+H4 -> 8 | F4: =E4-C4 -> -2 | G4: =K4+O4+S4+W4+AA4+AE4+AI4+AM4+AQ4+AU4+AY4+BC4+BG4+BK4+BO4+BS4+BW4+CA4+CE4+CI4+CM4+CQ4+CU4+CY4+DC4+DG4+DK4+DO4+DS4+DW4+EA4+EE4+EI4+EM4+EQ4+EU4+EY4+FC4+FG4 -> 8 | H4: =L4+P4+T4+X4+AB4+AF4+AJ4+AN4+AR4+AV4+AZ4+BD4+BH4+BL4+BP4+BT4+BX4+CB4+CF4+CJ4+CN4+CR4+CV4+CZ4+DD4+DH4+DL4+DP4+DT4+DX4+EB4+EF4+EJ4+EN4+ER4+EV4+EZ4+FD4+FH4 -> 0 | I4: 1 | J4: 0 | K4: =SUMIFS('Исходные данные'!$I$2:$I$964,'Исходные данные'!$D$2:$D$964,K$1,'Исходные данные'!$F$2:$F$964,$A4) -> 1 | L4: =SUMIFS('Исходные данные'!$J$2:$J$964,'Исходные данные'!$D$2:$D$964,K$1,'Исходные данные'!$F$2:$F$964,$A4) -> 0 | M4: 1 | N4: 0 | O4: =SUMIFS('Исходные данные'!$I$2:$I$964,'Исходные данные'!$D$2:$D$964,O$1,'Исходные данные'!$F$2:$F$964,$A4) -> 1 | P4: =SUMIFS('Исходные данные'!$J$2:$J$964,'Исходные данные'!$D$2:$D$964,O$1,'Исходные данные'!$F$2:$F$964,$A4) -> 0 | Q4: 2 | R4: 0 | S4: =SUMIFS('Исходные данные'!$I$2:$I$964,'Исходные данные'!$D$2:$D$964,S$1,'Исходные данные'!$F$2:$F$964,$A4) -> 2 | T4: =SUMIFS('Исходные данные'!$J$2:$J$964,'Исходные данные'!$D$2:$D$964,S$1,'Исходные данные'!$F$2:$F$964,$A4) -> 0 | U4: 0 | V4: 0 | W4: =SUMIFS('Исходные данные'!$I$2:$I$964,'Исходные данные'!$D$2:$D$964,W$1,'Исходные данные'!$F$2:$F$964,$A4) -> 0 | X4: =SUMIFS('Исходные данные'!$J$2:$J$964,'Исходные данные'!$D$2:$D$964,W$1,'Исходные данные'!$F$2:$F$964,$A4) -> 0 | Y4: 1 | Z4: 0 | AA4: =SUMIFS('Исходные данные'!$I$2:$I$964,'Исходные данные'!$D$2:$D$964,AA$1,'Исходные данные'!$F$2:$F$964,$A4) -> 1 | AB4: =SUMIFS('Исходные данные'!$J$2:$J$964,'Исходные данные'!$D$2:$D$964,AA$1,'Исходные данные'!$F$2:$F$964,$A4) -> 0 | AC4: 0 | AD4: 0 | AE4: =SUMIFS('Исходные данные'!$I$2:$I$964,'Исходные данные'!$D$2:$D$964,AE$1,'Исходные данные'!$F$2:$F$964,$A4) -> 0 | AF4: =SUMIFS('Исходные данные'!$J$2:$J$964,'Исходные данные'!$D$2:$D$964,AE$1,'Исходные данные'!$F$2:$F$964,$A4) -> 0 | AG4: 4 | AH4: 0 | AI4: =SUMIFS('Исходные данные'!$I$2:$I$964,'Исходные данные'!$D$2:$D$964,AI$1,'Исходные данные'!$F$2:$F$964,$A4) -> 2 | AJ4: =SUMIFS('Исходные данные'!$J$2:$J$964,'Исходные данные'!$D$2:$D$964,AI$1,'Исходные данные'!$F$2:$F$964,$A4) -> 0 | AK4: 1 | AL4: 0 | AM4: =SUMIFS('Исходные данные'!$I$2:$I$964,'Исходные данные'!$D$2:$D$964,AM$1,'Исходные данные'!$F$2:$F$964,$A4) -> 1 | AN4: =SUMIFS('Исходные данные'!$J$2:$J$964,'Исходные данные'!$D$2:$D$964,AM$1,'Исходные данные'!$F$2:$F$964,$A4) -> 0 | AO4: 0 | AP4: 0 | AQ4: =SUMIFS('Исходные данные'!$I$2:$I$964,'Исходные данные'!$D$2:$D$964,AQ$1,'Исходные данные'!$F$2:$F$964,$A4) -> 0 | AR4: =SUMIFS('Исходные данные'!$J$2:$J$964,'Исходные данные'!$D$2:$D$964,AQ$1,'Исходные данные'!$F$2:$F$964,$A4) -> 0 | AS4: 0 | AT4: 0 | AU4: =SUMIFS('Исходные данные'!$I$2:$I$964,'Исходные данные'!$D$2:$D$964,AU$1,'Исходные данные'!$F$2:$F$964,$A4) -> 0 | AV4: =SUMIFS('Исходные данные'!$J$2:$J$964,'Исходные данные'!$D$2:$D$964,AU$1,'Исходные данные'!$F$2:$F$964,$A4) -> 0 | AW4: 0 | AX4: 0 | AY4: =SUMIFS('Исходные данные'!$I$2:$I$964,'Исходные данные'!$D$2:$D$964,AY$1,'Исходные данные'!$F$2:$F$964,$A4) -> 0 | AZ4: =SUMIFS('Исходные данные'!$J$2:$J$964,'Исходные данные'!$D$2:$D$964,AY$1,'Исходные данные'!$F$2:$F$964,$A4) -> 0 | BA4: 0 | BB4: 0 | BC4: =SUMIFS('Исходные данные'!$I$2:$I$964,'Исходные данные'!$D$2:$D$964,BC$1,'Исходные данные'!$F$2:$F$964,$A4) -> 0 | BD4: =SUMIFS('Исходные данные'!$J$2:$J$964,'Исходные данные'!$D$2:$D$964,BC$1,'Исходные данные'!$F$2:$F$964,$A4) -> 0 | BE4: 0 | BF4: 0 | BG4: =SUMIFS('Исходные данные'!$I$2:$I$964,'Исходные данные'!$D$2:$D$964,BG$1,'Исходные данные'!$F$2:$F$964,$A4) -> 0 | BH4: =SUMIFS('Исходные данные'!$J$2:$J$964,'Исходные данные'!$D$2:$D$964,BG$1,'Исходные данные'!$F$2:$F$964,$A4) -> 0 | BI4: 0 | BJ4: 0 | BK4: =SUMIFS('Исходные данные'!$I$2:$I$964,'Исходные данные'!$D$2:$D$964,BK$1,'Исходные данные'!$F$2:$F$964,$A4) -> 0 | BL4: =SUMIFS('Исходные данные'!$J$2:$J$964,'Исходные данные'!$D$2:$D$964,BK$1,'Исходные данные'!$F$2:$F$964,$A4) -> 0 | BM4: 0 | BN4: 0 | BO4: =SUMIFS('Исходные данные'!$I$2:$I$964,'Исходные данные'!$D$2:$D$964,BO$1,'Исходные данные'!$F$2:$F$964,$A4) -> 0 | BP4: =SUMIFS('Исходные данные'!$J$2:$J$964,'Исходные данные'!$D$2:$D$964,BO$1,'Исходные данные'!$F$2:$F$964,$A4) -> 0 | BQ4: 0 | BR4: 0 | BS4: =SUMIFS('Исходные данные'!$I$2:$I$964,'Исходные данные'!$D$2:$D$964,BS$1,'Исходные данные'!$F$2:$F$964,$A4) -> 0 | BT4: =SUMIFS('Исходные данные'!$J$2:$J$964,'Исходные данные'!$D$2:$D$964,BS$1,'Исходные данные'!$F$2:$F$964,$A4) -> 0 | BU4: 0 | BV4: 0 | BW4: =SUMIFS('Исходные данные'!$I$2:$I$964,'Исходные данные'!$D$2:$D$964,BW$1,'Исходные данные'!$F$2:$F$964,$A4) -> 0 | BX4: =SUMIFS('Исходные данные'!$J$2:$J$964,'Исходные данные'!$D$2:$D$964,BW$1,'Исходные данные'!$F$2:$F$964,$A4) -> 0 | BY4: 0 | BZ4: 0 | CA4: =SUMIFS('Исходные данные'!$I$2:$I$964,'Исходные данные'!$D$2:$D$964,CA$1,'Исходные данные'!$F$2:$F$964,$A4) -> 0 | CB4: =SUMIFS('Исходные данные'!$J$2:$J$964,'Исходные данные'!$D$2:$D$964,CA$1,'Исходные данные'!$F$2:$F$964,$A4) -> 0 | CC4: 0 | CD4: 0 | CE4: =SUMIFS('Исходные данные'!$I$2:$I$964,'Исходные данные'!$D$2:$D$964,CE$1,'Исходные данные'!$F$2:$F$964,$A4) -> 0 | CF4: =SUMIFS('Исходные данные'!$J$2:$J$964,'Исходные данные'!$D$2:$D$964,CE$1,'Исходные данные'!$F$2:$F$964,$A4) -> 0 | CG4: 0 | CH4: 0 | CI4: =SUMIFS('Исходные данные'!$I$2:$I$964,'Исходные данные'!$D$2:$D$964,CI$1,'Исходные данные'!$F$2:$F$964,$A4) -> 0 | CJ4: =SUMIFS('Исходные данные'!$J$2:$J$964,'Исходные данные'!$D$2:$D$964,CI$1,'Исходные данные'!$F$2:$F$964,$A4) -> 0 | CK4: 0 | CL4: 0 | CM4: =SUMIFS('Исходные данные'!$I$2:$I$964,'Исходные данные'!$D$2:$D$964,CM$1,'Исходные данные'!$F$2:$F$964,$A4) -> 0 | CN4: =SUMIFS('Исходные данные'!$J$2:$J$964,'Исходные данные'!$D$2:$D$964,CM$1,'Исходные данные'!$F$2:$F$964,$A4) -> 0 | CO4: 0 | CP4: 0 | CQ4: =SUMIFS('Исходные данные'!$I$2:$I$964,'Исходные данные'!$D$2:$D$964,CQ$1,'Исходные данные'!$F$2:$F$964,$A4) -> 0 | CR4: =SUMIFS('Исходные данные'!$J$2:$J$964,'Исходные данные'!$D$2:$D$964,CQ$1,'Исходные данные'!$F$2:$F$964,$A4) -> 0 | CS4: 0 | CT4: 0 | CU4: =SUMIFS('Исходные данные'!$I$2:$I$964,'Исходные данные'!$D$2:$D$964,CU$1,'Исходные данные'!$F$2:$F$964,$A4) -> 0 | CV4: =SUMIFS('Исходные данные'!$J$2:$J$964,'Исходные данные'!$D$2:$D$964,CU$1,'Исходные данные'!$F$2:$F$964,$A4) -> 0 | CW4: 0 | CX4: 0 | CY4: =SUMIFS('Исходные данные'!$I$2:$I$964,'Исходные данные'!$D$2:$D$964,CY$1,'Исходные данные'!$F$2:$F$964,$A4) -> 0 | CZ4: =SUMIFS('Исходные данные'!$J$2:$J$964,'Исходные данные'!$D$2:$D$964,CY$1,'Исходные данные'!$F$2:$F$964,$A4) -> 0 | DA4: 0 | DB4: 0 | DC4: =SUMIFS('Исходные данные'!$I$2:$I$964,'Исходные данные'!$D$2:$D$964,DC$1,'Исходные данные'!$F$2:$F$964,$A4) -> 0 | DD4: =SUMIFS('Исходные данные'!$J$2:$J$964,'Исходные данные'!$D$2:$D$964,DC$1,'Исходные данные'!$F$2:$F$964,$A4) -> 0 | DE4: 0 | DF4: 0 | DG4: =SUMIFS('Исходные данные'!$I$2:$I$964,'Исходные данные'!$D$2:$D$964,DG$1,'Исходные данные'!$F$2:$F$964,$A4) -> 0 | DH4: =SUMIFS('Исходные данные'!$J$2:$J$964,'Исходные данные'!$D$2:$D$964,DG$1,'Исходные данные'!$F$2:$F$964,$A4) -> 0 | DI4: 0 | DJ4: 0 | DK4: =SUMIFS('Исходные данные'!$I$2:$I$964,'Исходные данные'!$D$2:$D$964,DK$1,'Исходные данные'!$F$2:$F$964,$A4) -> 0 | DL4: =SUMIFS('Исходные данные'!$J$2:$J$964,'Исходные данные'!$D$2:$D$964,DK$1,'Исходные данные'!$F$2:$F$964,$A4) -> 0 | DM4: 0 | DN4: 0 | DO4: =SUMIFS('Исходные данные'!$I$2:$I$964,'Исходные данные'!$D$2:$D$964,DO$1,'Исходные данные'!$F$2:$F$964,$A4) -> 0 | DP4: =SUMIFS('Исходные данные'!$J$2:$J$964,'Исходные данные'!$D$2:$D$964,DO$1,'Исходные данные'!$F$2:$F$964,$A4) -> 0 | DQ4: 0 | DR4: 0 | DS4: =SUMIFS('Исходные данные'!$I$2:$I$964,'Исходные данные'!$D$2:$D$964,DS$1,'Исходные данные'!$F$2:$F$964,$A4) -> 0 | DT4: =SUMIFS('Исходные данные'!$J$2:$J$964,'Исходные данные'!$D$2:$D$964,DS$1,'Исходные данные'!$F$2:$F$964,$A4) -> 0 | DU4: 0 | DV4: 0 | DW4: =SUMIFS('Исходные данные'!$I$2:$I$964,'Исходные данные'!$D$2:$D$964,DW$1,'Исходные данные'!$F$2:$F$964,$A4) -> 0 | DX4: =SUMIFS('Исходные данные'!$J$2:$J$964,'Исходные данные'!$D$2:$D$964,DW$1,'Исходные данные'!$F$2:$F$964,$A4) -> 0 | DY4: 0 | DZ4: 0 | EA4: =SUMIFS('Исходные данные'!$I$2:$I$964,'Исходные данные'!$D$2:$D$964,EA$1,'Исходные данные'!$F$2:$F$964,$A4) -> 0 | EB4: =SUMIFS('Исходные данные'!$J$2:$J$964,'Исходные данные'!$D$2:$D$964,EA$1,'Исходные данные'!$F$2:$F$964,$A4) -> 0 | EC4: 0 | ED4: 0 | EE4: =SUMIFS('Исходные данные'!$I$2:$I$964,'Исходные данные'!$D$2:$D$964,EE$1,'Исходные данные'!$F$2:$F$964,$A4) -> 0 | EF4: =SUMIFS('Исходные данные'!$J$2:$J$964,'Исходные данные'!$D$2:$D$964,EE$1,'Исходные данные'!$F$2:$F$964,$A4) -> 0 | EG4: 0 | EH4: 0 | EI4: =SUMIFS('Исходные данные'!$I$2:$I$964,'Исходные данные'!$D$2:$D$964,EI$1,'Исходные данные'!$F$2:$F$964,$A4) -> 0 | EJ4: =SUMIFS('Исходные данные'!$J$2:$J$964,'Исходные данные'!$D$2:$D$964,EI$1,'Исходные данные'!$F$2:$F$964,$A4) -> 0 | EK4: 0 | EL4: 0 | EM4: =SUMIFS('Исходные данные'!$I$2:$I$964,'Исходные данные'!$D$2:$D$964,EM$1,'Исходные данные'!$F$2:$F$964,$A4) -> 0 | EN4: =SUMIFS('Исходные данные'!$J$2:$J$964,'Исходные данные'!$D$2:$D$964,EM$1,'Исходные данные'!$F$2:$F$964,$A4) -> 0 | EO4: 0 | EP4: 0 | EQ4: =SUMIFS('Исходные данные'!$I$2:$I$964,'Исходные данные'!$D$2:$D$964,EQ$1,'Исходные данные'!$F$2:$F$964,$A4) -> 0 | ER4: =SUMIFS('Исходные данные'!$J$2:$J$964,'Исходные данные'!$D$2:$D$964,EQ$1,'Исходные данные'!$F$2:$F$964,$A4) -> 0 | ES4: 0 | ET4: 0 | EU4: =SUMIFS('Исходные данные'!$I$2:$I$964,'Исходные данные'!$D$2:$D$964,EU$1,'Исходные данные'!$F$2:$F$964,$A4) -> 0 | EV4: =SUMIFS('Исходные данные'!$J$2:$J$964,'Исходные данные'!$D$2:$D$964,EU$1,'Исходные данные'!$F$2:$F$964,$A4) -> 0 | EW4: 0 | EX4: 0 | EY4: =SUMIFS('Исходные данные'!$I$2:$I$964,'Исходные данные'!$D$2:$D$964,EY$1,'Исходные данные'!$F$2:$F$964,$A4) -> 0 | EZ4: =SUMIFS('Исходные данные'!$J$2:$J$964,'Исходные данные'!$D$2:$D$964,EY$1,'Исходные данные'!$F$2:$F$964,$A4) -> 0 | FA4: 0 | FB4: 0 | FC4: =SUMIFS('Исходные данные'!$I$2:$I$964,'Исходные данные'!$D$2:$D$964,FC$1,'Исходные данные'!$F$2:$F$964,$A4) -> 0 | FD4: =SUMIFS('Исходные данные'!$J$2:$J$964,'Исходные данные'!$D$2:$D$964,FC$1,'Исходные данные'!$F$2:$F$964,$A4) -> 0 | FE4: 0 | FF4: 0 | FG4: =SUMIFS('Исходные данные'!$I$2:$I$964,'Исходные данные'!$D$2:$D$964,FG$1,'Исходные данные'!$F$2:$F$964,$A4) -> 0 | FH4: =SUMIFS('Исходные данные'!$J$2:$J$964,'Исходные данные'!$D$2:$D$964,FG$1,'Исходные данные'!$F$2:$F$964,$A4) -> 0
A5: 49 | B5: Вакуумная установка | C5: 15 | D5: =I5+J5+M5+N5+Q5+R5+U5+V5+Y5+Z5+AC5+AD5+AG5+AH5+AK5+AL5+AO5+AP5+AS5+AT5+AW5+AX5+BA5+BB5+BE5+BF5+BI5+BJ5+BM5+BN5+BQ5+BR5+BU5+BV5+BY5+BZ5+CC5+CD5+CG5+CH5+CK5+CL5+CO5+CP5+CS5+CT5+CW5+CX5+DA5+DB5+DE5+DF5+DI5+DJ5+DM5+DN5+DQ5+DR5+DU5+DV5+DY5+DZ5+EC5+ED5+EG5+EH5+EK5+EL5+EO5+EP5+ES5+ET5+EW5+EX5+FA5+FB5+FE5+FF5 -> 15 | E5: =G5+H5 -> 13 | F5: =E5-C5 -> -2 | G5: =K5+O5+S5+W5+AA5+AE5+AI5+AM5+AQ5+AU5+AY5+BC5+BG5+BK5+BO5+BS5+BW5+CA5+CE5+CI5+CM5+CQ5+CU5+CY5+DC5+DG5+DK5+DO5+DS5+DW5+EA5+EE5+EI5+EM5+EQ5+EU5+EY5+FC5+FG5 -> 7 | H5: =L5+P5+T5+X5+AB5+AF5+AJ5+AN5+AR5+AV5+AZ5+BD5+BH5+BL5+BP5+BT5+BX5+CB5+CF5+CJ5+CN5+CR5+CV5+CZ5+DD5+DH5+DL5+DP5+DT5+DX5+EB5+EF5+EJ5+EN5+ER5+EV5+EZ5+FD5+FH5 -> 6 | I5: 2 | J5: 2 | K5: =SUMIFS('Исходные данные'!$I$2:$I$964,'Исходные данные'!$D$2:$D$964,K$1,'Исходные данные'!$F$2:$F$964,$A5) -> 2 | L5: =SUMIFS('Исходные данные'!$J$2:$J$964,'Исходные данные'!$D$2:$D$964,K$1,'Исходные данные'!$F$2:$F$964,$A5) -> 2 | M5: 1 | N5: 0 | O5: =SUMIFS('Исходные данные'!$I$2:$I$964,'Исходные данные'!$D$2:$D$964,O$1,'Исходные данные'!$F$2:$F$964,$A5) -> 1 | P5: =SUMIFS('Исходные данные'!$J$2:$J$964,'Исходные данные'!$D$2:$D$964,O$1,'Исходные данные'!$F$2:$F$964,$A5) -> 0 | Q5: 2 | R5: 1 | S5: =SUMIFS('Исходные данные'!$I$2:$I$964,'Исходные данные'!$D$2:$D$964,S$1,'Исходные данные'!$F$2:$F$964,$A5) -> 2 | T5: =SUMIFS('Исходные данные'!$J$2:$J$964,'Исходные данные'!$D$2:$D$964,S$1,'Исходные данные'!$F$2:$F$964,$A5) -> 1 | U5: 0 | V5: 0 | W5: =SUMIFS('Исходные данные'!$I$2:$I$964,'Исходные данные'!$D$2:$D$964,W$1,'Исходные данные'!$F$2:$F$964,$A5) -> 0 | X5: =SUMIFS('Исходные данные'!$J$2:$J$964,'Исходные данные'!$D$2:$D$964,W$1,'Исходные данные'!$F$2:$F$964,$A5) -> 0 | Y5: 0 | Z5: 0 | AA5: =SUMIFS('Исходные данные'!$I$2:$I$964,'Исходные данные'!$D$2:$D$964,AA$1,'Исходные данные'!$F$2:$F$964,$A5) -> 0 | AB5: =SUMIFS('Исходные данные'!$J$2:$J$964,'Исходные данные'!$D$2:$D$964,AA$1,'Исходные данные'!$F$2:$F$964,$A5) -> 0 | AC5: 0 | AD5: 0 | AE5: =SUMIFS('Исходные данные'!$I$2:$I$964,'Исходные данные'!$D$2:$D$964,AE$1,'Исходные данные'!$F$2:$F$964,$A5) -> 0 | AF5: =SUMIFS('Исходные данные'!$J$2:$J$964,'Исходные данные'!$D$2:$D$964,AE$1,'Исходные данные'!$F$2:$F$964,$A5) -> 0 | AG5: 0 | AH5: 0 | AI5: =SUMIFS('Исходные данные'!$I$2:$I$964,'Исходные данные'!$D$2:$D$964,AI$1,'Исходные данные'!$F$2:$F$964,$A5) -> 0 | AJ5: =SUMIFS('Исходные данные'!$J$2:$J$964,'Исходные данные'!$D$2:$D$964,AI$1,'Исходные данные'!$F$2:$F$964,$A5) -> 0 | AK5: 0 | AL5: 0 | AM5: =SUMIFS('Исходные данные'!$I$2:$I$964,'Исходные данные'!$D$2:$D$964,AM$1,'Исходные данные'!$F$2:$F$964,$A5) -> 0 | AN5: =SUMIFS('Исходные данные'!$J$2:$J$964,'Исходные данные'!$D$2:$D$964,AM$1,'Исходные данные'!$F$2:$F$964,$A5) -> 0 | AO5: 1 | AP5: 0 | AQ5: =SUMIFS('Исходные данные'!$I$2:$I$964,'Исходные данные'!$D$2:$D$964,AQ$1,'Исходные данные'!$F$2:$F$964,$A5) -> 1 | AR5: =SUMIFS('Исходные данные'!$J$2:$J$964,'Исходные данные'!$D$2:$D$964,AQ$1,'Исходные данные'!$F$2:$F$964,$A5) -> 0 | AS5: 0 | AT5: 0 | AU5: =SUMIFS('Исходные данные'!$I$2:$I$964,'Исходные данные'!$D$2:$D$964,AU$1,'Исходные данные'!$F$2:$F$964,$A5) -> 0 | AV5: =SUMIFS('Исходные данные'!$J$2:$J$964,'Исходные данные'!$D$2:$D$964,AU$1,'Исходные данные'!$F$2:$F$964,$A5) -> 0 | AW5: 0 | AX5: 0 | AY5: =SUMIFS('Исходные данные'!$I$2:$I$964,'Исходные данные'!$D$2:$D$964,AY$1,'Исходные данные'!$F$2:$F$964,$A5) -> 0 | AZ5: =SUMIFS('Исходные данные'!$J$2:$J$964,'Исходные данные'!$D$2:$D$964,AY$1,'Исходные данные'!$F$2:$F$964,$A5) -> 0 | BA5: 0 | BB5: 0 | BC5: =SUMIFS('Исходные данные'!$I$2:$I$964,'Исходные данные'!$D$2:$D$964,BC$1,'Исходные данные'!$F$2:$F$964,$A5) -> 0 | BD5: =SUMIFS('Исходные данные'!$J$2:$J$964,'Исходные данные'!$D$2:$D$964,BC$1,'Исходные данные'!$F$2:$F$964,$A5) -> 0 | BE5: 0 | BF5: 0 | BG5: =SUMIFS('Исходные данные'!$I$2:$I$964,'Исходные данные'!$D$2:$D$964,BG$1,'Исходные данные'!$F$2:$F$964,$A5) -> 0 | BH5: =SUMIFS('Исходные данные'!$J$2:$J$964,'Исходные данные'!$D$2:$D$964,BG$1,'Исходные данные'!$F$2:$F$964,$A5) -> 0 | BI5: 2 | BJ5: 2 | BK5: =SUMIFS('Исходные данные'!$I$2:$I$964,'Исходные данные'!$D$2:$D$964,BK$1,'Исходные данные'!$F$2:$F$964,$A5) -> 1 | BL5: =SUMIFS('Исходные данные'!$J$2:$J$964,'Исходные данные'!$D$2:$D$964,BK$1,'Исходные данные'!$F$2:$F$964,$A5) -> 2 | BM5: 1 | BN5: 1 | BO5: =SUMIFS('Исходные данные'!$I$2:$I$964,'Исходные данные'!$D$2:$D$964,BO$1,'Исходные данные'!$F$2:$F$964,$A5) -> 0 | BP5: =SUMIFS('Исходные данные'!$J$2:$J$964,'Исходные данные'!$D$2:$D$964,BO$1,'Исходные данные'!$F$2:$F$964,$A5) -> 1 | BQ5: 0 | BR5: 0 | BS5: =SUMIFS('Исходные данные'!$I$2:$I$964,'Исходные данные'!$D$2:$D$964,BS$1,'Исходные данные'!$F$2:$F$964,$A5) -> 0 | BT5: =SUMIFS('Исходные данные'!$J$2:$J$964,'Исходные данные'!$D$2:$D$964,BS$1,'Исходные данные'!$F$2:$F$964,$A5) -> 0 | BU5: 0 | BV5: 0 | BW5: =SUMIFS('Исходные данные'!$I$2:$I$964,'Исходные данные'!$D$2:$D$964,BW$1,'Исходные данные'!$F$2:$F$964,$A5) -> 0 | BX5: =SUMIFS('Исходные данные'!$J$2:$J$964,'Исходные данные'!$D$2:$D$964,BW$1,'Исходные данные'!$F$2:$F$964,$A5) -> 0 | BY5: 0 | BZ5: 0 | CA5: =SUMIFS('Исходные данные'!$I$2:$I$964,'Исходные данные'!$D$2:$D$964,CA$1,'Исходные данные'!$F$2:$F$964,$A5) -> 0 | CB5: =SUMIFS('Исходные данные'!$J$2:$J$964,'Исходные данные'!$D$2:$D$964,CA$1,'Исходные данные'!$F$2:$F$964,$A5) -> 0 | CC5: 0 | CD5: 0 | CE5: =SUMIFS('Исходные данные'!$I$2:$I$964,'Исходные данные'!$D$2:$D$964,CE$1,'Исходные данные'!$F$2:$F$964,$A5) -> 0 | CF5: =SUMIFS('Исходные данные'!$J$2:$J$964,'Исходные данные'!$D$2:$D$964,CE$1,'Исходные данные'!$F$2:$F$964,$A5) -> 0 | CG5: 0 | CH5: 0 | CI5: =SUMIFS('Исходные данные'!$I$2:$I$964,'Исходные данные'!$D$2:$D$964,CI$1,'Исходные данные'!$F$2:$F$964,$A5) -> 0 | CJ5: =SUMIFS('Исходные данные'!$J$2:$J$964,'Исходные данные'!$D$2:$D$964,CI$1,'Исходные данные'!$F$2:$F$964,$A5) -> 0 | CK5: 0 | CL5: 0 | CM5: =SUMIFS('Исходные данные'!$I$2:$I$964,'Исходные данные'!$D$2:$D$964,CM$1,'Исходные данные'!$F$2:$F$964,$A5) -> 0 | CN5: =SUMIFS('Исходные данные'!$J$2:$J$964,'Исходные данные'!$D$2:$D$964,CM$1,'Исходные данные'!$F$2:$F$964,$A5) -> 0 | CO5: 0 | CP5: 0 | CQ5: =SUMIFS('Исходные данные'!$I$2:$I$964,'Исходные данные'!$D$2:$D$964,CQ$1,'Исходные данные'!$F$2:$F$964,$A5) -> 0 | CR5: =SUMIFS('Исходные данные'!$J$2:$J$964,'Исходные данные'!$D$2:$D$964,CQ$1,'Исходные данные'!$F$2:$F$964,$A5) -> 0 | CS5: 0 | CT5: 0 | CU5: =SUMIFS('Исходные данные'!$I$2:$I$964,'Исходные данные'!$D$2:$D$964,CU$1,'Исходные данные'!$F$2:$F$964,$A5) -> 0 | CV5: =SUMIFS('Исходные данные'!$J$2:$J$964,'Исходные данные'!$D$2:$D$964,CU$1,'Исходные данные'!$F$2:$F$964,$A5) -> 0 | CW5: 0 | CX5: 0 | CY5: =SUMIFS('Исходные данные'!$I$2:$I$964,'Исходные данные'!$D$2:$D$964,CY$1,'Исходные данные'!$F$2:$F$964,$A5) -> 0 | CZ5: =SUMIFS('Исходные данные'!$J$2:$J$964,'Исходные данные'!$D$2:$D$964,CY$1,'Исходные данные'!$F$2:$F$964,$A5) -> 0 | DA5: 0 | DB5: 0 | DC5: =SUMIFS('Исходные данные'!$I$2:$I$964,'Исходные данные'!$D$2:$D$964,DC$1,'Исходные данные'!$F$2:$F$964,$A5) -> 0 | DD5: =SUMIFS('Исходные данные'!$J$2:$J$964,'Исходные данные'!$D$2:$D$964,DC$1,'Исходные данные'!$F$2:$F$964,$A5) -> 0 | DE5: 0 | DF5: 0 | DG5: =SUMIFS('Исходные данные'!$I$2:$I$964,'Исходные данные'!$D$2:$D$964,DG$1,'Исходные данные'!$F$2:$F$964,$A5) -> 0 | DH5: =SUMIFS('Исходные данные'!$J$2:$J$964,'Исходные данные'!$D$2:$D$964,DG$1,'Исходные данные'!$F$2:$F$964,$A5) -> 0 | DI5: 0 | DJ5: 0 | DK5: =SUMIFS('Исходные данные'!$I$2:$I$964,'Исходные данные'!$D$2:$D$964,DK$1,'Исходные данные'!$F$2:$F$964,$A5) -> 0 | DL5: =SUMIFS('Исходные данные'!$J$2:$J$964,'Исходные данные'!$D$2:$D$964,DK$1,'Исходные данные'!$F$2:$F$964,$A5) -> 0 | DM5: 0 | DN5: 0 | DO5: =SUMIFS('Исходные данные'!$I$2:$I$964,'Исходные данные'!$D$2:$D$964,DO$1,'Исходные данные'!$F$2:$F$964,$A5) -> 0 | DP5: =SUMIFS('Исходные данные'!$J$2:$J$964,'Исходные данные'!$D$2:$D$964,DO$1,'Исходные данные'!$F$2:$F$964,$A5) -> 0 | DQ5: 0 | DR5: 0 | DS5: =SUMIFS('Исходные данные'!$I$2:$I$964,'Исходные данные'!$D$2:$D$964,DS$1,'Исходные данные'!$F$2:$F$964,$A5) -> 0 | DT5: =SUMIFS('Исходные данные'!$J$2:$J$964,'Исходные данные'!$D$2:$D$964,DS$1,'Исходные данные'!$F$2:$F$964,$A5) -> 0 | DU5: 0 | DV5: 0 | DW5: =SUMIFS('Исходные данные'!$I$2:$I$964,'Исходные данные'!$D$2:$D$964,DW$1,'Исходные данные'!$F$2:$F$964,$A5) -> 0 | DX5: =SUMIFS('Исходные данные'!$J$2:$J$964,'Исходные данные'!$D$2:$D$964,DW$1,'Исходные данные'!$F$2:$F$964,$A5) -> 0 | DY5: 0 | DZ5: 0 | EA5: =SUMIFS('Исходные данные'!$I$2:$I$964,'Исходные данные'!$D$2:$D$964,EA$1,'Исходные данные'!$F$2:$F$964,$A5) -> 0 | EB5: =SUMIFS('Исходные данные'!$J$2:$J$964,'Исходные данные'!$D$2:$D$964,EA$1,'Исходные данные'!$F$2:$F$964,$A5) -> 0 | EC5: 0 | ED5: 0 | EE5: =SUMIFS('Исходные данные'!$I$2:$I$964,'Исходные данные'!$D$2:$D$964,EE$1,'Исходные данные'!$F$2:$F$964,$A5) -> 0 | EF5: =SUMIFS('Исходные данные'!$J$2:$J$964,'Исходные данные'!$D$2:$D$964,EE$1,'Исходные данные'!$F$2:$F$964,$A5) -> 0 | EG5: 0 | EH5: 0 | EI5: =SUMIFS('Исходные данные'!$I$2:$I$964,'Исходные данные'!$D$2:$D$964,EI$1,'Исходные данные'!$F$2:$F$964,$A5) -> 0 | EJ5: =SUMIFS('Исходные данные'!$J$2:$J$964,'Исходные данные'!$D$2:$D$964,EI$1,'Исходные данные'!$F$2:$F$964,$A5) -> 0 | EK5: 0 | EL5: 0 | EM5: =SUMIFS('Исходные данные'!$I$2:$I$964,'Исходные данные'!$D$2:$D$964,EM$1,'Исходные данные'!$F$2:$F$964,$A5) -> 0 | EN5: =SUMIFS('Исходные данные'!$J$2:$J$964,'Исходные данные'!$D$2:$D$964,EM$1,'Исходные данные'!$F$2:$F$964,$A5) -> 0 | EO5: 0 | EP5: 0 | EQ5: =SUMIFS('Исходные данные'!$I$2:$I$964,'Исходные данные'!$D$2:$D$964,EQ$1,'Исходные данные'!$F$2:$F$964,$A5) -> 0 | ER5: =SUMIFS('Исходные данные'!$J$2:$J$964,'Исходные данные'!$D$2:$D$964,EQ$1,'Исходные данные'!$F$2:$F$964,$A5) -> 0 | ES5: 0 | ET5: 0 | EU5: =SUMIFS('Исходные данные'!$I$2:$I$964,'Исходные данные'!$D$2:$D$964,EU$1,'Исходные данные'!$F$2:$F$964,$A5) -> 0 | EV5: =SUMIFS('Исходные данные'!$J$2:$J$964,'Исходные данные'!$D$2:$D$964,EU$1,'Исходные данные'!$F$2:$F$964,$A5) -> 0 | EW5: 0 | EX5: 0 | EY5: =SUMIFS('Исходные данные'!$I$2:$I$964,'Исходные данные'!$D$2:$D$964,EY$1,'Исходные данные'!$F$2:$F$964,$A5) -> 0 | EZ5: =SUMIFS('Исходные данные'!$J$2:$J$964,'Исходные данные'!$D$2:$D$964,EY$1,'Исходные данные'!$F$2:$F$964,$A5) -> 0 | FA5: 0 | FB5: 0 | FC5: =SUMIFS('Исходные данные'!$I$2:$I$964,'Исходные данные'!$D$2:$D$964,FC$1,'Исходные данные'!$F$2:$F$964,$A5) -> 0 | FD5: =SUMIFS('Исходные данные'!$J$2:$J$964,'Исходные данные'!$D$2:$D$964,FC$1,'Исходные данные'!$F$2:$F$964,$A5) -> 0 | FE5: 0 | FF5: 0 | FG5: =SUMIFS('Исходные данные'!$I$2:$I$964,'Исходные данные'!$D$2:$D$964,FG$1,'Исходные данные'!$F$2:$F$964,$A5) -> 0 | FH5: =SUMIFS('Исходные данные'!$J$2:$J$964,'Исходные данные'!$D$2:$D$964,FG$1,'Исходные данные'!$F$2:$F$964,$A5) -> 0
A6: 28 | B6: Кран 16-20т | C6: 25 | D6: =I6+J6+M6+N6+Q6+R6+U6+V6+Y6+Z6+AC6+AD6+AG6+AH6+AK6+AL6+AO6+AP6+AS6+AT6+AW6+AX6+BA6+BB6+BE6+BF6+BI6+BJ6+BM6+BN6+BQ6+BR6+BU6+BV6+BY6+BZ6+CC6+CD6+CG6+CH6+CK6+CL6+CO6+CP6+CS6+CT6+CW6+CX6+DA6+DB6+DE6+DF6+DI6+DJ6+DM6+DN6+DQ6+DR6+DU6+DV6+DY6+DZ6+EC6+ED6+EG6+EH6+EK6+EL6+EO6+EP6+ES6+ET6+EW6+EX6+FA6+FB6+FE6+FF6 -> 25 | E6: =G6+H6 -> 23 | F6: =E6-C6 -> -2 | G6: =K6+O6+S6+W6+AA6+AE6+AI6+AM6+AQ6+AU6+AY6+BC6+BG6+BK6+BO6+BS6+BW6+CA6+CE6+CI6+CM6+CQ6+CU6+CY6+DC6+DG6+DK6+DO6+DS6+DW6+EA6+EE6+EI6+EM6+EQ6+EU6+EY6+FC6+FG6 -> 16 | H6: =L6+P6+T6+X6+AB6+AF6+AJ6+AN6+AR6+AV6+AZ6+BD6+BH6+BL6+BP6+BT6+BX6+CB6+CF6+CJ6+CN6+CR6+CV6+CZ6+DD6+DH6+DL6+DP6+DT6+DX6+EB6+EF6+EJ6+EN6+ER6+EV6+EZ6+FD6+FH6 -> 7 | I6: 1 | J6: 0 | K6: =SUMIFS('Исходные данные'!$I$2:$I$964,'Исходные данные'!$D$2:$D$964,K$1,'Исходные данные'!$F$2:$F$964,$A6) -> 1 | L6: =SUMIFS('Исходные данные'!$J$2:$J$964,'Исходные данные'!$D$2:$D$964,K$1,'Исходные данные'!$F$2:$F$964,$A6) -> 0 | M6: 1 | N6: 0 | O6: =SUMIFS('Исходные данные'!$I$2:$I$964,'Исходные данные'!$D$2:$D$964,O$1,'Исходные данные'!$F$2:$F$964,$A6) -> 1 | P6: =SUMIFS('Исходные данные'!$J$2:$J$964,'Исходные данные'!$D$2:$D$964,O$1,'Исходные данные'!$F$2:$F$964,$A6) -> 0 | Q6: 2 | R6: 0 | S6: =SUMIFS('Исходные данные'!$I$2:$I$964,'Исходные данные'!$D$2:$D$964,S$1,'Исходные данные'!$F$2:$F$964,$A6) -> 2 | T6: =SUMIFS('Исходные данные'!$J$2:$J$964,'Исходные данные'!$D$2:$D$964,S$1,'Исходные данные'!$F$2:$F$964,$A6) -> 0 | U6: 1 | V6: 0 | W6: =SUMIFS('Исходные данные'!$I$2:$I$964,'Исходные данные'!$D$2:$D$964,W$1,'Исходные данные'!$F$2:$F$964,$A6) -> 1 | X6: =SUMIFS('Исходные данные'!$J$2:$J$964,'Исходные данные'!$D$2:$D$964,W$1,'Исходные данные'!$F$2:$F$964,$A6) -> 0 | Y6: 0 | Z6: 0 | AA6: =SUMIFS('Исходные данные'!$I$2:$I$964,'Исходные данные'!$D$2:$D$964,AA$1,'Исходные данные'!$F$2:$F$964,$A6) -> 0 | AB6: =SUMIFS('Исходные данные'!$J$2:$J$964,'Исходные данные'!$D$2:$D$964,AA$1,'Исходные данные'!$F$2:$F$964,$A6) -> 0 | AC6: 1 | AD6: 0 | AE6: =SUMIFS('Исходные данные'!$I$2:$I$964,'Исходные данные'!$D$2:$D$964,AE$1,'Исходные данные'!$F$2:$F$964,$A6) -> 1 | AF6: =SUMIFS('Исходные данные'!$J$2:$J$964,'Исходные данные'!$D$2:$D$964,AE$1,'Исходные данные'!$F$2:$F$964,$A6) -> 0 | AG6: 1 | AH6: 0 | AI6: =SUMIFS('Исходные данные'!$I$2:$I$964,'Исходные данные'!$D$2:$D$964,AI$1,'Исходные данные'!$F$2:$F$964,$A6) -> 0 | AJ6: =SUMIFS('Исходные данные'!$J$2:$J$964,'Исходные данные'!$D$2:$D$964,AI$1,'Исходные данные'!$F$2:$F$964,$A6) -> 0 | AK6: 1 | AL6: 0 | AM6: =SUMIFS('Исходные данные'!$I$2:$I$964,'Исходные данные'!$D$2:$D$964,AM$1,'Исходные данные'!$F$2:$F$964,$A6) -> 1 | AN6: =SUMIFS('Исходные данные'!$J$2:$J$964,'Исходные данные'!$D$2:$D$964,AM$1,'Исходные данные'!$F$2:$F$964,$A6) -> 0 | AO6: 1 | AP6: 0 | AQ6: =SUMIFS('Исходные данные'!$I$2:$I$964,'Исходные данные'!$D$2:$D$964,AQ$1,'Исходные данные'!$F$2:$F$964,$A6) -> 1 | AR6: =SUMIFS('Исходные данные'!$J$2:$J$964,'Исходные данные'!$D$2:$D$964,AQ$1,'Исходные данные'!$F$2:$F$964,$A6) -> 0 | AS6: 0 | AT6: 0 | AU6: =SUMIFS('Исходные данные'!$I$2:$I$964,'Исходные данные'!$D$2:$D$964,AU$1,'Исходные данные'!$F$2:$F$964,$A6) -> 0 | AV6: =SUMIFS('Исходные данные'!$J$2:$J$964,'Исходные данные'!$D$2:$D$964,AU$1,'Исходные данные'!$F$2:$F$964,$A6) -> 0 | AW6: 0 | AX6: 0 | AY6: =SUMIFS('Исходные данные'!$I$2:$I$964,'Исходные данные'!$D$2:$D$964,AY$1,'Исходные данные'!$F$2:$F$964,$A6) -> 0 | AZ6: =SUMIFS('Исходные данные'!$J$2:$J$964,'Исходные данные'!$D$2:$D$964,AY$1,'Исходные данные'!$F$2:$F$964,$A6) -> 0 | BA6: 0 | BB6: 0 | BC6: =SUMIFS('Исходные данные'!$I$2:$I$964,'Исходные данные'!$D$2:$D$964,BC$1,'Исходные данные'!$F$2:$F$964,$A6) -> 1 | BD6: =SUMIFS('Исходные данные'!$J$2:$J$964,'Исходные данные'!$D$2:$D$964,BC$1,'Исходные данные'!$F$2:$F$964,$A6) -> 0 | BE6: 0 | BF6: 0 | BG6: =SUMIFS('Исходные данные'!$I$2:$I$964,'Исходные данные'!$D$2:$D$964,BG$1,'Исходные данные'!$F$2:$F$964,$A6) -> 0 | BH6: =SUMIFS('Исходные данные'!$J$2:$J$964,'Исходные данные'!$D$2:$D$964,BG$1,'Исходные данные'!$F$2:$F$964,$A6) -> 0 | BI6: 5 | BJ6: 5 | BK6: =SUMIFS('Исходные данные'!$I$2:$I$964,'Исходные данные'!$D$2:$D$964,BK$1,'Исходные данные'!$F$2:$F$964,$A6) -> 4 | BL6: =SUMIFS('Исходные данные'!$J$2:$J$964,'Исходные данные'!$D$2:$D$964,BK$1,'Исходные данные'!$F$2:$F$964,$A6) -> 5 | BM6: 3 | BN6: 3 | BO6: =SUMIFS('Исходные данные'!$I$2:$I$964,'Исходные данные'!$D$2:$D$964,BO$1,'Исходные данные'!$F$2:$F$964,$A6) -> 3 | BP6: =SUMIFS('Исходные данные'!$J$2:$J$964,'Исходные данные'!$D$2:$D$964,BO$1,'Исходные данные'!$F$2:$F$964,$A6) -> 2 | BQ6: 0 | BR6: 0 | BS6: =SUMIFS('Исходные данные'!$I$2:$I$964,'Исходные данные'!$D$2:$D$964,BS$1,'Исходные данные'!$F$2:$F$964,$A6) -> 0 | BT6: =SUMIFS('Исходные данные'!$J$2:$J$964,'Исходные данные'!$D$2:$D$964,BS$1,'Исходные данные'!$F$2:$F$964,$A6) -> 0 | BU6: 0 | BV6: 0 | BW6: =SUMIFS('Исходные данные'!$I$2:$I$964,'Исходные данные'!$D$2:$D$964,BW$1,'Исходные данные'!$F$2:$F$964,$A6) -> 0 | BX6: =SUMIFS('Исходные данные'!$J$2:$J$964,'Исходные данные'!$D$2:$D$964,BW$1,'Исходные данные'!$F$2:$F$964,$A6) -> 0 | BY6: 0 | BZ6: 0 | CA6: =SUMIFS('Исходные данные'!$I$2:$I$964,'Исходные данные'!$D$2:$D$964,CA$1,'Исходные данные'!$F$2:$F$964,$A6) -> 0 | CB6: =SUMIFS('Исходные данные'!$J$2:$J$964,'Исходные данные'!$D$2:$D$964,CA$1,'Исходные данные'!$F$2:$F$964,$A6) -> 0 | CC6: 0 | CD6: 0 | CE6: =SUMIFS('Исходные данные'!$I$2:$I$964,'Исходные данные'!$D$2:$D$964,CE$1,'Исходные данные'!$F$2:$F$964,$A6) -> 0 | CF6: =SUMIFS('Исходные данные'!$J$2:$J$964,'Исходные данные'!$D$2:$D$964,CE$1,'Исходные данные'!$F$2:$F$964,$A6) -> 0 | CG6: 0 | CH6: 0 | CI6: =SUMIFS('Исходные данные'!$I$2:$I$964,'Исходные данные'!$D$2:$D$964,CI$1,'Исходные данные'!$F$2:$F$964,$A6) -> 0 | CJ6: =SUMIFS('Исходные данные'!$J$2:$J$964,'Исходные данные'!$D$2:$D$964,CI$1,'Исходные данные'!$F$2:$F$964,$A6) -> 0 | CK6: 0 | CL6: 0 | CM6: =SUMIFS('Исходные данные'!$I$2:$I$964,'Исходные данные'!$D$2:$D$964,CM$1,'Исходные данные'!$F$2:$F$964,$A6) -> 0 | CN6: =SUMIFS('Исходные данные'!$J$2:$J$964,'Исходные данные'!$D$2:$D$964,CM$1,'Исходные данные'!$F$2:$F$964,$A6) -> 0 | CO6: 0 | CP6: 0 | CQ6: =SUMIFS('Исходные данные'!$I$2:$I$964,'Исходные данные'!$D$2:$D$964,CQ$1,'Исходные данные'!$F$2:$F$964,$A6) -> 0 | CR6: =SUMIFS('Исходные данные'!$J$2:$J$964,'Исходные данные'!$D$2:$D$964,CQ$1,'Исходные данные'!$F$2:$F$964,$A6) -> 0 | CS6: 0 | CT6: 0 | CU6: =SUMIFS('Исходные данные'!$I$2:$I$964,'Исходные данные'!$D$2:$D$964,CU$1,'Исходные данные'!$F$2:$F$964,$A6) -> 0 | CV6: =SUMIFS('Исходные данные'!$J$2:$J$964,'Исходные данные'!$D$2:$D$964,CU$1,'Исходные данные'!$F$2:$F$964,$A6) -> 0 | CW6: 0 | CX6: 0 | CY6: =SUMIFS('Исходные данные'!$I$2:$I$964,'Исходные данные'!$D$2:$D$964,CY$1,'Исходные данные'!$F$2:$F$964,$A6) -> 0 | CZ6: =SUMIFS('Исходные данные'!$J$2:$J$964,'Исходные данные'!$D$2:$D$964,CY$1,'Исходные данные'!$F$2:$F$964,$A6) -> 0 | DA6: 0 | DB6: 0 | DC6: =SUMIFS('Исходные данные'!$I$2:$I$964,'Исходные данные'!$D$2:$D$964,DC$1,'Исходные данные'!$F$2:$F$964,$A6) -> 0 | DD6: =SUMIFS('Исходные данные'!$J$2:$J$964,'Исходные данные'!$D$2:$D$964,DC$1,'Исходные данные'!$F$2:$F$964,$A6) -> 0 | DE6: 0 | DF6: 0 | DG6: =SUMIFS('Исходные данные'!$I$2:$I$964,'Исходные данные'!$D$2:$D$964,DG$1,'Исходные данные'!$F$2:$F$964,$A6) -> 0 | DH6: =SUMIFS('Исходные данные'!$J$2:$J$964,'Исходные данные'!$D$2:$D$964,DG$1,'Исходные данные'!$F$2:$F$964,$A6) -> 0 | DI6: 0 | DJ6: 0 | DK6: =SUMIFS('Исходные данные'!$I$2:$I$964,'Исходные данные'!$D$2:$D$964,DK$1,'Исходные данные'!$F$2:$F$964,$A6) -> 0 | DL6: =SUMIFS('Исходные данные'!$J$2:$J$964,'Исходные данные'!$D$2:$D$964,DK$1,'Исходные данные'!$F$2:$F$964,$A6) -> 0 | DM6: 0 | DN6: 0 | DO6: =SUMIFS('Исходные данные'!$I$2:$I$964,'Исходные данные'!$D$2:$D$964,DO$1,'Исходные данные'!$F$2:$F$964,$A6) -> 0 | DP6: =SUMIFS('Исходные данные'!$J$2:$J$964,'Исходные данные'!$D$2:$D$964,DO$1,'Исходные данные'!$F$2:$F$964,$A6) -> 0 | DQ6: 0 | DR6: 0 | DS6: =SUMIFS('Исходные данные'!$I$2:$I$964,'Исходные данные'!$D$2:$D$964,DS$1,'Исходные данные'!$F$2:$F$964,$A6) -> 0 | DT6: =SUMIFS('Исходные данные'!$J$2:$J$964,'Исходные данные'!$D$2:$D$964,DS$1,'Исходные данные'!$F$2:$F$964,$A6) -> 0 | DU6: 0 | DV6: 0 | DW6: =SUMIFS('Исходные данные'!$I$2:$I$964,'Исходные данные'!$D$2:$D$964,DW$1,'Исходные данные'!$F$2:$F$964,$A6) -> 0 | DX6: =SUMIFS('Исходные данные'!$J$2:$J$964,'Исходные данные'!$D$2:$D$964,DW$1,'Исходные данные'!$F$2:$F$964,$A6) -> 0 | DY6: 0 | DZ6: 0 | EA6: =SUMIFS('Исходные данные'!$I$2:$I$964,'Исходные данные'!$D$2:$D$964,EA$1,'Исходные данные'!$F$2:$F$964,$A6) -> 0 | EB6: =SUMIFS('Исходные данные'!$J$2:$J$964,'Исходные данные'!$D$2:$D$964,EA$1,'Исходные данные'!$F$2:$F$964,$A6) -> 0 | EC6: 0 | ED6: 0 | EE6: =SUMIFS('Исходные данные'!$I$2:$I$964,'Исходные данные'!$D$2:$D$964,EE$1,'Исходные данные'!$F$2:$F$964,$A6) -> 0 | EF6: =SUMIFS('Исходные данные'!$J$2:$J$964,'Исходные данные'!$D$2:$D$964,EE$1,'Исходные данные'!$F$2:$F$964,$A6) -> 0 | EG6: 0 | EH6: 0 | EI6: =SUMIFS('Исходные данные'!$I$2:$I$964,'Исходные данные'!$D$2:$D$964,EI$1,'Исходные данные'!$F$2:$F$964,$A6) -> 0 | EJ6: =SUMIFS('Исходные данные'!$J$2:$J$964,'Исходные данные'!$D$2:$D$964,EI$1,'Исходные данные'!$F$2:$F$964,$A6) -> 0 | EK6: 0 | EL6: 0 | EM6: =SUMIFS('Исходные данные'!$I$2:$I$964,'Исходные данные'!$D$2:$D$964,EM$1,'Исходные данные'!$F$2:$F$964,$A6) -> 0 | EN6: =SUMIFS('Исходные данные'!$J$2:$J$964,'Исходные данные'!$D$2:$D$964,EM$1,'Исходные данные'!$F$2:$F$964,$A6) -> 0 | EO6: 0 | EP6: 0 | EQ6: =SUMIFS('Исходные данные'!$I$2:$I$964,'Исходные данные'!$D$2:$D$964,EQ$1,'Исходные данные'!$F$2:$F$964,$A6) -> 0 | ER6: =SUMIFS('Исходные данные'!$J$2:$J$964,'Исходные данные'!$D$2:$D$964,EQ$1,'Исходные данные'!$F$2:$F$964,$A6) -> 0 | ES6: 0 | ET6: 0 | EU6: =SUMIFS('Исходные данные'!$I$2:$I$964,'Исходные данные'!$D$2:$D$964,EU$1,'Исходные данные'!$F$2:$F$964,$A6) -> 0 | EV6: =SUMIFS('Исходные данные'!$J$2:$J$964,'Исходные данные'!$D$2:$D$964,EU$1,'Исходные данные'!$F$2:$F$964,$A6) -> 0 | EW6: 0 | EX6: 0 | EY6: =SUMIFS('Исходные данные'!$I$2:$I$964,'Исходные данные'!$D$2:$D$964,EY$1,'Исходные данные'!$F$2:$F$964,$A6) -> 0 | EZ6: =SUMIFS('Исходные данные'!$J$2:$J$964,'Исходные данные'!$D$2:$D$964,EY$1,'Исходные данные'!$F$2:$F$964,$A6) -> 0 | FA6: 0 | FB6: 0 | FC6: =SUMIFS('Исходные данные'!$I$2:$I$964,'Исходные данные'!$D$2:$D$964,FC$1,'Исходные данные'!$F$2:$F$964,$A6) -> 0 | FD6: =SUMIFS('Исходные данные'!$J$2:$J$964,'Исходные данные'!$D$2:$D$964,FC$1,'Исходные данные'!$F$2:$F$964,$A6) -> 0 | FE6: 0 | FF6: 0 | FG6: =SUMIFS('Исходные данные'!$I$2:$I$964,'Исходные данные'!$D$2:$D$964,FG$1,'Исходные данные'!$F$2:$F$964,$A6) -> 0 | FH6: =SUMIFS('Исходные данные'!$J$2:$J$964,'Исходные данные'!$D$2:$D$964,FG$1,'Исходные данные'!$F$2:$F$964,$A6) -> 0
A7: 22 | B7: Седельный тягач | C7: 23 | D7: =I7+J7+M7+N7+Q7+R7+U7+V7+Y7+Z7+AC7+AD7+AG7+AH7+AK7+AL7+AO7+AP7+AS7+AT7+AW7+AX7+BA7+BB7+BE7+BF7+BI7+BJ7+BM7+BN7+BQ7+BR7+BU7+BV7+BY7+BZ7+CC7+CD7+CG7+CH7+CK7+CL7+CO7+CP7+CS7+CT7+CW7+CX7+DA7+DB7+DE7+DF7+DI7+DJ7+DM7+DN7+DQ7+DR7+DU7+DV7+DY7+DZ7+EC7+ED7+EG7+EH7+EK7+EL7+EO7+EP7+ES7+ET7+EW7+EX7+FA7+FB7+FE7+FF7 -> 23 | E7: =G7+H7 -> 20 | F7: =E7-C7 -> -3 | G7: =K7+O7+S7+W7+AA7+AE7+AI7+AM7+AQ7+AU7+AY7+BC7+BG7+BK7+BO7+BS7+BW7+CA7+CE7+CI7+CM7+CQ7+CU7+CY7+DC7+DG7+DK7+DO7+DS7+DW7+EA7+EE7+EI7+EM7+EQ7+EU7+EY7+FC7+FG7 -> 13 | H7: =L7+P7+T7+X7+AB7+AF7+AJ7+AN7+AR7+AV7+AZ7+BD7+BH7+BL7+BP7+BT7+BX7+CB7+CF7+CJ7+CN7+CR7+CV7+CZ7+DD7+DH7+DL7+DP7+DT7+DX7+EB7+EF7+EJ7+EN7+ER7+EV7+EZ7+FD7+FH7 -> 7 | I7: 1 | J7: 0 | K7: =SUMIFS('Исходные данные'!$I$2:$I$964,'Исходные данные'!$D$2:$D$964,K$1,'Исходные данные'!$F$2:$F$964,$A7) -> 0 | L7: =SUMIFS('Исходные данные'!$J$2:$J$964,'Исходные данные'!$D$2:$D$964,K$1,'Исходные данные'!$F$2:$F$964,$A7) -> 0 | M7: 1 | N7: 0 | O7: =SUMIFS('Исходные данные'!$I$2:$I$964,'Исходные данные'!$D$2:$D$964,O$1,'Исходные данные'!$F$2:$F$964,$A7) -> 1 | P7: =SUMIFS('Исходные данные'!$J$2:$J$964,'Исходные данные'!$D$2:$D$964,O$1,'Исходные данные'!$F$2:$F$964,$A7) -> 0 | Q7: 1 | R7: 0 | S7: =SUMIFS('Исходные данные'!$I$2:$I$964,'Исходные данные'!$D$2:$D$964,S$1,'Исходные данные'!$F$2:$F$964,$A7) -> 1 | T7: =SUMIFS('Исходные данные'!$J$2:$J$964,'Исходные данные'!$D$2:$D$964,S$1,'Исходные данные'!$F$2:$F$964,$A7) -> 0 | U7: 0 | V7: 0 | W7: =SUMIFS('Исходные данные'!$I$2:$I$964,'Исходные данные'!$D$2:$D$964,W$1,'Исходные данные'!$F$2:$F$964,$A7) -> 0 | X7: =SUMIFS('Исходные данные'!$J$2:$J$964,'Исходные данные'!$D$2:$D$964,W$1,'Исходные данные'!$F$2:$F$964,$A7) -> 0 | Y7: 0 | Z7: 0 | AA7: =SUMIFS('Исходные данные'!$I$2:$I$964,'Исходные данные'!$D$2:$D$964,AA$1,'Исходные данные'!$F$2:$F$964,$A7) -> 0 | AB7: =SUMIFS('Исходные данные'!$J$2:$J$964,'Исходные данные'!$D$2:$D$964,AA$1,'Исходные данные'!$F$2:$F$964,$A7) -> 0 | AC7: 1 | AD7: 0 | AE7: =SUMIFS('Исходные данные'!$I$2:$I$964,'Исходные данные'!$D$2:$D$964,AE$1,'Исходные данные'!$F$2:$F$964,$A7) -> 1 | AF7: =SUMIFS('Исходные данные'!$J$2:$J$964,'Исходные данные'!$D$2:$D$964,AE$1,'Исходные данные'!$F$2:$F$964,$A7) -> 0 | AG7: 0 | AH7: 0 | AI7: =SUMIFS('Исходные данные'!$I$2:$I$964,'Исходные данные'!$D$2:$D$964,AI$1,'Исходные данные'!$F$2:$F$964,$A7) -> 0 | AJ7: =SUMIFS('Исходные данные'!$J$2:$J$964,'Исходные данные'!$D$2:$D$964,AI$1,'Исходные данные'!$F$2:$F$964,$A7) -> 0 | AK7: 0 | AL7: 0 | AM7: =SUMIFS('Исходные данные'!$I$2:$I$964,'Исходные данные'!$D$2:$D$964,AM$1,'Исходные данные'!$F$2:$F$964,$A7) -> 0 | AN7: =SUMIFS('Исходные данные'!$J$2:$J$964,'Исходные данные'!$D$2:$D$964,AM$1,'Исходные данные'!$F$2:$F$964,$A7) -> 0 | AO7: 1 | AP7: 0 | AQ7: =SUMIFS('Исходные данные'!$I$2:$I$964,'Исходные данные'!$D$2:$D$964,AQ$1,'Исходные данные'!$F$2:$F$964,$A7) -> 0 | AR7: =SUMIFS('Исходные данные'!$J$2:$J$964,'Исходные данные'!$D$2:$D$964,AQ$1,'Исходные данные'!$F$2:$F$964,$A7) -> 0 | AS7: 0 | AT7: 0 | AU7: =SUMIFS('Исходные данные'!$I$2:$I$964,'Исходные данные'!$D$2:$D$964,AU$1,'Исходные данные'!$F$2:$F$964,$A7) -> 0 | AV7: =SUMIFS('Исходные данные'!$J$2:$J$964,'Исходные данные'!$D$2:$D$964,AU$1,'Исходные данные'!$F$2:$F$964,$A7) -> 0 | AW7: 0 | AX7: 0 | AY7: =SUMIFS('Исходные данные'!$I$2:$I$964,'Исходные данные'!$D$2:$D$964,AY$1,'Исходные данные'!$F$2:$F$964,$A7) -> 0 | AZ7: =SUMIFS('Исходные данные'!$J$2:$J$964,'Исходные данные'!$D$2:$D$964,AY$1,'Исходные данные'!$F$2:$F$964,$A7) -> 0 | BA7: 0 | BB7: 0 | BC7: =SUMIFS('Исходные данные'!$I$2:$I$964,'Исходные данные'!$D$2:$D$964,BC$1,'Исходные данные'!$F$2:$F$964,$A7) -> 0 | BD7: =SUMIFS('Исходные данные'!$J$2:$J$964,'Исходные данные'!$D$2:$D$964,BC$1,'Исходные данные'!$F$2:$F$964,$A7) -> 0 | BE7: 3 | BF7: 0 | BG7: =SUMIFS('Исходные данные'!$I$2:$I$964,'Исходные данные'!$D$2:$D$964,BG$1,'Исходные данные'!$F$2:$F$964,$A7) -> 2 | BH7: =SUMIFS('Исходные данные'!$J$2:$J$964,'Исходные данные'!$D$2:$D$964,BG$1,'Исходные данные'!$F$2:$F$964,$A7) -> 0 | BI7: 4 | BJ7: 4 | BK7: =SUMIFS('Исходные данные'!$I$2:$I$964,'Исходные данные'!$D$2:$D$964,BK$1,'Исходные данные'!$F$2:$F$964,$A7) -> 4 | BL7: =SUMIFS('Исходные данные'!$J$2:$J$964,'Исходные данные'!$D$2:$D$964,BK$1,'Исходные данные'!$F$2:$F$964,$A7) -> 4 | BM7: 4 | BN7: 3 | BO7: =SUMIFS('Исходные данные'!$I$2:$I$964,'Исходные данные'!$D$2:$D$964,BO$1,'Исходные данные'!$F$2:$F$964,$A7) -> 4 | BP7: =SUMIFS('Исходные данные'!$J$2:$J$964,'Исходные данные'!$D$2:$D$964,BO$1,'Исходные данные'!$F$2:$F$964,$A7) -> 3 | BQ7: 0 | BR7: 0 | BS7: =SUMIFS('Исходные данные'!$I$2:$I$964,'Исходные данные'!$D$2:$D$964,BS$1,'Исходные данные'!$F$2:$F$964,$A7) -> 0 | BT7: =SUMIFS('Исходные данные'!$J$2:$J$964,'Исходные данные'!$D$2:$D$964,BS$1,'Исходные данные'!$F$2:$F$964,$A7) -> 0 | BU7: 0 | BV7: 0 | BW7: =SUMIFS('Исходные данные'!$I$2:$I$964,'Исходные данные'!$D$2:$D$964,BW$1,'Исходные данные'!$F$2:$F$964,$A7) -> 0 | BX7: =SUMIFS('Исходные данные'!$J$2:$J$964,'Исходные данные'!$D$2:$D$964,BW$1,'Исходные данные'!$F$2:$F$964,$A7) -> 0 | BY7: 0 | BZ7: 0 | CA7: =SUMIFS('Исходные данные'!$I$2:$I$964,'Исходные данные'!$D$2:$D$964,CA$1,'Исходные данные'!$F$2:$F$964,$A7) -> 0 | CB7: =SUMIFS('Исходные данные'!$J$2:$J$964,'Исходные данные'!$D$2:$D$964,CA$1,'Исходные данные'!$F$2:$F$964,$A7) -> 0 | CC7: 0 | CD7: 0 | CE7: =SUMIFS('Исходные данные'!$I$2:$I$964,'Исходные данные'!$D$2:$D$964,CE$1,'Исходные данные'!$F$2:$F$964,$A7) -> 0 | CF7: =SUMIFS('Исходные данные'!$J$2:$J$964,'Исходные данные'!$D$2:$D$964,CE$1,'Исходные данные'!$F$2:$F$964,$A7) -> 0 | CG7: 0 | CH7: 0 | CI7: =SUMIFS('Исходные данные'!$I$2:$I$964,'Исходные данные'!$D$2:$D$964,CI$1,'Исходные данные'!$F$2:$F$964,$A7) -> 0 | CJ7: =SUMIFS('Исходные данные'!$J$2:$J$964,'Исходные данные'!$D$2:$D$964,CI$1,'Исходные данные'!$F$2:$F$964,$A7) -> 0 | CK7: 0 | CL7: 0 | CM7: =SUMIFS('Исходные данные'!$I$2:$I$964,'Исходные данные'!$D$2:$D$964,CM$1,'Исходные данные'!$F$2:$F$964,$A7) -> 0 | CN7: =SUMIFS('Исходные данные'!$J$2:$J$964,'Исходные данные'!$D$2:$D$964,CM$1,'Исходные данные'!$F$2:$F$964,$A7) -> 0 | CO7: 0 | CP7: 0 | CQ7: =SUMIFS('Исходные данные'!$I$2:$I$964,'Исходные данные'!$D$2:$D$964,CQ$1,'Исходные данные'!$F$2:$F$964,$A7) -> 0 | CR7: =SUMIFS('Исходные данные'!$J$2:$J$964,'Исходные данные'!$D$2:$D$964,CQ$1,'Исходные данные'!$F$2:$F$964,$A7) -> 0 | CS7: 0 | CT7: 0 | CU7: =SUMIFS('Исходные данные'!$I$2:$I$964,'Исходные данные'!$D$2:$D$964,CU$1,'Исходные данные'!$F$2:$F$964,$A7) -> 0 | CV7: =SUMIFS('Исходные данные'!$J$2:$J$964,'Исходные данные'!$D$2:$D$964,CU$1,'Исходные данные'!$F$2:$F$964,$A7) -> 0 | CW7: 0 | CX7: 0 | CY7: =SUMIFS('Исходные данные'!$I$2:$I$964,'Исходные данные'!$D$2:$D$964,CY$1,'Исходные данные'!$F$2:$F$964,$A7) -> 0 | CZ7: =SUMIFS('Исходные данные'!$J$2:$J$964,'Исходные данные'!$D$2:$D$964,CY$1,'Исходные данные'!$F$2:$F$964,$A7) -> 0 | DA7: 0 | DB7: 0 | DC7: =SUMIFS('Исходные данные'!$I$2:$I$964,'Исходные данные'!$D$2:$D$964,DC$1,'Исходные данные'!$F$2:$F$964,$A7) -> 0 | DD7: =SUMIFS('Исходные данные'!$J$2:$J$964,'Исходные данные'!$D$2:$D$964,DC$1,'Исходные данные'!$F$2:$F$964,$A7) -> 0 | DE7: 0 | DF7: 0 | DG7: =SUMIFS('Исходные данные'!$I$2:$I$964,'Исходные данные'!$D$2:$D$964,DG$1,'Исходные данные'!$F$2:$F$964,$A7) -> 0 | DH7: =SUMIFS('Исходные данные'!$J$2:$J$964,'Исходные данные'!$D$2:$D$964,DG$1,'Исходные данные'!$F$2:$F$964,$A7) -> 0 | DI7: 0 | DJ7: 0 | DK7: =SUMIFS('Исходные данные'!$I$2:$I$964,'Исходные данные'!$D$2:$D$964,DK$1,'Исходные данные'!$F$2:$F$964,$A7) -> 0 | DL7: =SUMIFS('Исходные данные'!$J$2:$J$964,'Исходные данные'!$D$2:$D$964,DK$1,'Исходные данные'!$F$2:$F$964,$A7) -> 0 | DM7: 0 | DN7: 0 | DO7: =SUMIFS('Исходные данные'!$I$2:$I$964,'Исходные данные'!$D$2:$D$964,DO$1,'Исходные данные'!$F$2:$F$964,$A7) -> 0 | DP7: =SUMIFS('Исходные данные'!$J$2:$J$964,'Исходные данные'!$D$2:$D$964,DO$1,'Исходные данные'!$F$2:$F$964,$A7) -> 0 | DQ7: 0 | DR7: 0 | DS7: =SUMIFS('Исходные данные'!$I$2:$I$964,'Исходные данные'!$D$2:$D$964,DS$1,'Исходные данные'!$F$2:$F$964,$A7) -> 0 | DT7: =SUMIFS('Исходные данные'!$J$2:$J$964,'Исходные данные'!$D$2:$D$964,DS$1,'Исходные данные'!$F$2:$F$964,$A7) -> 0 | DU7: 0 | DV7: 0 | DW7: =SUMIFS('Исходные данные'!$I$2:$I$964,'Исходные данные'!$D$2:$D$964,DW$1,'Исходные данные'!$F$2:$F$964,$A7) -> 0 | DX7: =SUMIFS('Исходные данные'!$J$2:$J$964,'Исходные данные'!$D$2:$D$964,DW$1,'Исходные данные'!$F$2:$F$964,$A7) -> 0 | DY7: 0 | DZ7: 0 | EA7: =SUMIFS('Исходные данные'!$I$2:$I$964,'Исходные данные'!$D$2:$D$964,EA$1,'Исходные данные'!$F$2:$F$964,$A7) -> 0 | EB7: =SUMIFS('Исходные данные'!$J$2:$J$964,'Исходные данные'!$D$2:$D$964,EA$1,'Исходные данные'!$F$2:$F$964,$A7) -> 0 | EC7: 0 | ED7: 0 | EE7: =SUMIFS('Исходные данные'!$I$2:$I$964,'Исходные данные'!$D$2:$D$964,EE$1,'Исходные данные'!$F$2:$F$964,$A7) -> 0 | EF7: =SUMIFS('Исходные данные'!$J$2:$J$964,'Исходные данные'!$D$2:$D$964,EE$1,'Исходные данные'!$F$2:$F$964,$A7) -> 0 | EG7: 0 | EH7: 0 | EI7: =SUMIFS('Исходные данные'!$I$2:$I$964,'Исходные данные'!$D$2:$D$964,EI$1,'Исходные данные'!$F$2:$F$964,$A7) -> 0 | EJ7: =SUMIFS('Исходные данные'!$J$2:$J$964,'Исходные данные'!$D$2:$D$964,EI$1,'Исходные данные'!$F$2:$F$964,$A7) -> 0 | EK7: 0 | EL7: 0 | EM7: =SUMIFS('Исходные данные'!$I$2:$I$964,'Исходные данные'!$D$2:$D$964,EM$1,'Исходные данные'!$F$2:$F$964,$A7) -> 0 | EN7: =SUMIFS('Исходные данные'!$J$2:$J$964,'Исходные данные'!$D$2:$D$964,EM$1,'Исходные данные'!$F$2:$F$964,$A7) -> 0 | EO7: 0 | EP7: 0 | EQ7: =SUMIFS('Исходные данные'!$I$2:$I$964,'Исходные данные'!$D$2:$D$964,EQ$1,'Исходные данные'!$F$2:$F$964,$A7) -> 0 | ER7: =SUMIFS('Исходные данные'!$J$2:$J$964,'Исходные данные'!$D$2:$D$964,EQ$1,'Исходные данные'!$F$2:$F$964,$A7) -> 0 | ES7: 0 | ET7: 0 | EU7: =SUMIFS('Исходные данные'!$I$2:$I$964,'Исходные данные'!$D$2:$D$964,EU$1,'Исходные данные'!$F$2:$F$964,$A7) -> 0 | EV7: =SUMIFS('Исходные данные'!$J$2:$J$964,'Исходные данные'!$D$2:$D$964,EU$1,'Исходные данные'!$F$2:$F$964,$A7) -> 0 | EW7: 0 | EX7: 0 | EY7: =SUMIFS('Исходные данные'!$I$2:$I$964,'Исходные данные'!$D$2:$D$964,EY$1,'Исходные данные'!$F$2:$F$964,$A7) -> 0 | EZ7: =SUMIFS('Исходные данные'!$J$2:$J$964,'Исходные данные'!$D$2:$D$964,EY$1,'Исходные данные'!$F$2:$F$964,$A7) -> 0 | FA7: 0 | FB7: 0 | FC7: =SUMIFS('Исходные данные'!$I$2:$I$964,'Исходные данные'!$D$2:$D$964,FC$1,'Исходные данные'!$F$2:$F$964,$A7) -> 0 | FD7: =SUMIFS('Исходные данные'!$J$2:$J$964,'Исходные данные'!$D$2:$D$964,FC$1,'Исходные данные'!$F$2:$F$964,$A7) -> 0 | FE7: 0 | FF7: 0 | FG7: =SUMIFS('Исходные данные'!$I$2:$I$964,'Исходные данные'!$D$2:$D$964,FG$1,'Исходные данные'!$F$2:$F$964,$A7) -> 0 | FH7: =SUMIFS('Исходные данные'!$J$2:$J$964,'Исходные данные'!$D$2:$D$964,FG$1,'Исходные данные'!$F$2:$F$964,$A7) -> 0
A8: 27 | B8: Манипулятор | C8: 19 | D8: =I8+J8+M8+N8+Q8+R8+U8+V8+Y8+Z8+AC8+AD8+AG8+AH8+AK8+AL8+AO8+AP8+AS8+AT8+AW8+AX8+BA8+BB8+BE8+BF8+BI8+BJ8+BM8+BN8+BQ8+BR8+BU8+BV8+BY8+BZ8+CC8+CD8+CG8+CH8+CK8+CL8+CO8+CP8+CS8+CT8+CW8+CX8+DA8+DB8+DE8+DF8+DI8+DJ8+DM8+DN8+DQ8+DR8+DU8+DV8+DY8+DZ8+EC8+ED8+EG8+EH8+EK8+EL8+EO8+EP8+ES8+ET8+EW8+EX8+FA8+FB8+FE8+FF8 -> 19 | E8: =G8+H8 -> 19 | F8: =E8-C8 -> 0 | G8: =K8+O8+S8+W8+AA8+AE8+AI8+AM8+AQ8+AU8+AY8+BC8+BG8+BK8+BO8+BS8+BW8+CA8+CE8+CI8+CM8+CQ8+CU8+CY8+DC8+DG8+DK8+DO8+DS8+DW8+EA8+EE8+EI8+EM8+EQ8+EU8+EY8+FC8+FG8 -> 14 | H8: =L8+P8+T8+X8+AB8+AF8+AJ8+AN8+AR8+AV8+AZ8+BD8+BH8+BL8+BP8+BT8+BX8+CB8+CF8+CJ8+CN8+CR8+CV8+CZ8+DD8+DH8+DL8+DP8+DT8+DX8+EB8+EF8+EJ8+EN8+ER8+EV8+EZ8+FD8+FH8 -> 5 | I8: 1 | J8: 0 | K8: =SUMIFS('Исходные данные'!$I$2:$I$964,'Исходные данные'!$D$2:$D$964,K$1,'Исходные данные'!$F$2:$F$964,$A8) -> 1 | L8: =SUMIFS('Исходные данные'!$J$2:$J$964,'Исходные данные'!$D$2:$D$964,K$1,'Исходные данные'!$F$2:$F$964,$A8) -> 0 | M8: 1 | N8: 0 | O8: =SUMIFS('Исходные данные'!$I$2:$I$964,'Исходные данные'!$D$2:$D$964,O$1,'Исходные данные'!$F$2:$F$964,$A8) -> 1 | P8: =SUMIFS('Исходные данные'!$J$2:$J$964,'Исходные данные'!$D$2:$D$964,O$1,'Исходные данные'!$F$2:$F$964,$A8) -> 0 | Q8: 1 | R8: 0 | S8: =SUMIFS('Исходные данные'!$I$2:$I$964,'Исходные данные'!$D$2:$D$964,S$1,'Исходные данные'!$F$2:$F$964,$A8) -> 1 | T8: =SUMIFS('Исходные данные'!$J$2:$J$964,'Исходные данные'!$D$2:$D$964,S$1,'Исходные данные'!$F$2:$F$964,$A8) -> 0 | U8: 0 | V8: 0 | W8: =SUMIFS('Исходные данные'!$I$2:$I$964,'Исходные данные'!$D$2:$D$964,W$1,'Исходные данные'!$F$2:$F$964,$A8) -> 0 | X8: =SUMIFS('Исходные данные'!$J$2:$J$964,'Исходные данные'!$D$2:$D$964,W$1,'Исходные данные'!$F$2:$F$964,$A8) -> 0 | Y8: 1 | Z8: 0 | AA8: =SUMIFS('Исходные данные'!$I$2:$I$964,'Исходные данные'!$D$2:$D$964,AA$1,'Исходные данные'!$F$2:$F$964,$A8) -> 1 | AB8: =SUMIFS('Исходные данные'!$J$2:$J$964,'Исходные данные'!$D$2:$D$964,AA$1,'Исходные данные'!$F$2:$F$964,$A8) -> 0 | AC8: 1 | AD8: 0 | AE8: =SUMIFS('Исходные данные'!$I$2:$I$964,'Исходные данные'!$D$2:$D$964,AE$1,'Исходные данные'!$F$2:$F$964,$A8) -> 1 | AF8: =SUMIFS('Исходные данные'!$J$2:$J$964,'Исходные данные'!$D$2:$D$964,AE$1,'Исходные данные'!$F$2:$F$964,$A8) -> 0 | AG8: 0 | AH8: 0 | AI8: =SUMIFS('Исходные данные'!$I$2:$I$964,'Исходные данные'!$D$2:$D$964,AI$1,'Исходные данные'!$F$2:$F$964,$A8) -> 0 | AJ8: =SUMIFS('Исходные данные'!$J$2:$J$964,'Исходные данные'!$D$2:$D$964,AI$1,'Исходные данные'!$F$2:$F$964,$A8) -> 0 | AK8: 1 | AL8: 0 | AM8: =SUMIFS('Исходные данные'!$I$2:$I$964,'Исходные данные'!$D$2:$D$964,AM$1,'Исходные данные'!$F$2:$F$964,$A8) -> 1 | AN8: =SUMIFS('Исходные данные'!$J$2:$J$964,'Исходные данные'!$D$2:$D$964,AM$1,'Исходные данные'!$F$2:$F$964,$A8) -> 0 | AO8: 0 | AP8: 0 | AQ8: =SUMIFS('Исходные данные'!$I$2:$I$964,'Исходные данные'!$D$2:$D$964,AQ$1,'Исходные данные'!$F$2:$F$964,$A8) -> 0 | AR8: =SUMIFS('Исходные данные'!$J$2:$J$964,'Исходные данные'!$D$2:$D$964,AQ$1,'Исходные данные'!$F$2:$F$964,$A8) -> 0 | AS8: 1 | AT8: 0 | AU8: =SUMIFS('Исходные данные'!$I$2:$I$964,'Исходные данные'!$D$2:$D$964,AU$1,'Исходные данные'!$F$2:$F$964,$A8) -> 1 | AV8: =SUMIFS('Исходные данные'!$J$2:$J$964,'Исходные данные'!$D$2:$D$964,AU$1,'Исходные данные'!$F$2:$F$964,$A8) -> 0 | AW8: 0 | AX8: 0 | AY8: =SUMIFS('Исходные данные'!$I$2:$I$964,'Исходные данные'!$D$2:$D$964,AY$1,'Исходные данные'!$F$2:$F$964,$A8) -> 1 | AZ8: =SUMIFS('Исходные данные'!$J$2:$J$964,'Исходные данные'!$D$2:$D$964,AY$1,'Исходные данные'!$F$2:$F$964,$A8) -> 0 | BA8: 1 | BB8: 0 | BC8: =SUMIFS('Исходные данные'!$I$2:$I$964,'Исходные данные'!$D$2:$D$964,BC$1,'Исходные данные'!$F$2:$F$964,$A8) -> 0 | BD8: =SUMIFS('Исходные данные'!$J$2:$J$964,'Исходные данные'!$D$2:$D$964,BC$1,'Исходные данные'!$F$2:$F$964,$A8) -> 0 | BE8: 0 | BF8: 0 | BG8: =SUMIFS('Исходные данные'!$I$2:$I$964,'Исходные данные'!$D$2:$D$964,BG$1,'Исходные данные'!$F$2:$F$964,$A8) -> 0 | BH8: =SUMIFS('Исходные данные'!$J$2:$J$964,'Исходные данные'!$D$2:$D$964,BG$1,'Исходные данные'!$F$2:$F$964,$A8) -> 0 | BI8: 3 | BJ8: 3 | BK8: =SUMIFS('Исходные данные'!$I$2:$I$964,'Исходные данные'!$D$2:$D$964,BK$1,'Исходные данные'!$F$2:$F$964,$A8) -> 3 | BL8: =SUMIFS('Исходные данные'!$J$2:$J$964,'Исходные данные'!$D$2:$D$964,BK$1,'Исходные данные'!$F$2:$F$964,$A8) -> 3 | BM8: 3 | BN8: 2 | BO8: =SUMIFS('Исходные данные'!$I$2:$I$964,'Исходные данные'!$D$2:$D$964,BO$1,'Исходные данные'!$F$2:$F$964,$A8) -> 3 | BP8: =SUMIFS('Исходные данные'!$J$2:$J$964,'Исходные данные'!$D$2:$D$964,BO$1,'Исходные данные'!$F$2:$F$964,$A8) -> 2 | BQ8: 0 | BR8: 0 | BS8: =SUMIFS('Исходные данные'!$I$2:$I$964,'Исходные данные'!$D$2:$D$964,BS$1,'Исходные данные'!$F$2:$F$964,$A8) -> 0 | BT8: =SUMIFS('Исходные данные'!$J$2:$J$964,'Исходные данные'!$D$2:$D$964,BS$1,'Исходные данные'!$F$2:$F$964,$A8) -> 0 | BU8: 0 | BV8: 0 | BW8: =SUMIFS('Исходные данные'!$I$2:$I$964,'Исходные данные'!$D$2:$D$964,BW$1,'Исходные данные'!$F$2:$F$964,$A8) -> 0 | BX8: =SUMIFS('Исходные данные'!$J$2:$J$964,'Исходные данные'!$D$2:$D$964,BW$1,'Исходные данные'!$F$2:$F$964,$A8) -> 0 | BY8: 0 | BZ8: 0 | CA8: =SUMIFS('Исходные данные'!$I$2:$I$964,'Исходные данные'!$D$2:$D$964,CA$1,'Исходные данные'!$F$2:$F$964,$A8) -> 0 | CB8: =SUMIFS('Исходные данные'!$J$2:$J$964,'Исходные данные'!$D$2:$D$964,CA$1,'Исходные данные'!$F$2:$F$964,$A8) -> 0 | CC8: 0 | CD8: 0 | CE8: =SUMIFS('Исходные данные'!$I$2:$I$964,'Исходные данные'!$D$2:$D$964,CE$1,'Исходные данные'!$F$2:$F$964,$A8) -> 0 | CF8: =SUMIFS('Исходные данные'!$J$2:$J$964,'Исходные данные'!$D$2:$D$964,CE$1,'Исходные данные'!$F$2:$F$964,$A8) -> 0 | CG8: 0 | CH8: 0 | CI8: =SUMIFS('Исходные данные'!$I$2:$I$964,'Исходные данные'!$D$2:$D$964,CI$1,'Исходные данные'!$F$2:$F$964,$A8) -> 0 | CJ8: =SUMIFS('Исходные данные'!$J$2:$J$964,'Исходные данные'!$D$2:$D$964,CI$1,'Исходные данные'!$F$2:$F$964,$A8) -> 0 | CK8: 0 | CL8: 0 | CM8: =SUMIFS('Исходные данные'!$I$2:$I$964,'Исходные данные'!$D$2:$D$964,CM$1,'Исходные данные'!$F$2:$F$964,$A8) -> 0 | CN8: =SUMIFS('Исходные данные'!$J$2:$J$964,'Исходные данные'!$D$2:$D$964,CM$1,'Исходные данные'!$F$2:$F$964,$A8) -> 0 | CO8: 0 | CP8: 0 | CQ8: =SUMIFS('Исходные данные'!$I$2:$I$964,'Исходные данные'!$D$2:$D$964,CQ$1,'Исходные данные'!$F$2:$F$964,$A8) -> 0 | CR8: =SUMIFS('Исходные данные'!$J$2:$J$964,'Исходные данные'!$D$2:$D$964,CQ$1,'Исходные данные'!$F$2:$F$964,$A8) -> 0 | CS8: 0 | CT8: 0 | CU8: =SUMIFS('Исходные данные'!$I$2:$I$964,'Исходные данные'!$D$2:$D$964,CU$1,'Исходные данные'!$F$2:$F$964,$A8) -> 0 | CV8: =SUMIFS('Исходные данные'!$J$2:$J$964,'Исходные данные'!$D$2:$D$964,CU$1,'Исходные данные'!$F$2:$F$964,$A8) -> 0 | CW8: 0 | CX8: 0 | CY8: =SUMIFS('Исходные данные'!$I$2:$I$964,'Исходные данные'!$D$2:$D$964,CY$1,'Исходные данные'!$F$2:$F$964,$A8) -> 0 | CZ8: =SUMIFS('Исходные данные'!$J$2:$J$964,'Исходные данные'!$D$2:$D$964,CY$1,'Исходные данные'!$F$2:$F$964,$A8) -> 0 | DA8: 0 | DB8: 0 | DC8: =SUMIFS('Исходные данные'!$I$2:$I$964,'Исходные данные'!$D$2:$D$964,DC$1,'Исходные данные'!$F$2:$F$964,$A8) -> 0 | DD8: =SUMIFS('Исходные данные'!$J$2:$J$964,'Исходные данные'!$D$2:$D$964,DC$1,'Исходные данные'!$F$2:$F$964,$A8) -> 0 | DE8: 0 | DF8: 0 | DG8: =SUMIFS('Исходные данные'!$I$2:$I$964,'Исходные данные'!$D$2:$D$964,DG$1,'Исходные данные'!$F$2:$F$964,$A8) -> 0 | DH8: =SUMIFS('Исходные данные'!$J$2:$J$964,'Исходные данные'!$D$2:$D$964,DG$1,'Исходные данные'!$F$2:$F$964,$A8) -> 0 | DI8: 0 | DJ8: 0 | DK8: =SUMIFS('Исходные данные'!$I$2:$I$964,'Исходные данные'!$D$2:$D$964,DK$1,'Исходные данные'!$F$2:$F$964,$A8) -> 0 | DL8: =SUMIFS('Исходные данные'!$J$2:$J$964,'Исходные данные'!$D$2:$D$964,DK$1,'Исходные данные'!$F$2:$F$964,$A8) -> 0 | DM8: 0 | DN8: 0 | DO8: =SUMIFS('Исходные данные'!$I$2:$I$964,'Исходные данные'!$D$2:$D$964,DO$1,'Исходные данные'!$F$2:$F$964,$A8) -> 0 | DP8: =SUMIFS('Исходные данные'!$J$2:$J$964,'Исходные данные'!$D$2:$D$964,DO$1,'Исходные данные'!$F$2:$F$964,$A8) -> 0 | DQ8: 0 | DR8: 0 | DS8: =SUMIFS('Исходные данные'!$I$2:$I$964,'Исходные данные'!$D$2:$D$964,DS$1,'Исходные данные'!$F$2:$F$964,$A8) -> 0 | DT8: =SUMIFS('Исходные данные'!$J$2:$J$964,'Исходные данные'!$D$2:$D$964,DS$1,'Исходные данные'!$F$2:$F$964,$A8) -> 0 | DU8: 0 | DV8: 0 | DW8: =SUMIFS('Исходные данные'!$I$2:$I$964,'Исходные данные'!$D$2:$D$964,DW$1,'Исходные данные'!$F$2:$F$964,$A8) -> 0 | DX8: =SUMIFS('Исходные данные'!$J$2:$J$964,'Исходные данные'!$D$2:$D$964,DW$1,'Исходные данные'!$F$2:$F$964,$A8) -> 0 | DY8: 0 | DZ8: 0 | EA8: =SUMIFS('Исходные данные'!$I$2:$I$964,'Исходные данные'!$D$2:$D$964,EA$1,'Исходные данные'!$F$2:$F$964,$A8) -> 0 | EB8: =SUMIFS('Исходные данные'!$J$2:$J$964,'Исходные данные'!$D$2:$D$964,EA$1,'Исходные данные'!$F$2:$F$964,$A8) -> 0 | EC8: 0 | ED8: 0 | EE8: =SUMIFS('Исходные данные'!$I$2:$I$964,'Исходные данные'!$D$2:$D$964,EE$1,'Исходные данные'!$F$2:$F$964,$A8) -> 0 | EF8: =SUMIFS('Исходные данные'!$J$2:$J$964,'Исходные данные'!$D$2:$D$964,EE$1,'Исходные данные'!$F$2:$F$964,$A8) -> 0 | EG8: 0 | EH8: 0 | EI8: =SUMIFS('Исходные данные'!$I$2:$I$964,'Исходные данные'!$D$2:$D$964,EI$1,'Исходные данные'!$F$2:$F$964,$A8) -> 0 | EJ8: =SUMIFS('Исходные данные'!$J$2:$J$964,'Исходные данные'!$D$2:$D$964,EI$1,'Исходные данные'!$F$2:$F$964,$A8) -> 0 | EK8: 0 | EL8: 0 | EM8: =SUMIFS('Исходные данные'!$I$2:$I$964,'Исходные данные'!$D$2:$D$964,EM$1,'Исходные данные'!$F$2:$F$964,$A8) -> 0 | EN8: =SUMIFS('Исходные данные'!$J$2:$J$964,'Исходные данные'!$D$2:$D$964,EM$1,'Исходные данные'!$F$2:$F$964,$A8) -> 0 | EO8: 0 | EP8: 0 | EQ8: =SUMIFS('Исходные данные'!$I$2:$I$964,'Исходные данные'!$D$2:$D$964,EQ$1,'Исходные данные'!$F$2:$F$964,$A8) -> 0 | ER8: =SUMIFS('Исходные данные'!$J$2:$J$964,'Исходные данные'!$D$2:$D$964,EQ$1,'Исходные данные'!$F$2:$F$964,$A8) -> 0 | ES8: 0 | ET8: 0 | EU8: =SUMIFS('Исходные данные'!$I$2:$I$964,'Исходные данные'!$D$2:$D$964,EU$1,'Исходные данные'!$F$2:$F$964,$A8) -> 0 | EV8: =SUMIFS('Исходные данные'!$J$2:$J$964,'Исходные данные'!$D$2:$D$964,EU$1,'Исходные данные'!$F$2:$F$964,$A8) -> 0 | EW8: 0 | EX8: 0 | EY8: =SUMIFS('Исходные данные'!$I$2:$I$964,'Исходные данные'!$D$2:$D$964,EY$1,'Исходные данные'!$F$2:$F$964,$A8) -> 0 | EZ8: =SUMIFS('Исходные данные'!$J$2:$J$964,'Исходные данные'!$D$2:$D$964,EY$1,'Исходные данные'!$F$2:$F$964,$A8) -> 0 | FA8: 0 | FB8: 0 | FC8: =SUMIFS('Исходные данные'!$I$2:$I$964,'Исходные данные'!$D$2:$D$964,FC$1,'Исходные данные'!$F$2:$F$964,$A8) -> 0 | FD8: =SUMIFS('Исходные данные'!$J$2:$J$964,'Исходные данные'!$D$2:$D$964,FC$1,'Исходные данные'!$F$2:$F$964,$A8) -> 0 | FE8: 0 | FF8: 0 | FG8: =SUMIFS('Исходные данные'!$I$2:$I$964,'Исходные данные'!$D$2:$D$964,FG$1,'Исходные данные'!$F$2:$F$964,$A8) -> 0 | FH8: =SUMIFS('Исходные данные'!$J$2:$J$964,'Исходные данные'!$D$2:$D$964,FG$1,'Исходные данные'!$F$2:$F$964,$A8) -> 0
A9: 31 | B9: ЦА-320 | C9: 43 | D9: =I9+J9+M9+N9+Q9+R9+U9+V9+Y9+Z9+AC9+AD9+AG9+AH9+AK9+AL9+AO9+AP9+AS9+AT9+AW9+AX9+BA9+BB9+BE9+BF9+BI9+BJ9+BM9+BN9+BQ9+BR9+BU9+BV9+BY9+BZ9+CC9+CD9+CG9+CH9+CK9+CL9+CO9+CP9+CS9+CT9+CW9+CX9+DA9+DB9+DE9+DF9+DI9+DJ9+DM9+DN9+DQ9+DR9+DU9+DV9+DY9+DZ9+EC9+ED9+EG9+EH9+EK9+EL9+EO9+EP9+ES9+ET9+EW9+EX9+FA9+FB9+FE9+FF9 -> 43 | E9: =G9+H9 -> 43 | F9: =E9-C9 -> 0 | G9: =K9+O9+S9+W9+AA9+AE9+AI9+AM9+AQ9+AU9+AY9+BC9+BG9+BK9+BO9+BS9+BW9+CA9+CE9+CI9+CM9+CQ9+CU9+CY9+DC9+DG9+DK9+DO9+DS9+DW9+EA9+EE9+EI9+EM9+EQ9+EU9+EY9+FC9+FG9 -> 27 | H9: =L9+P9+T9+X9+AB9+AF9+AJ9+AN9+AR9+AV9+AZ9+BD9+BH9+BL9+BP9+BT9+BX9+CB9+CF9+CJ9+CN9+CR9+CV9+CZ9+DD9+DH9+DL9+DP9+DT9+DX9+EB9+EF9+EJ9+EN9+ER9+EV9+EZ9+FD9+FH9 -> 16 | I9: 4 | J9: 1 | K9: =SUMIFS('Исходные данные'!$I$2:$I$964,'Исходные данные'!$D$2:$D$964,K$1,'Исходные данные'!$F$2:$F$964,$A9) -> 4 | L9: =SUMIFS('Исходные данные'!$J$2:$J$964,'Исходные данные'!$D$2:$D$964,K$1,'Исходные данные'!$F$2:$F$964,$A9) -> 1 | M9: 1 | N9: 0 | O9: =SUMIFS('Исходные данные'!$I$2:$I$964,'Исходные данные'!$D$2:$D$964,O$1,'Исходные данные'!$F$2:$F$964,$A9) -> 0 | P9: =SUMIFS('Исходные данные'!$J$2:$J$964,'Исходные данные'!$D$2:$D$964,O$1,'Исходные данные'!$F$2:$F$964,$A9) -> 0 | Q9: 11 | R9: 3 | S9: =SUMIFS('Исходные данные'!$I$2:$I$964,'Исходные данные'!$D$2:$D$964,S$1,'Исходные данные'!$F$2:$F$964,$A9) -> 12 | T9: =SUMIFS('Исходные данные'!$J$2:$J$964,'Исходные данные'!$D$2:$D$964,S$1,'Исходные данные'!$F$2:$F$964,$A9) -> 3 | U9: 0 | V9: 0 | W9: =SUMIFS('Исходные данные'!$I$2:$I$964,'Исходные данные'!$D$2:$D$964,W$1,'Исходные данные'!$F$2:$F$964,$A9) -> 0 | X9: =SUMIFS('Исходные данные'!$J$2:$J$964,'Исходные данные'!$D$2:$D$964,W$1,'Исходные данные'!$F$2:$F$964,$A9) -> 0 | Y9: 0 | Z9: 0 | AA9: =SUMIFS('Исходные данные'!$I$2:$I$964,'Исходные данные'!$D$2:$D$964,AA$1,'Исходные данные'!$F$2:$F$964,$A9) -> 0 | AB9: =SUMIFS('Исходные данные'!$J$2:$J$964,'Исходные данные'!$D$2:$D$964,AA$1,'Исходные данные'!$F$2:$F$964,$A9) -> 0 | AC9: 0 | AD9: 0 | AE9: =SUMIFS('Исходные данные'!$I$2:$I$964,'Исходные данные'!$D$2:$D$964,AE$1,'Исходные данные'!$F$2:$F$964,$A9) -> 0 | AF9: =SUMIFS('Исходные данные'!$J$2:$J$964,'Исходные данные'!$D$2:$D$964,AE$1,'Исходные данные'!$F$2:$F$964,$A9) -> 0 | AG9: 0 | AH9: 0 | AI9: =SUMIFS('Исходные данные'!$I$2:$I$964,'Исходные данные'!$D$2:$D$964,AI$1,'Исходные данные'!$F$2:$F$964,$A9) -> 0 | AJ9: =SUMIFS('Исходные данные'!$J$2:$J$964,'Исходные данные'!$D$2:$D$964,AI$1,'Исходные данные'!$F$2:$F$964,$A9) -> 0 | AK9: 0 | AL9: 0 | AM9: =SUMIFS('Исходные данные'!$I$2:$I$964,'Исходные данные'!$D$2:$D$964,AM$1,'Исходные данные'!$F$2:$F$964,$A9) -> 0 | AN9: =SUMIFS('Исходные данные'!$J$2:$J$964,'Исходные данные'!$D$2:$D$964,AM$1,'Исходные данные'!$F$2:$F$964,$A9) -> 0 | AO9: 0 | AP9: 0 | AQ9: =SUMIFS('Исходные данные'!$I$2:$I$964,'Исходные данные'!$D$2:$D$964,AQ$1,'Исходные данные'!$F$2:$F$964,$A9) -> 0 | AR9: =SUMIFS('Исходные данные'!$J$2:$J$964,'Исходные данные'!$D$2:$D$964,AQ$1,'Исходные данные'!$F$2:$F$964,$A9) -> 0 | AS9: 0 | AT9: 0 | AU9: =SUMIFS('Исходные данные'!$I$2:$I$964,'Исходные данные'!$D$2:$D$964,AU$1,'Исходные данные'!$F$2:$F$964,$A9) -> 0 | AV9: =SUMIFS('Исходные данные'!$J$2:$J$964,'Исходные данные'!$D$2:$D$964,AU$1,'Исходные данные'!$F$2:$F$964,$A9) -> 0 | AW9: 0 | AX9: 0 | AY9: =SUMIFS('Исходные данные'!$I$2:$I$964,'Исходные данные'!$D$2:$D$964,AY$1,'Исходные данные'!$F$2:$F$964,$A9) -> 0 | AZ9: =SUMIFS('Исходные данные'!$J$2:$J$964,'Исходные данные'!$D$2:$D$964,AY$1,'Исходные данные'!$F$2:$F$964,$A9) -> 0 | BA9: 0 | BB9: 0 | BC9: =SUMIFS('Исходные данные'!$I$2:$I$964,'Исходные данные'!$D$2:$D$964,BC$1,'Исходные данные'!$F$2:$F$964,$A9) -> 1 | BD9: =SUMIFS('Исходные данные'!$J$2:$J$964,'Исходные данные'!$D$2:$D$964,BC$1,'Исходные данные'!$F$2:$F$964,$A9) -> 0 | BE9: 0 | BF9: 0 | BG9: =SUMIFS('Исходные данные'!$I$2:$I$964,'Исходные данные'!$D$2:$D$964,BG$1,'Исходные данные'!$F$2:$F$964,$A9) -> 0 | BH9: =SUMIFS('Исходные данные'!$J$2:$J$964,'Исходные данные'!$D$2:$D$964,BG$1,'Исходные данные'!$F$2:$F$964,$A9) -> 0 | BI9: 6 | BJ9: 7 | BK9: =SUMIFS('Исходные данные'!$I$2:$I$964,'Исходные данные'!$D$2:$D$964,BK$1,'Исходные данные'!$F$2:$F$964,$A9) -> 5 | BL9: =SUMIFS('Исходные данные'!$J$2:$J$964,'Исходные данные'!$D$2:$D$964,BK$1,'Исходные данные'!$F$2:$F$964,$A9) -> 7 | BM9: 5 | BN9: 5 | BO9: =SUMIFS('Исходные данные'!$I$2:$I$964,'Исходные данные'!$D$2:$D$964,BO$1,'Исходные данные'!$F$2:$F$964,$A9) -> 5 | BP9: =SUMIFS('Исходные данные'!$J$2:$J$964,'Исходные данные'!$D$2:$D$964,BO$1,'Исходные данные'!$F$2:$F$964,$A9) -> 5 | BQ9: 0 | BR9: 0 | BS9: =SUMIFS('Исходные данные'!$I$2:$I$964,'Исходные данные'!$D$2:$D$964,BS$1,'Исходные данные'!$F$2:$F$964,$A9) -> 0 | BT9: =SUMIFS('Исходные данные'!$J$2:$J$964,'Исходные данные'!$D$2:$D$964,BS$1,'Исходные данные'!$F$2:$F$964,$A9) -> 0 | BU9: 0 | BV9: 0 | BW9: =SUMIFS('Исходные данные'!$I$2:$I$964,'Исходные данные'!$D$2:$D$964,BW$1,'Исходные данные'!$F$2:$F$964,$A9) -> 0 | BX9: =SUMIFS('Исходные данные'!$J$2:$J$964,'Исходные данные'!$D$2:$D$964,BW$1,'Исходные данные'!$F$2:$F$964,$A9) -> 0 | BY9: 0 | BZ9: 0 | CA9: =SUMIFS('Исходные данные'!$I$2:$I$964,'Исходные данные'!$D$2:$D$964,CA$1,'Исходные данные'!$F$2:$F$964,$A9) -> 0 | CB9: =SUMIFS('Исходные данные'!$J$2:$J$964,'Исходные данные'!$D$2:$D$964,CA$1,'Исходные данные'!$F$2:$F$964,$A9) -> 0 | CC9: 0 | CD9: 0 | CE9: =SUMIFS('Исходные данные'!$I$2:$I$964,'Исходные данные'!$D$2:$D$964,CE$1,'Исходные данные'!$F$2:$F$964,$A9) -> 0 | CF9: =SUMIFS('Исходные данные'!$J$2:$J$964,'Исходные данные'!$D$2:$D$964,CE$1,'Исходные данные'!$F$2:$F$964,$A9) -> 0 | CG9: 0 | CH9: 0 | CI9: =SUMIFS('Исходные данные'!$I$2:$I$964,'Исходные данные'!$D$2:$D$964,CI$1,'Исходные данные'!$F$2:$F$964,$A9) -> 0 | CJ9: =SUMIFS('Исходные данные'!$J$2:$J$964,'Исходные данные'!$D$2:$D$964,CI$1,'Исходные данные'!$F$2:$F$964,$A9) -> 0 | CK9: 0 | CL9: 0 | CM9: =SUMIFS('Исходные данные'!$I$2:$I$964,'Исходные данные'!$D$2:$D$964,CM$1,'Исходные данные'!$F$2:$F$964,$A9) -> 0 | CN9: =SUMIFS('Исходные данные'!$J$2:$J$964,'Исходные данные'!$D$2:$D$964,CM$1,'Исходные данные'!$F$2:$F$964,$A9) -> 0 | CO9: 0 | CP9: 0 | CQ9: =SUMIFS('Исходные данные'!$I$2:$I$964,'Исходные данные'!$D$2:$D$964,CQ$1,'Исходные данные'!$F$2:$F$964,$A9) -> 0 | CR9: =SUMIFS('Исходные данные'!$J$2:$J$964,'Исходные данные'!$D$2:$D$964,CQ$1,'Исходные данные'!$F$2:$F$964,$A9) -> 0 | CS9: 0 | CT9: 0 | CU9: =SUMIFS('Исходные данные'!$I$2:$I$964,'Исходные данные'!$D$2:$D$964,CU$1,'Исходные данные'!$F$2:$F$964,$A9) -> 0 | CV9: =SUMIFS('Исходные данные'!$J$2:$J$964,'Исходные данные'!$D$2:$D$964,CU$1,'Исходные данные'!$F$2:$F$964,$A9) -> 0 | CW9: 0 | CX9: 0 | CY9: =SUMIFS('Исходные данные'!$I$2:$I$964,'Исходные данные'!$D$2:$D$964,CY$1,'Исходные данные'!$F$2:$F$964,$A9) -> 0 | CZ9: =SUMIFS('Исходные данные'!$J$2:$J$964,'Исходные данные'!$D$2:$D$964,CY$1,'Исходные данные'!$F$2:$F$964,$A9) -> 0 | DA9: 0 | DB9: 0 | DC9: =SUMIFS('Исходные данные'!$I$2:$I$964,'Исходные данные'!$D$2:$D$964,DC$1,'Исходные данные'!$F$2:$F$964,$A9) -> 0 | DD9: =SUMIFS('Исходные данные'!$J$2:$J$964,'Исходные данные'!$D$2:$D$964,DC$1,'Исходные данные'!$F$2:$F$964,$A9) -> 0 | DE9: 0 | DF9: 0 | DG9: =SUMIFS('Исходные данные'!$I$2:$I$964,'Исходные данные'!$D$2:$D$964,DG$1,'Исходные данные'!$F$2:$F$964,$A9) -> 0 | DH9: =SUMIFS('Исходные данные'!$J$2:$J$964,'Исходные данные'!$D$2:$D$964,DG$1,'Исходные данные'!$F$2:$F$964,$A9) -> 0 | DI9: 0 | DJ9: 0 | DK9: =SUMIFS('Исходные данные'!$I$2:$I$964,'Исходные данные'!$D$2:$D$964,DK$1,'Исходные данные'!$F$2:$F$964,$A9) -> 0 | DL9: =SUMIFS('Исходные данные'!$J$2:$J$964,'Исходные данные'!$D$2:$D$964,DK$1,'Исходные данные'!$F$2:$F$964,$A9) -> 0 | DM9: 0 | DN9: 0 | DO9: =SUMIFS('Исходные данные'!$I$2:$I$964,'Исходные данные'!$D$2:$D$964,DO$1,'Исходные данные'!$F$2:$F$964,$A9) -> 0 | DP9: =SUMIFS('Исходные данные'!$J$2:$J$964,'Исходные данные'!$D$2:$D$964,DO$1,'Исходные данные'!$F$2:$F$964,$A9) -> 0 | DQ9: 0 | DR9: 0 | DS9: =SUMIFS('Исходные данные'!$I$2:$I$964,'Исходные данные'!$D$2:$D$964,DS$1,'Исходные данные'!$F$2:$F$964,$A9) -> 0 | DT9: =SUMIFS('Исходные данные'!$J$2:$J$964,'Исходные данные'!$D$2:$D$964,DS$1,'Исходные данные'!$F$2:$F$964,$A9) -> 0 | DU9: 0 | DV9: 0 | DW9: =SUMIFS('Исходные данные'!$I$2:$I$964,'Исходные данные'!$D$2:$D$964,DW$1,'Исходные данные'!$F$2:$F$964,$A9) -> 0 | DX9: =SUMIFS('Исходные данные'!$J$2:$J$964,'Исходные данные'!$D$2:$D$964,DW$1,'Исходные данные'!$F$2:$F$964,$A9) -> 0 | DY9: 0 | DZ9: 0 | EA9: =SUMIFS('Исходные данные'!$I$2:$I$964,'Исходные данные'!$D$2:$D$964,EA$1,'Исходные данные'!$F$2:$F$964,$A9) -> 0 | EB9: =SUMIFS('Исходные данные'!$J$2:$J$964,'Исходные данные'!$D$2:$D$964,EA$1,'Исходные данные'!$F$2:$F$964,$A9) -> 0 | EC9: 0 | ED9: 0 | EE9: =SUMIFS('Исходные данные'!$I$2:$I$964,'Исходные данные'!$D$2:$D$964,EE$1,'Исходные данные'!$F$2:$F$964,$A9) -> 0 | EF9: =SUMIFS('Исходные данные'!$J$2:$J$964,'Исходные данные'!$D$2:$D$964,EE$1,'Исходные данные'!$F$2:$F$964,$A9) -> 0 | EG9: 0 | EH9: 0 | EI9: =SUMIFS('Исходные данные'!$I$2:$I$964,'Исходные данные'!$D$2:$D$964,EI$1,'Исходные данные'!$F$2:$F$964,$A9) -> 0 | EJ9: =SUMIFS('Исходные данные'!$J$2:$J$964,'Исходные данные'!$D$2:$D$964,EI$1,'Исходные данные'!$F$2:$F$964,$A9) -> 0 | EK9: 0 | EL9: 0 | EM9: =SUMIFS('Исходные данные'!$I$2:$I$964,'Исходные данные'!$D$2:$D$964,EM$1,'Исходные данные'!$F$2:$F$964,$A9) -> 0 | EN9: =SUMIFS('Исходные данные'!$J$2:$J$964,'Исходные данные'!$D$2:$D$964,EM$1,'Исходные данные'!$F$2:$F$964,$A9) -> 0 | EO9: 0 | EP9: 0 | EQ9: =SUMIFS('Исходные данные'!$I$2:$I$964,'Исходные данные'!$D$2:$D$964,EQ$1,'Исходные данные'!$F$2:$F$964,$A9) -> 0 | ER9: =SUMIFS('Исходные данные'!$J$2:$J$964,'Исходные данные'!$D$2:$D$964,EQ$1,'Исходные данные'!$F$2:$F$964,$A9) -> 0 | ES9: 0 | ET9: 0 | EU9: =SUMIFS('Исходные данные'!$I$2:$I$964,'Исходные данные'!$D$2:$D$964,EU$1,'Исходные данные'!$F$2:$F$964,$A9) -> 0 | EV9: =SUMIFS('Исходные данные'!$J$2:$J$964,'Исходные данные'!$D$2:$D$964,EU$1,'Исходные данные'!$F$2:$F$964,$A9) -> 0 | EW9: 0 | EX9: 0 | EY9: =SUMIFS('Исходные данные'!$I$2:$I$964,'Исходные данные'!$D$2:$D$964,EY$1,'Исходные данные'!$F$2:$F$964,$A9) -> 0 | EZ9: =SUMIFS('Исходные данные'!$J$2:$J$964,'Исходные данные'!$D$2:$D$964,EY$1,'Исходные данные'!$F$2:$F$964,$A9) -> 0 | FA9: 0 | FB9: 0 | FC9: =SUMIFS('Исходные данные'!$I$2:$I$964,'Исходные данные'!$D$2:$D$964,FC$1,'Исходные данные'!$F$2:$F$964,$A9) -> 0 | FD9: =SUMIFS('Исходные данные'!$J$2:$J$964,'Исходные данные'!$D$2:$D$964,FC$1,'Исходные данные'!$F$2:$F$964,$A9) -> 0 | FE9: 0 | FF9: 0 | FG9: =SUMIFS('Исходные данные'!$I$2:$I$964,'Исходные данные'!$D$2:$D$964,FG$1,'Исходные данные'!$F$2:$F$964,$A9) -> 0 | FH9: =SUMIFS('Исходные данные'!$J$2:$J$964,'Исходные данные'!$D$2:$D$964,FG$1,'Исходные данные'!$F$2:$F$964,$A9) -> 0
A10: 35 | B10: АЦН | C10: 52 | D10: =I10+J10+M10+N10+Q10+R10+U10+V10+Y10+Z10+AC10+AD10+AG10+AH10+AK10+AL10+AO10+AP10+AS10+AT10+AW10+AX10+BA10+BB10+BE10+BF10+BI10+BJ10+BM10+BN10+BQ10+BR10+BU10+BV10+BY10+BZ10+CC10+CD10+CG10+CH10+CK10+CL10+CO10+CP10+CS10+CT10+CW10+CX10+DA10+DB10+DE10+DF10+DI10+DJ10+DM10+DN10+DQ10+DR10+DU10+DV10+DY10+DZ10+EC10+ED10+EG10+EH10+EK10+EL10+EO10+EP10+ES10+ET10+EW10+EX10+FA10+FB10+FE10+FF10 -> 52 | E10: =G10+H10 -> 52 | F10: =E10-C10 -> 0 | G10: =K10+O10+S10+W10+AA10+AE10+AI10+AM10+AQ10+AU10+AY10+BC10+BG10+BK10+BO10+BS10+BW10+CA10+CE10+CI10+CM10+CQ10+CU10+CY10+DC10+DG10+DK10+DO10+DS10+DW10+EA10+EE10+EI10+EM10+EQ10+EU10+EY10+FC10+FG10 -> 33 | H10: =L10+P10+T10+X10+AB10+AF10+AJ10+AN10+AR10+AV10+AZ10+BD10+BH10+BL10+BP10+BT10+BX10+CB10+CF10+CJ10+CN10+CR10+CV10+CZ10+DD10+DH10+DL10+DP10+DT10+DX10+EB10+EF10+EJ10+EN10+ER10+EV10+EZ10+FD10+FH10 -> 19 | I10: 5 | J10: 2 | K10: =SUMIFS('Исходные данные'!$I$2:$I$964,'Исходные данные'!$D$2:$D$964,K$1,'Исходные данные'!$F$2:$F$964,$A10) -> 5 | L10: =SUMIFS('Исходные данные'!$J$2:$J$964,'Исходные данные'!$D$2:$D$964,K$1,'Исходные данные'!$F$2:$F$964,$A10) -> 2 | M10: 1 | N10: 0 | O10: =SUMIFS('Исходные данные'!$I$2:$I$964,'Исходные данные'!$D$2:$D$964,O$1,'Исходные данные'!$F$2:$F$964,$A10) -> 0 | P10: =SUMIFS('Исходные данные'!$J$2:$J$964,'Исходные данные'!$D$2:$D$964,O$1,'Исходные данные'!$F$2:$F$964,$A10) -> 0 | Q10: 12 | R10: 3 | S10: =SUMIFS('Исходные данные'!$I$2:$I$964,'Исходные данные'!$D$2:$D$964,S$1,'Исходные данные'!$F$2:$F$964,$A10) -> 13 | T10: =SUMIFS('Исходные данные'!$J$2:$J$964,'Исходные данные'!$D$2:$D$964,S$1,'Исходные данные'!$F$2:$F$964,$A10) -> 3 | U10: 0 | V10: 0 | W10: =SUMIFS('Исходные данные'!$I$2:$I$964,'Исходные данные'!$D$2:$D$964,W$1,'Исходные данные'!$F$2:$F$964,$A10) -> 0 | X10: =SUMIFS('Исходные данные'!$J$2:$J$964,'Исходные данные'!$D$2:$D$964,W$1,'Исходные данные'!$F$2:$F$964,$A10) -> 0 | Y10: 0 | Z10: 0 | AA10: =SUMIFS('Исходные данные'!$I$2:$I$964,'Исходные данные'!$D$2:$D$964,AA$1,'Исходные данные'!$F$2:$F$964,$A10) -> 0 | AB10: =SUMIFS('Исходные данные'!$J$2:$J$964,'Исходные данные'!$D$2:$D$964,AA$1,'Исходные данные'!$F$2:$F$964,$A10) -> 0 | AC10: 0 | AD10: 0 | AE10: =SUMIFS('Исходные данные'!$I$2:$I$964,'Исходные данные'!$D$2:$D$964,AE$1,'Исходные данные'!$F$2:$F$964,$A10) -> 0 | AF10: =SUMIFS('Исходные данные'!$J$2:$J$964,'Исходные данные'!$D$2:$D$964,AE$1,'Исходные данные'!$F$2:$F$964,$A10) -> 0 | AG10: 2 | AH10: 1 | AI10: =SUMIFS('Исходные данные'!$I$2:$I$964,'Исходные данные'!$D$2:$D$964,AI$1,'Исходные данные'!$F$2:$F$964,$A10) -> 3 | AJ10: =SUMIFS('Исходные данные'!$J$2:$J$964,'Исходные данные'!$D$2:$D$964,AI$1,'Исходные данные'!$F$2:$F$964,$A10) -> 1 | AK10: 0 | AL10: 0 | AM10: =SUMIFS('Исходные данные'!$I$2:$I$964,'Исходные данные'!$D$2:$D$964,AM$1,'Исходные данные'!$F$2:$F$964,$A10) -> 0 | AN10: =SUMIFS('Исходные данные'!$J$2:$J$964,'Исходные данные'!$D$2:$D$964,AM$1,'Исходные данные'!$F$2:$F$964,$A10) -> 0 | AO10: 0 | AP10: 0 | AQ10: =SUMIFS('Исходные данные'!$I$2:$I$964,'Исходные данные'!$D$2:$D$964,AQ$1,'Исходные данные'!$F$2:$F$964,$A10) -> 0 | AR10: =SUMIFS('Исходные данные'!$J$2:$J$964,'Исходные данные'!$D$2:$D$964,AQ$1,'Исходные данные'!$F$2:$F$964,$A10) -> 0 | AS10: 0 | AT10: 0 | AU10: =SUMIFS('Исходные данные'!$I$2:$I$964,'Исходные данные'!$D$2:$D$964,AU$1,'Исходные данные'!$F$2:$F$964,$A10) -> 0 | AV10: =SUMIFS('Исходные данные'!$J$2:$J$964,'Исходные данные'!$D$2:$D$964,AU$1,'Исходные данные'!$F$2:$F$964,$A10) -> 0 | AW10: 0 | AX10: 0 | AY10: =SUMIFS('Исходные данные'!$I$2:$I$964,'Исходные данные'!$D$2:$D$964,AY$1,'Исходные данные'!$F$2:$F$964,$A10) -> 0 | AZ10: =SUMIFS('Исходные данные'!$J$2:$J$964,'Исходные данные'!$D$2:$D$964,AY$1,'Исходные данные'!$F$2:$F$964,$A10) -> 0 | BA10: 0 | BB10: 0 | BC10: =SUMIFS('Исходные данные'!$I$2:$I$964,'Исходные данные'!$D$2:$D$964,BC$1,'Исходные данные'!$F$2:$F$964,$A10) -> 1 | BD10: =SUMIFS('Исходные данные'!$J$2:$J$964,'Исходные данные'!$D$2:$D$964,BC$1,'Исходные данные'!$F$2:$F$964,$A10) -> 0 | BE10: 0 | BF10: 0 | BG10: =SUMIFS('Исходные данные'!$I$2:$I$964,'Исходные данные'!$D$2:$D$964,BG$1,'Исходные данные'!$F$2:$F$964,$A10) -> 0 | BH10: =SUMIFS('Исходные данные'!$J$2:$J$964,'Исходные данные'!$D$2:$D$964,BG$1,'Исходные данные'!$F$2:$F$964,$A10) -> 0 | BI10: 6 | BJ10: 7 | BK10: =SUMIFS('Исходные данные'!$I$2:$I$964,'Исходные данные'!$D$2:$D$964,BK$1,'Исходные данные'!$F$2:$F$964,$A10) -> 5 | BL10: =SUMIFS('Исходные данные'!$J$2:$J$964,'Исходные данные'!$D$2:$D$964,BK$1,'Исходные данные'!$F$2:$F$964,$A10) -> 7 | BM10: 6 | BN10: 5 | BO10: =SUMIFS('Исходные данные'!$I$2:$I$964,'Исходные данные'!$D$2:$D$964,BO$1,'Исходные данные'!$F$2:$F$964,$A10) -> 5 | BP10: =SUMIFS('Исходные данные'!$J$2:$J$964,'Исходные данные'!$D$2:$D$964,BO$1,'Исходные данные'!$F$2:$F$964,$A10) -> 5 | BQ10: 0 | BR10: 0 | BS10: =SUMIFS('Исходные данные'!$I$2:$I$964,'Исходные данные'!$D$2:$D$964,BS$1,'Исходные данные'!$F$2:$F$964,$A10) -> 0 | BT10: =SUMIFS('Исходные данные'!$J$2:$J$964,'Исходные данные'!$D$2:$D$964,BS$1,'Исходные данные'!$F$2:$F$964,$A10) -> 0 | BU10: 0 | BV10: 0 | BW10: =SUMIFS('Исходные данные'!$I$2:$I$964,'Исходные данные'!$D$2:$D$964,BW$1,'Исходные данные'!$F$2:$F$964,$A10) -> 0 | BX10: =SUMIFS('Исходные данные'!$J$2:$J$964,'Исходные данные'!$D$2:$D$964,BW$1,'Исходные данные'!$F$2:$F$964,$A10) -> 0 | BY10: 0 | BZ10: 0 | CA10: =SUMIFS('Исходные данные'!$I$2:$I$964,'Исходные данные'!$D$2:$D$964,CA$1,'Исходные данные'!$F$2:$F$964,$A10) -> 0 | CB10: =SUMIFS('Исходные данные'!$J$2:$J$964,'Исходные данные'!$D$2:$D$964,CA$1,'Исходные данные'!$F$2:$F$964,$A10) -> 0 | CC10: 0 | CD10: 0 | CE10: =SUMIFS('Исходные данные'!$I$2:$I$964,'Исходные данные'!$D$2:$D$964,CE$1,'Исходные данные'!$F$2:$F$964,$A10) -> 0 | CF10: =SUMIFS('Исходные данные'!$J$2:$J$964,'Исходные данные'!$D$2:$D$964,CE$1,'Исходные данные'!$F$2:$F$964,$A10) -> 0 | CG10: 0 | CH10: 0 | CI10: =SUMIFS('Исходные данные'!$I$2:$I$964,'Исходные данные'!$D$2:$D$964,CI$1,'Исходные данные'!$F$2:$F$964,$A10) -> 0 | CJ10: =SUMIFS('Исходные данные'!$J$2:$J$964,'Исходные данные'!$D$2:$D$964,CI$1,'Исходные данные'!$F$2:$F$964,$A10) -> 0 | CK10: 1 | CL10: 1 | CM10: =SUMIFS('Исходные данные'!$I$2:$I$964,'Исходные данные'!$D$2:$D$964,CM$1,'Исходные данные'!$F$2:$F$964,$A10) -> 1 | CN10: =SUMIFS('Исходные данные'!$J$2:$J$964,'Исходные данные'!$D$2:$D$964,CM$1,'Исходные данные'!$F$2:$F$964,$A10) -> 1 | CO10: 0 | CP10: 0 | CQ10: =SUMIFS('Исходные данные'!$I$2:$I$964,'Исходные данные'!$D$2:$D$964,CQ$1,'Исходные данные'!$F$2:$F$964,$A10) -> 0 | CR10: =SUMIFS('Исходные данные'!$J$2:$J$964,'Исходные данные'!$D$2:$D$964,CQ$1,'Исходные данные'!$F$2:$F$964,$A10) -> 0 | CS10: 0 | CT10: 0 | CU10: =SUMIFS('Исходные данные'!$I$2:$I$964,'Исходные данные'!$D$2:$D$964,CU$1,'Исходные данные'!$F$2:$F$964,$A10) -> 0 | CV10: =SUMIFS('Исходные данные'!$J$2:$J$964,'Исходные данные'!$D$2:$D$964,CU$1,'Исходные данные'!$F$2:$F$964,$A10) -> 0 | CW10: 0 | CX10: 0 | CY10: =SUMIFS('Исходные данные'!$I$2:$I$964,'Исходные данные'!$D$2:$D$964,CY$1,'Исходные данные'!$F$2:$F$964,$A10) -> 0 | CZ10: =SUMIFS('Исходные данные'!$J$2:$J$964,'Исходные данные'!$D$2:$D$964,CY$1,'Исходные данные'!$F$2:$F$964,$A10) -> 0 | DA10: 0 | DB10: 0 | DC10: =SUMIFS('Исходные данные'!$I$2:$I$964,'Исходные данные'!$D$2:$D$964,DC$1,'Исходные данные'!$F$2:$F$964,$A10) -> 0 | DD10: =SUMIFS('Исходные данные'!$J$2:$J$964,'Исходные данные'!$D$2:$D$964,DC$1,'Исходные данные'!$F$2:$F$964,$A10) -> 0 | DE10: 0 | DF10: 0 | DG10: =SUMIFS('Исходные данные'!$I$2:$I$964,'Исходные данные'!$D$2:$D$964,DG$1,'Исходные данные'!$F$2:$F$964,$A10) -> 0 | DH10: =SUMIFS('Исходные данные'!$J$2:$J$964,'Исходные данные'!$D$2:$D$964,DG$1,'Исходные данные'!$F$2:$F$964,$A10) -> 0 | DI10: 0 | DJ10: 0 | DK10: =SUMIFS('Исходные данные'!$I$2:$I$964,'Исходные данные'!$D$2:$D$964,DK$1,'Исходные данные'!$F$2:$F$964,$A10) -> 0 | DL10: =SUMIFS('Исходные данные'!$J$2:$J$964,'Исходные данные'!$D$2:$D$964,DK$1,'Исходные данные'!$F$2:$F$964,$A10) -> 0 | DM10: 0 | DN10: 0 | DO10: =SUMIFS('Исходные данные'!$I$2:$I$964,'Исходные данные'!$D$2:$D$964,DO$1,'Исходные данные'!$F$2:$F$964,$A10) -> 0 | DP10: =SUMIFS('Исходные данные'!$J$2:$J$964,'Исходные данные'!$D$2:$D$964,DO$1,'Исходные данные'!$F$2:$F$964,$A10) -> 0 | DQ10: 0 | DR10: 0 | DS10: =SUMIFS('Исходные данные'!$I$2:$I$964,'Исходные данные'!$D$2:$D$964,DS$1,'Исходные данные'!$F$2:$F$964,$A10) -> 0 | DT10: =SUMIFS('Исходные данные'!$J$2:$J$964,'Исходные данные'!$D$2:$D$964,DS$1,'Исходные данные'!$F$2:$F$964,$A10) -> 0 | DU10: 0 | DV10: 0 | DW10: =SUMIFS('Исходные данные'!$I$2:$I$964,'Исходные данные'!$D$2:$D$964,DW$1,'Исходные данные'!$F$2:$F$964,$A10) -> 0 | DX10: =SUMIFS('Исходные данные'!$J$2:$J$964,'Исходные данные'!$D$2:$D$964,DW$1,'Исходные данные'!$F$2:$F$964,$A10) -> 0 | DY10: 0 | DZ10: 0 | EA10: =SUMIFS('Исходные данные'!$I$2:$I$964,'Исходные данные'!$D$2:$D$964,EA$1,'Исходные данные'!$F$2:$F$964,$A10) -> 0 | EB10: =SUMIFS('Исходные данные'!$J$2:$J$964,'Исходные данные'!$D$2:$D$964,EA$1,'Исходные данные'!$F$2:$F$964,$A10) -> 0 | EC10: 0 | ED10: 0 | EE10: =SUMIFS('Исходные данные'!$I$2:$I$964,'Исходные данные'!$D$2:$D$964,EE$1,'Исходные данные'!$F$2:$F$964,$A10) -> 0 | EF10: =SUMIFS('Исходные данные'!$J$2:$J$964,'Исходные данные'!$D$2:$D$964,EE$1,'Исходные данные'!$F$2:$F$964,$A10) -> 0 | EG10: 0 | EH10: 0 | EI10: =SUMIFS('Исходные данные'!$I$2:$I$964,'Исходные данные'!$D$2:$D$964,EI$1,'Исходные данные'!$F$2:$F$964,$A10) -> 0 | EJ10: =SUMIFS('Исходные данные'!$J$2:$J$964,'Исходные данные'!$D$2:$D$964,EI$1,'Исходные данные'!$F$2:$F$964,$A10) -> 0 | EK10: 0 | EL10: 0 | EM10: =SUMIFS('Исходные данные'!$I$2:$I$964,'Исходные данные'!$D$2:$D$964,EM$1,'Исходные данные'!$F$2:$F$964,$A10) -> 0 | EN10: =SUMIFS('Исходные данные'!$J$2:$J$964,'Исходные данные'!$D$2:$D$964,EM$1,'Исходные данные'!$F$2:$F$964,$A10) -> 0 | EO10: 0 | EP10: 0 | EQ10: =SUMIFS('Исходные данные'!$I$2:$I$964,'Исходные данные'!$D$2:$D$964,EQ$1,'Исходные данные'!$F$2:$F$964,$A10) -> 0 | ER10: =SUMIFS('Исходные данные'!$J$2:$J$964,'Исходные данные'!$D$2:$D$964,EQ$1,'Исходные данные'!$F$2:$F$964,$A10) -> 0 | ES10: 0 | ET10: 0 | EU10: =SUMIFS('Исходные данные'!$I$2:$I$964,'Исходные данные'!$D$2:$D$964,EU$1,'Исходные данные'!$F$2:$F$964,$A10) -> 0 | EV10: =SUMIFS('Исходные данные'!$J$2:$J$964,'Исходные данные'!$D$2:$D$964,EU$1,'Исходные данные'!$F$2:$F$964,$A10) -> 0 | EW10: 0 | EX10: 0 | EY10: =SUMIFS('Исходные данные'!$I$2:$I$964,'Исходные данные'!$D$2:$D$964,EY$1,'Исходные данные'!$F$2:$F$964,$A10) -> 0 | EZ10: =SUMIFS('Исходные данные'!$J$2:$J$964,'Исходные данные'!$D$2:$D$964,EY$1,'Исходные данные'!$F$2:$F$964,$A10) -> 0 | FA10: 0 | FB10: 0 | FC10: =SUMIFS('Исходные данные'!$I$2:$I$964,'Исходные данные'!$D$2:$D$964,FC$1,'Исходные данные'!$F$2:$F$964,$A10) -> 0 | FD10: =SUMIFS('Исходные данные'!$J$2:$J$964,'Исходные данные'!$D$2:$D$964,FC$1,'Исходные данные'!$F$2:$F$964,$A10) -> 0 | FE10: 0 | FF10: 0 | FG10: =SUMIFS('Исходные данные'!$I$2:$I$964,'Исходные данные'!$D$2:$D$964,FG$1,'Исходные данные'!$F$2:$F$964,$A10) -> 0 | FH10: =SUMIFS('Исходные данные'!$J$2:$J$964,'Исходные данные'!$D$2:$D$964,FG$1,'Исходные данные'!$F$2:$F$964,$A10) -> 0
A11: 50 | B11: Бульдозер | C11: 4 | D11: =I11+J11+M11+N11+Q11+R11+U11+V11+Y11+Z11+AC11+AD11+AG11+AH11+AK11+AL11+AO11+AP11+AS11+AT11+AW11+AX11+BA11+BB11+BE11+BF11+BI11+BJ11+BM11+BN11+BQ11+BR11+BU11+BV11+BY11+BZ11+CC11+CD11+CG11+CH11+CK11+CL11+CO11+CP11+CS11+CT11+CW11+CX11+DA11+DB11+DE11+DF11+DI11+DJ11+DM11+DN11+DQ11+DR11+DU11+DV11+DY11+DZ11+EC11+ED11+EG11+EH11+EK11+EL11+EO11+EP11+ES11+ET11+EW11+EX11+FA11+FB11+FE11+FF11 -> 4 | E11: =G11+H11 -> 2 | F11: =E11-C11 -> -2 | G11: =K11+O11+S11+W11+AA11+AE11+AI11+AM11+AQ11+AU11+AY11+BC11+BG11+BK11+BO11+BS11+BW11+CA11+CE11+CI11+CM11+CQ11+CU11+CY11+DC11+DG11+DK11+DO11+DS11+DW11+EA11+EE11+EI11+EM11+EQ11+EU11+EY11+FC11+FG11 -> 2 | H11: =L11+P11+T11+X11+AB11+AF11+AJ11+AN11+AR11+AV11+AZ11+BD11+BH11+BL11+BP11+BT11+BX11+CB11+CF11+CJ11+CN11+CR11+CV11+CZ11+DD11+DH11+DL11+DP11+DT11+DX11+EB11+EF11+EJ11+EN11+ER11+EV11+EZ11+FD11+FH11 -> 0 | I11: 1 | J11: 0 | K11: =SUMIFS('Исходные данные'!$I$2:$I$964,'Исходные данные'!$D$2:$D$964,K$1,'Исходные данные'!$F$2:$F$964,$A11) -> 0 | L11: =SUMIFS('Исходные данные'!$J$2:$J$964,'Исходные данные'!$D$2:$D$964,K$1,'Исходные данные'!$F$2:$F$964,$A11) -> 0 | M11: 0 | N11: 0 | O11: =SUMIFS('Исходные данные'!$I$2:$I$964,'Исходные данные'!$D$2:$D$964,O$1,'Исходные данные'!$F$2:$F$964,$A11) -> 0 | P11: =SUMIFS('Исходные данные'!$J$2:$J$964,'Исходные данные'!$D$2:$D$964,O$1,'Исходные данные'!$F$2:$F$964,$A11) -> 0 | Q11: 1 | R11: 0 | S11: =SUMIFS('Исходные данные'!$I$2:$I$964,'Исходные данные'!$D$2:$D$964,S$1,'Исходные данные'!$F$2:$F$964,$A11) -> 0 | T11: =SUMIFS('Исходные данные'!$J$2:$J$964,'Исходные данные'!$D$2:$D$964,S$1,'Исходные данные'!$F$2:$F$964,$A11) -> 0 | U11: 0 | V11: 0 | W11: =SUMIFS('Исходные данные'!$I$2:$I$964,'Исходные данные'!$D$2:$D$964,W$1,'Исходные данные'!$F$2:$F$964,$A11) -> 0 | X11: =SUMIFS('Исходные данные'!$J$2:$J$964,'Исходные данные'!$D$2:$D$964,W$1,'Исходные данные'!$F$2:$F$964,$A11) -> 0 | Y11: 0 | Z11: 0 | AA11: =SUMIFS('Исходные данные'!$I$2:$I$964,'Исходные данные'!$D$2:$D$964,AA$1,'Исходные данные'!$F$2:$F$964,$A11) -> 0 | AB11: =SUMIFS('Исходные данные'!$J$2:$J$964,'Исходные данные'!$D$2:$D$964,AA$1,'Исходные данные'!$F$2:$F$964,$A11) -> 0 | AC11: 0 | AD11: 0 | AE11: =SUMIFS('Исходные данные'!$I$2:$I$964,'Исходные данные'!$D$2:$D$964,AE$1,'Исходные данные'!$F$2:$F$964,$A11) -> 0 | AF11: =SUMIFS('Исходные данные'!$J$2:$J$964,'Исходные данные'!$D$2:$D$964,AE$1,'Исходные данные'!$F$2:$F$964,$A11) -> 0 | AG11: 2 | AH11: 0 | AI11: =SUMIFS('Исходные данные'!$I$2:$I$964,'Исходные данные'!$D$2:$D$964,AI$1,'Исходные данные'!$F$2:$F$964,$A11) -> 2 | AJ11: =SUMIFS('Исходные данные'!$J$2:$J$964,'Исходные данные'!$D$2:$D$964,AI$1,'Исходные данные'!$F$2:$F$964,$A11) -> 0 | AK11: 0 | AL11: 0 | AM11: =SUMIFS('Исходные данные'!$I$2:$I$964,'Исходные данные'!$D$2:$D$964,AM$1,'Исходные данные'!$F$2:$F$964,$A11) -> 0 | AN11: =SUMIFS('Исходные данные'!$J$2:$J$964,'Исходные данные'!$D$2:$D$964,AM$1,'Исходные данные'!$F$2:$F$964,$A11) -> 0 | AO11: 0 | AP11: 0 | AQ11: =SUMIFS('Исходные данные'!$I$2:$I$964,'Исходные данные'!$D$2:$D$964,AQ$1,'Исходные данные'!$F$2:$F$964,$A11) -> 0 | AR11: =SUMIFS('Исходные данные'!$J$2:$J$964,'Исходные данные'!$D$2:$D$964,AQ$1,'Исходные данные'!$F$2:$F$964,$A11) -> 0 | AS11: 0 | AT11: 0 | AU11: =SUMIFS('Исходные данные'!$I$2:$I$964,'Исходные данные'!$D$2:$D$964,AU$1,'Исходные данные'!$F$2:$F$964,$A11) -> 0 | AV11: =SUMIFS('Исходные данные'!$J$2:$J$964,'Исходные данные'!$D$2:$D$964,AU$1,'Исходные данные'!$F$2:$F$964,$A11) -> 0 | AW11: 0 | AX11: 0 | AY11: =SUMIFS('Исходные данные'!$I$2:$I$964,'Исходные данные'!$D$2:$D$964,AY$1,'Исходные данные'!$F$2:$F$964,$A11) -> 0 | AZ11: =SUMIFS('Исходные данные'!$J$2:$J$964,'Исходные данные'!$D$2:$D$964,AY$1,'Исходные данные'!$F$2:$F$964,$A11) -> 0 | BA11: 0 | BB11: 0 | BC11: =SUMIFS('Исходные данные'!$I$2:$I$964,'Исходные данные'!$D$2:$D$964,BC$1,'Исходные данные'!$F$2:$F$964,$A11) -> 0 | BD11: =SUMIFS('Исходные данные'!$J$2:$J$964,'Исходные данные'!$D$2:$D$964,BC$1,'Исходные данные'!$F$2:$F$964,$A11) -> 0 | BE11: 0 | BF11: 0 | BG11: =SUMIFS('Исходные данные'!$I$2:$I$964,'Исходные данные'!$D$2:$D$964,BG$1,'Исходные данные'!$F$2:$F$964,$A11) -> 0 | BH11: =SUMIFS('Исходные данные'!$J$2:$J$964,'Исходные данные'!$D$2:$D$964,BG$1,'Исходные данные'!$F$2:$F$964,$A11) -> 0 | BI11: 0 | BJ11: 0 | BK11: =SUMIFS('Исходные данные'!$I$2:$I$964,'Исходные данные'!$D$2:$D$964,BK$1,'Исходные данные'!$F$2:$F$964,$A11) -> 0 | BL11: =SUMIFS('Исходные данные'!$J$2:$J$964,'Исходные данные'!$D$2:$D$964,BK$1,'Исходные данные'!$F$2:$F$964,$A11) -> 0 | BM11: 0 | BN11: 0 | BO11: =SUMIFS('Исходные данные'!$I$2:$I$964,'Исходные данные'!$D$2:$D$964,BO$1,'Исходные данные'!$F$2:$F$964,$A11) -> 0 | BP11: =SUMIFS('Исходные данные'!$J$2:$J$964,'Исходные данные'!$D$2:$D$964,BO$1,'Исходные данные'!$F$2:$F$964,$A11) -> 0 | BQ11: 0 | BR11: 0 | BS11: =SUMIFS('Исходные данные'!$I$2:$I$964,'Исходные данные'!$D$2:$D$964,BS$1,'Исходные данные'!$F$2:$F$964,$A11) -> 0 | BT11: =SUMIFS('Исходные данные'!$J$2:$J$964,'Исходные данные'!$D$2:$D$964,BS$1,'Исходные данные'!$F$2:$F$964,$A11) -> 0 | BU11: 0 | BV11: 0 | BW11: =SUMIFS('Исходные данные'!$I$2:$I$964,'Исходные данные'!$D$2:$D$964,BW$1,'Исходные данные'!$F$2:$F$964,$A11) -> 0 | BX11: =SUMIFS('Исходные данные'!$J$2:$J$964,'Исходные данные'!$D$2:$D$964,BW$1,'Исходные данные'!$F$2:$F$964,$A11) -> 0 | BY11: 0 | BZ11: 0 | CA11: =SUMIFS('Исходные данные'!$I$2:$I$964,'Исходные данные'!$D$2:$D$964,CA$1,'Исходные данные'!$F$2:$F$964,$A11) -> 0 | CB11: =SUMIFS('Исходные данные'!$J$2:$J$964,'Исходные данные'!$D$2:$D$964,CA$1,'Исходные данные'!$F$2:$F$964,$A11) -> 0 | CC11: 0 | CD11: 0 | CE11: =SUMIFS('Исходные данные'!$I$2:$I$964,'Исходные данные'!$D$2:$D$964,CE$1,'Исходные данные'!$F$2:$F$964,$A11) -> 0 | CF11: =SUMIFS('Исходные данные'!$J$2:$J$964,'Исходные данные'!$D$2:$D$964,CE$1,'Исходные данные'!$F$2:$F$964,$A11) -> 0 | CG11: 0 | CH11: 0 | CI11: =SUMIFS('Исходные данные'!$I$2:$I$964,'Исходные данные'!$D$2:$D$964,CI$1,'Исходные данные'!$F$2:$F$964,$A11) -> 0 | CJ11: =SUMIFS('Исходные данные'!$J$2:$J$964,'Исходные данные'!$D$2:$D$964,CI$1,'Исходные данные'!$F$2:$F$964,$A11) -> 0 | CK11: 0 | CL11: 0 | CM11: =SUMIFS('Исходные данные'!$I$2:$I$964,'Исходные данные'!$D$2:$D$964,CM$1,'Исходные данные'!$F$2:$F$964,$A11) -> 0 | CN11: =SUMIFS('Исходные данные'!$J$2:$J$964,'Исходные данные'!$D$2:$D$964,CM$1,'Исходные данные'!$F$2:$F$964,$A11) -> 0 | CO11: 0 | CP11: 0 | CQ11: =SUMIFS('Исходные данные'!$I$2:$I$964,'Исходные данные'!$D$2:$D$964,CQ$1,'Исходные данные'!$F$2:$F$964,$A11) -> 0 | CR11: =SUMIFS('Исходные данные'!$J$2:$J$964,'Исходные данные'!$D$2:$D$964,CQ$1,'Исходные данные'!$F$2:$F$964,$A11) -> 0 | CS11: 0 | CT11: 0 | CU11: =SUMIFS('Исходные данные'!$I$2:$I$964,'Исходные данные'!$D$2:$D$964,CU$1,'Исходные данные'!$F$2:$F$964,$A11) -> 0 | CV11: =SUMIFS('Исходные данные'!$J$2:$J$964,'Исходные данные'!$D$2:$D$964,CU$1,'Исходные данные'!$F$2:$F$964,$A11) -> 0 | CW11: 0 | CX11: 0 | CY11: =SUMIFS('Исходные данные'!$I$2:$I$964,'Исходные данные'!$D$2:$D$964,CY$1,'Исходные данные'!$F$2:$F$964,$A11) -> 0 | CZ11: =SUMIFS('Исходные данные'!$J$2:$J$964,'Исходные данные'!$D$2:$D$964,CY$1,'Исходные данные'!$F$2:$F$964,$A11) -> 0 | DA11: 0 | DB11: 0 | DC11: =SUMIFS('Исходные данные'!$I$2:$I$964,'Исходные данные'!$D$2:$D$964,DC$1,'Исходные данные'!$F$2:$F$964,$A11) -> 0 | DD11: =SUMIFS('Исходные данные'!$J$2:$J$964,'Исходные данные'!$D$2:$D$964,DC$1,'Исходные данные'!$F$2:$F$964,$A11) -> 0 | DE11: 0 | DF11: 0 | DG11: =SUMIFS('Исходные данные'!$I$2:$I$964,'Исходные данные'!$D$2:$D$964,DG$1,'Исходные данные'!$F$2:$F$964,$A11) -> 0 | DH11: =SUMIFS('Исходные данные'!$J$2:$J$964,'Исходные данные'!$D$2:$D$964,DG$1,'Исходные данные'!$F$2:$F$964,$A11) -> 0 | DI11: 0 | DJ11: 0 | DK11: =SUMIFS('Исходные данные'!$I$2:$I$964,'Исходные данные'!$D$2:$D$964,DK$1,'Исходные данные'!$F$2:$F$964,$A11) -> 0 | DL11: =SUMIFS('Исходные данные'!$J$2:$J$964,'Исходные данные'!$D$2:$D$964,DK$1,'Исходные данные'!$F$2:$F$964,$A11) -> 0 | DM11: 0 | DN11: 0 | DO11: =SUMIFS('Исходные данные'!$I$2:$I$964,'Исходные данные'!$D$2:$D$964,DO$1,'Исходные данные'!$F$2:$F$964,$A11) -> 0 | DP11: =SUMIFS('Исходные данные'!$J$2:$J$964,'Исходные данные'!$D$2:$D$964,DO$1,'Исходные данные'!$F$2:$F$964,$A11) -> 0 | DQ11: 0 | DR11: 0 | DS11: =SUMIFS('Исходные данные'!$I$2:$I$964,'Исходные данные'!$D$2:$D$964,DS$1,'Исходные данные'!$F$2:$F$964,$A11) -> 0 | DT11: =SUMIFS('Исходные данные'!$J$2:$J$964,'Исходные данные'!$D$2:$D$964,DS$1,'Исходные данные'!$F$2:$F$964,$A11) -> 0 | DU11: 0 | DV11: 0 | DW11: =SUMIFS('Исходные данные'!$I$2:$I$964,'Исходные данные'!$D$2:$D$964,DW$1,'Исходные данные'!$F$2:$F$964,$A11) -> 0 | DX11: =SUMIFS('Исходные данные'!$J$2:$J$964,'Исходные данные'!$D$2:$D$964,DW$1,'Исходные данные'!$F$2:$F$964,$A11) -> 0 | DY11: 0 | DZ11: 0 | EA11: =SUMIFS('Исходные данные'!$I$2:$I$964,'Исходные данные'!$D$2:$D$964,EA$1,'Исходные данные'!$F$2:$F$964,$A11) -> 0 | EB11: =SUMIFS('Исходные данные'!$J$2:$J$964,'Исходные данные'!$D$2:$D$964,EA$1,'Исходные данные'!$F$2:$F$964,$A11) -> 0 | EC11: 0 | ED11: 0 | EE11: =SUMIFS('Исходные данные'!$I$2:$I$964,'Исходные данные'!$D$2:$D$964,EE$1,'Исходные данные'!$F$2:$F$964,$A11) -> 0 | EF11: =SUMIFS('Исходные данные'!$J$2:$J$964,'Исходные данные'!$D$2:$D$964,EE$1,'Исходные данные'!$F$2:$F$964,$A11) -> 0 | EG11: 0 | EH11: 0 | EI11: =SUMIFS('Исходные данные'!$I$2:$I$964,'Исходные данные'!$D$2:$D$964,EI$1,'Исходные данные'!$F$2:$F$964,$A11) -> 0 | EJ11: =SUMIFS('Исходные данные'!$J$2:$J$964,'Исходные данные'!$D$2:$D$964,EI$1,'Исходные данные'!$F$2:$F$964,$A11) -> 0 | EK11: 0 | EL11: 0 | EM11: =SUMIFS('Исходные данные'!$I$2:$I$964,'Исходные данные'!$D$2:$D$964,EM$1,'Исходные данные'!$F$2:$F$964,$A11) -> 0 | EN11: =SUMIFS('Исходные данные'!$J$2:$J$964,'Исходные данные'!$D$2:$D$964,EM$1,'Исходные данные'!$F$2:$F$964,$A11) -> 0 | EO11: 0 | EP11: 0 | EQ11: =SUMIFS('Исходные данные'!$I$2:$I$964,'Исходные данные'!$D$2:$D$964,EQ$1,'Исходные данные'!$F$2:$F$964,$A11) -> 0 | ER11: =SUMIFS('Исходные данные'!$J$2:$J$964,'Исходные данные'!$D$2:$D$964,EQ$1,'Исходные данные'!$F$2:$F$964,$A11) -> 0 | ES11: 0 | ET11: 0 | EU11: =SUMIFS('Исходные данные'!$I$2:$I$964,'Исходные данные'!$D$2:$D$964,EU$1,'Исходные данные'!$F$2:$F$964,$A11) -> 0 | EV11: =SUMIFS('Исходные данные'!$J$2:$J$964,'Исходные данные'!$D$2:$D$964,EU$1,'Исходные данные'!$F$2:$F$964,$A11) -> 0 | EW11: 0 | EX11: 0 | EY11: =SUMIFS('Исходные данные'!$I$2:$I$964,'Исходные данные'!$D$2:$D$964,EY$1,'Исходные данные'!$F$2:$F$964,$A11) -> 0 | EZ11: =SUMIFS('Исходные данные'!$J$2:$J$964,'Исходные данные'!$D$2:$D$964,EY$1,'Исходные данные'!$F$2:$F$964,$A11) -> 0 | FA11: 0 | FB11: 0 | FC11: =SUMIFS('Исходные данные'!$I$2:$I$964,'Исходные данные'!$D$2:$D$964,FC$1,'Исходные данные'!$F$2:$F$964,$A11) -> 0 | FD11: =SUMIFS('Исходные данные'!$J$2:$J$964,'Исходные данные'!$D$2:$D$964,FC$1,'Исходные данные'!$F$2:$F$964,$A11) -> 0 | FE11: 0 | FF11: 0 | FG11: =SUMIFS('Исходные данные'!$I$2:$I$964,'Исходные данные'!$D$2:$D$964,FG$1,'Исходные данные'!$F$2:$F$964,$A11) -> 0 | FH11: =SUMIFS('Исходные данные'!$J$2:$J$964,'Исходные данные'!$D$2:$D$964,FG$1,'Исходные данные'!$F$2:$F$964,$A11) -> 0
A12: 23 | B12: Седельный тягач с лебедкой | C12: 3 | D12: =I12+J12+M12+N12+Q12+R12+U12+V12+Y12+Z12+AC12+AD12+AG12+AH12+AK12+AL12+AO12+AP12+AS12+AT12+AW12+AX12+BA12+BB12+BE12+BF12+BI12+BJ12+BM12+BN12+BQ12+BR12+BU12+BV12+BY12+BZ12+CC12+CD12+CG12+CH12+CK12+CL12+CO12+CP12+CS12+CT12+CW12+CX12+DA12+DB12+DE12+DF12+DI12+DJ12+DM12+DN12+DQ12+DR12+DU12+DV12+DY12+DZ12+EC12+ED12+EG12+EH12+EK12+EL12+EO12+EP12+ES12+ET12+EW12+EX12+FA12+FB12+FE12+FF12 -> 3 | E12: =G12+H12 -> 3 | F12: =E12-C12 -> 0 | G12: =K12+O12+S12+W12+AA12+AE12+AI12+AM12+AQ12+AU12+AY12+BC12+BG12+BK12+BO12+BS12+BW12+CA12+CE12+CI12+CM12+CQ12+CU12+CY12+DC12+DG12+DK12+DO12+DS12+DW12+EA12+EE12+EI12+EM12+EQ12+EU12+EY12+FC12+FG12 -> 3 | H12: =L12+P12+T12+X12+AB12+AF12+AJ12+AN12+AR12+AV12+AZ12+BD12+BH12+BL12+BP12+BT12+BX12+CB12+CF12+CJ12+CN12+CR12+CV12+CZ12+DD12+DH12+DL12+DP12+DT12+DX12+EB12+EF12+EJ12+EN12+ER12+EV12+EZ12+FD12+FH12 -> 0 | I12: 0 | J12: 0 | K12: =SUMIFS('Исходные данные'!$I$2:$I$964,'Исходные данные'!$D$2:$D$964,K$1,'Исходные данные'!$F$2:$F$964,$A12) -> 1 | L12: =SUMIFS('Исходные данные'!$J$2:$J$964,'Исходные данные'!$D$2:$D$964,K$1,'Исходные данные'!$F$2:$F$964,$A12) -> 0 | M12: 0 | N12: 0 | O12: =SUMIFS('Исходные данные'!$I$2:$I$964,'Исходные данные'!$D$2:$D$964,O$1,'Исходные данные'!$F$2:$F$964,$A12) -> 0 | P12: =SUMIFS('Исходные данные'!$J$2:$J$964,'Исходные данные'!$D$2:$D$964,O$1,'Исходные данные'!$F$2:$F$964,$A12) -> 0 | Q12: 0 | R12: 0 | S12: =SUMIFS('Исходные данные'!$I$2:$I$964,'Исходные данные'!$D$2:$D$964,S$1,'Исходные данные'!$F$2:$F$964,$A12) -> 0 | T12: =SUMIFS('Исходные данные'!$J$2:$J$964,'Исходные данные'!$D$2:$D$964,S$1,'Исходные данные'!$F$2:$F$964,$A12) -> 0 | U12: 0 | V12: 0 | W12: =SUMIFS('Исходные данные'!$I$2:$I$964,'Исходные данные'!$D$2:$D$964,W$1,'Исходные данные'!$F$2:$F$964,$A12) -> 1 | X12: =SUMIFS('Исходные данные'!$J$2:$J$964,'Исходные данные'!$D$2:$D$964,W$1,'Исходные данные'!$F$2:$F$964,$A12) -> 0 | Y12: 0 | Z12: 0 | AA12: =SUMIFS('Исходные данные'!$I$2:$I$964,'Исходные данные'!$D$2:$D$964,AA$1,'Исходные данные'!$F$2:$F$964,$A12) -> 0 | AB12: =SUMIFS('Исходные данные'!$J$2:$J$964,'Исходные данные'!$D$2:$D$964,AA$1,'Исходные данные'!$F$2:$F$964,$A12) -> 0 | AC12: 0 | AD12: 0 | AE12: =SUMIFS('Исходные данные'!$I$2:$I$964,'Исходные данные'!$D$2:$D$964,AE$1,'Исходные данные'!$F$2:$F$964,$A12) -> 0 | AF12: =SUMIFS('Исходные данные'!$J$2:$J$964,'Исходные данные'!$D$2:$D$964,AE$1,'Исходные данные'!$F$2:$F$964,$A12) -> 0 | AG12: 0 | AH12: 0 | AI12: =SUMIFS('Исходные данные'!$I$2:$I$964,'Исходные данные'!$D$2:$D$964,AI$1,'Исходные данные'!$F$2:$F$964,$A12) -> 0 | AJ12: =SUMIFS('Исходные данные'!$J$2:$J$964,'Исходные данные'!$D$2:$D$964,AI$1,'Исходные данные'!$F$2:$F$964,$A12) -> 0 | AK12: 0 | AL12: 0 | AM12: =SUMIFS('Исходные данные'!$I$2:$I$964,'Исходные данные'!$D$2:$D$964,AM$1,'Исходные данные'!$F$2:$F$964,$A12) -> 0 | AN12: =SUMIFS('Исходные данные'!$J$2:$J$964,'Исходные данные'!$D$2:$D$964,AM$1,'Исходные данные'!$F$2:$F$964,$A12) -> 0 | AO12: 2 | AP12: 0 | AQ12: =SUMIFS('Исходные данные'!$I$2:$I$964,'Исходные данные'!$D$2:$D$964,AQ$1,'Исходные данные'!$F$2:$F$964,$A12) -> 0 | AR12: =SUMIFS('Исходные данные'!$J$2:$J$964,'Исходные данные'!$D$2:$D$964,AQ$1,'Исходные данные'!$F$2:$F$964,$A12) -> 0 | AS12: 0 | AT12: 0 | AU12: =SUMIFS('Исходные данные'!$I$2:$I$964,'Исходные данные'!$D$2:$D$964,AU$1,'Исходные данные'!$F$2:$F$964,$A12) -> 0 | AV12: =SUMIFS('Исходные данные'!$J$2:$J$964,'Исходные данные'!$D$2:$D$964,AU$1,'Исходные данные'!$F$2:$F$964,$A12) -> 0 | AW12: 0 | AX12: 0 | AY12: =SUMIFS('Исходные данные'!$I$2:$I$964,'Исходные данные'!$D$2:$D$964,AY$1,'Исходные данные'!$F$2:$F$964,$A12) -> 0 | AZ12: =SUMIFS('Исходные данные'!$J$2:$J$964,'Исходные данные'!$D$2:$D$964,AY$1,'Исходные данные'!$F$2:$F$964,$A12) -> 0 | BA12: 0 | BB12: 0 | BC12: =SUMIFS('Исходные данные'!$I$2:$I$964,'Исходные данные'!$D$2:$D$964,BC$1,'Исходные данные'!$F$2:$F$964,$A12) -> 0 | BD12: =SUMIFS('Исходные данные'!$J$2:$J$964,'Исходные данные'!$D$2:$D$964,BC$1,'Исходные данные'!$F$2:$F$964,$A12) -> 0 | BE12: 0 | BF12: 0 | BG12: =SUMIFS('Исходные данные'!$I$2:$I$964,'Исходные данные'!$D$2:$D$964,BG$1,'Исходные данные'!$F$2:$F$964,$A12) -> 1 | BH12: =SUMIFS('Исходные данные'!$J$2:$J$964,'Исходные данные'!$D$2:$D$964,BG$1,'Исходные данные'!$F$2:$F$964,$A12) -> 0 | BI12: 0 | BJ12: 0 | BK12: =SUMIFS('Исходные данные'!$I$2:$I$964,'Исходные данные'!$D$2:$D$964,BK$1,'Исходные данные'!$F$2:$F$964,$A12) -> 0 | BL12: =SUMIFS('Исходные данные'!$J$2:$J$964,'Исходные данные'!$D$2:$D$964,BK$1,'Исходные данные'!$F$2:$F$964,$A12) -> 0 | BM12: 0 | BN12: 0 | BO12: =SUMIFS('Исходные данные'!$I$2:$I$964,'Исходные данные'!$D$2:$D$964,BO$1,'Исходные данные'!$F$2:$F$964,$A12) -> 0 | BP12: =SUMIFS('Исходные данные'!$J$2:$J$964,'Исходные данные'!$D$2:$D$964,BO$1,'Исходные данные'!$F$2:$F$964,$A12) -> 0 | BQ12: 1 | BR12: 0 | BS12: =SUMIFS('Исходные данные'!$I$2:$I$964,'Исходные данные'!$D$2:$D$964,BS$1,'Исходные данные'!$F$2:$F$964,$A12) -> 0 | BT12: =SUMIFS('Исходные данные'!$J$2:$J$964,'Исходные данные'!$D$2:$D$964,BS$1,'Исходные данные'!$F$2:$F$964,$A12) -> 0 | BU12: 0 | BV12: 0 | BW12: =SUMIFS('Исходные данные'!$I$2:$I$964,'Исходные данные'!$D$2:$D$964,BW$1,'Исходные данные'!$F$2:$F$964,$A12) -> 0 | BX12: =SUMIFS('Исходные данные'!$J$2:$J$964,'Исходные данные'!$D$2:$D$964,BW$1,'Исходные данные'!$F$2:$F$964,$A12) -> 0 | BY12: 0 | BZ12: 0 | CA12: =SUMIFS('Исходные данные'!$I$2:$I$964,'Исходные данные'!$D$2:$D$964,CA$1,'Исходные данные'!$F$2:$F$964,$A12) -> 0 | CB12: =SUMIFS('Исходные данные'!$J$2:$J$964,'Исходные данные'!$D$2:$D$964,CA$1,'Исходные данные'!$F$2:$F$964,$A12) -> 0 | CC12: 0 | CD12: 0 | CE12: =SUMIFS('Исходные данные'!$I$2:$I$964,'Исходные данные'!$D$2:$D$964,CE$1,'Исходные данные'!$F$2:$F$964,$A12) -> 0 | CF12: =SUMIFS('Исходные данные'!$J$2:$J$964,'Исходные данные'!$D$2:$D$964,CE$1,'Исходные данные'!$F$2:$F$964,$A12) -> 0 | CG12: 0 | CH12: 0 | CI12: =SUMIFS('Исходные данные'!$I$2:$I$964,'Исходные данные'!$D$2:$D$964,CI$1,'Исходные данные'!$F$2:$F$964,$A12) -> 0 | CJ12: =SUMIFS('Исходные данные'!$J$2:$J$964,'Исходные данные'!$D$2:$D$964,CI$1,'Исходные данные'!$F$2:$F$964,$A12) -> 0 | CK12: 0 | CL12: 0 | CM12: =SUMIFS('Исходные данные'!$I$2:$I$964,'Исходные данные'!$D$2:$D$964,CM$1,'Исходные данные'!$F$2:$F$964,$A12) -> 0 | CN12: =SUMIFS('Исходные данные'!$J$2:$J$964,'Исходные данные'!$D$2:$D$964,CM$1,'Исходные данные'!$F$2:$F$964,$A12) -> 0 | CO12: 0 | CP12: 0 | CQ12: =SUMIFS('Исходные данные'!$I$2:$I$964,'Исходные данные'!$D$2:$D$964,CQ$1,'Исходные данные'!$F$2:$F$964,$A12) -> 0 | CR12: =SUMIFS('Исходные данные'!$J$2:$J$964,'Исходные данные'!$D$2:$D$964,CQ$1,'Исходные данные'!$F$2:$F$964,$A12) -> 0 | CS12: 0 | CT12: 0 | CU12: =SUMIFS('Исходные данные'!$I$2:$I$964,'Исходные данные'!$D$2:$D$964,CU$1,'Исходные данные'!$F$2:$F$964,$A12) -> 0 | CV12: =SUMIFS('Исходные данные'!$J$2:$J$964,'Исходные данные'!$D$2:$D$964,CU$1,'Исходные данные'!$F$2:$F$964,$A12) -> 0 | CW12: 0 | CX12: 0 | CY12: =SUMIFS('Исходные данные'!$I$2:$I$964,'Исходные данные'!$D$2:$D$964,CY$1,'Исходные данные'!$F$2:$F$964,$A12) -> 0 | CZ12: =SUMIFS('Исходные данные'!$J$2:$J$964,'Исходные данные'!$D$2:$D$964,CY$1,'Исходные данные'!$F$2:$F$964,$A12) -> 0 | DA12: 0 | DB12: 0 | DC12: =SUMIFS('Исходные данные'!$I$2:$I$964,'Исходные данные'!$D$2:$D$964,DC$1,'Исходные данные'!$F$2:$F$964,$A12) -> 0 | DD12: =SUMIFS('Исходные данные'!$J$2:$J$964,'Исходные данные'!$D$2:$D$964,DC$1,'Исходные данные'!$F$2:$F$964,$A12) -> 0 | DE12: 0 | DF12: 0 | DG12: =SUMIFS('Исходные данные'!$I$2:$I$964,'Исходные данные'!$D$2:$D$964,DG$1,'Исходные данные'!$F$2:$F$964,$A12) -> 0 | DH12: =SUMIFS('Исходные данные'!$J$2:$J$964,'Исходные данные'!$D$2:$D$964,DG$1,'Исходные данные'!$F$2:$F$964,$A12) -> 0 | DI12: 0 | DJ12: 0 | DK12: =SUMIFS('Исходные данные'!$I$2:$I$964,'Исходные данные'!$D$2:$D$964,DK$1,'Исходные данные'!$F$2:$F$964,$A12) -> 0 | DL12: =SUMIFS('Исходные данные'!$J$2:$J$964,'Исходные данные'!$D$2:$D$964,DK$1,'Исходные данные'!$F$2:$F$964,$A12) -> 0 | DM12: 0 | DN12: 0 | DO12: =SUMIFS('Исходные данные'!$I$2:$I$964,'Исходные данные'!$D$2:$D$964,DO$1,'Исходные данные'!$F$2:$F$964,$A12) -> 0 | DP12: =SUMIFS('Исходные данные'!$J$2:$J$964,'Исходные данные'!$D$2:$D$964,DO$1,'Исходные данные'!$F$2:$F$964,$A12) -> 0 | DQ12: 0 | DR12: 0 | DS12: =SUMIFS('Исходные данные'!$I$2:$I$964,'Исходные данные'!$D$2:$D$964,DS$1,'Исходные данные'!$F$2:$F$964,$A12) -> 0 | DT12: =SUMIFS('Исходные данные'!$J$2:$J$964,'Исходные данные'!$D$2:$D$964,DS$1,'Исходные данные'!$F$2:$F$964,$A12) -> 0 | DU12: 0 | DV12: 0 | DW12: =SUMIFS('Исходные данные'!$I$2:$I$964,'Исходные данные'!$D$2:$D$964,DW$1,'Исходные данные'!$F$2:$F$964,$A12) -> 0 | DX12: =SUMIFS('Исходные данные'!$J$2:$J$964,'Исходные данные'!$D$2:$D$964,DW$1,'Исходные данные'!$F$2:$F$964,$A12) -> 0 | DY12: 0 | DZ12: 0 | EA12: =SUMIFS('Исходные данные'!$I$2:$I$964,'Исходные данные'!$D$2:$D$964,EA$1,'Исходные данные'!$F$2:$F$964,$A12) -> 0 | EB12: =SUMIFS('Исходные данные'!$J$2:$J$964,'Исходные данные'!$D$2:$D$964,EA$1,'Исходные данные'!$F$2:$F$964,$A12) -> 0 | EC12: 0 | ED12: 0 | EE12: =SUMIFS('Исходные данные'!$I$2:$I$964,'Исходные данные'!$D$2:$D$964,EE$1,'Исходные данные'!$F$2:$F$964,$A12) -> 0 | EF12: =SUMIFS('Исходные данные'!$J$2:$J$964,'Исходные данные'!$D$2:$D$964,EE$1,'Исходные данные'!$F$2:$F$964,$A12) -> 0 | EG12: 0 | EH12: 0 | EI12: =SUMIFS('Исходные данные'!$I$2:$I$964,'Исходные данные'!$D$2:$D$964,EI$1,'Исходные данные'!$F$2:$F$964,$A12) -> 0 | EJ12: =SUMIFS('Исходные данные'!$J$2:$J$964,'Исходные данные'!$D$2:$D$964,EI$1,'Исходные данные'!$F$2:$F$964,$A12) -> 0 | EK12: 0 | EL12: 0 | EM12: =SUMIFS('Исходные данные'!$I$2:$I$964,'Исходные данные'!$D$2:$D$964,EM$1,'Исходные данные'!$F$2:$F$964,$A12) -> 0 | EN12: =SUMIFS('Исходные данные'!$J$2:$J$964,'Исходные данные'!$D$2:$D$964,EM$1,'Исходные данные'!$F$2:$F$964,$A12) -> 0 | EO12: 0 | EP12: 0 | EQ12: =SUMIFS('Исходные данные'!$I$2:$I$964,'Исходные данные'!$D$2:$D$964,EQ$1,'Исходные данные'!$F$2:$F$964,$A12) -> 0 | ER12: =SUMIFS('Исходные данные'!$J$2:$J$964,'Исходные данные'!$D$2:$D$964,EQ$1,'Исходные данные'!$F$2:$F$964,$A12) -> 0 | ES12: 0 | ET12: 0 | EU12: =SUMIFS('Исходные данные'!$I$2:$I$964,'Исходные данные'!$D$2:$D$964,EU$1,'Исходные данные'!$F$2:$F$964,$A12) -> 0 | EV12: =SUMIFS('Исходные данные'!$J$2:$J$964,'Исходные данные'!$D$2:$D$964,EU$1,'Исходные данные'!$F$2:$F$964,$A12) -> 0 | EW12: 0 | EX12: 0 | EY12: =SUMIFS('Исходные данные'!$I$2:$I$964,'Исходные данные'!$D$2:$D$964,EY$1,'Исходные данные'!$F$2:$F$964,$A12) -> 0 | EZ12: =SUMIFS('Исходные данные'!$J$2:$J$964,'Исходные данные'!$D$2:$D$964,EY$1,'Исходные данные'!$F$2:$F$964,$A12) -> 0 | FA12: 0 | FB12: 0 | FC12: =SUMIFS('Исходные данные'!$I$2:$I$964,'Исходные данные'!$D$2:$D$964,FC$1,'Исходные данные'!$F$2:$F$964,$A12) -> 0 | FD12: =SUMIFS('Исходные данные'!$J$2:$J$964,'Исходные данные'!$D$2:$D$964,FC$1,'Исходные данные'!$F$2:$F$964,$A12) -> 0 | FE12: 0 | FF12: 0 | FG12: =SUMIFS('Исходные данные'!$I$2:$I$964,'Исходные данные'!$D$2:$D$964,FG$1,'Исходные данные'!$F$2:$F$964,$A12) -> 0 | FH12: =SUMIFS('Исходные данные'!$J$2:$J$964,'Исходные данные'!$D$2:$D$964,FG$1,'Исходные данные'!$F$2:$F$964,$A12) -> 0
A13: 13 | B13: Toyota/Jac пикап | C13: 217 | D13: =I13+J13+M13+N13+Q13+R13+U13+V13+Y13+Z13+AC13+AD13+AG13+AH13+AK13+AL13+AO13+AP13+AS13+AT13+AW13+AX13+BA13+BB13+BE13+BF13+BI13+BJ13+BM13+BN13+BQ13+BR13+BU13+BV13+BY13+BZ13+CC13+CD13+CG13+CH13+CK13+CL13+CO13+CP13+CS13+CT13+CW13+CX13+DA13+DB13+DE13+DF13+DI13+DJ13+DM13+DN13+DQ13+DR13+DU13+DV13+DY13+DZ13+EC13+ED13+EG13+EH13+EK13+EL13+EO13+EP13+ES13+ET13+EW13+EX13+FA13+FB13+FE13+FF13 -> 211 | E13: =G13+H13 -> 211 | F13: =E13-C13 -> -6 | G13: =K13+O13+S13+W13+AA13+AE13+AI13+AM13+AQ13+AU13+AY13+BC13+BG13+BK13+BO13+BS13+BW13+CA13+CE13+CI13+CM13+CQ13+CU13+CY13+DC13+DG13+DK13+DO13+DS13+DW13+EA13+EE13+EI13+EM13+EQ13+EU13+EY13+FC13+FG13 -> 160 | H13: =L13+P13+T13+X13+AB13+AF13+AJ13+AN13+AR13+AV13+AZ13+BD13+BH13+BL13+BP13+BT13+BX13+CB13+CF13+CJ13+CN13+CR13+CV13+CZ13+DD13+DH13+DL13+DP13+DT13+DX13+EB13+EF13+EJ13+EN13+ER13+EV13+EZ13+FD13+FH13 -> 51 | I13: 11 | J13: 6 | K13: =SUMIFS('Исходные данные'!$I$2:$I$964,'Исходные данные'!$D$2:$D$964,K$1,'Исходные данные'!$F$2:$F$964,$A13) -> 11 | L13: =SUMIFS('Исходные данные'!$J$2:$J$964,'Исходные данные'!$D$2:$D$964,K$1,'Исходные данные'!$F$2:$F$964,$A13) -> 6 | M13: 9 | N13: 6 | O13: =SUMIFS('Исходные данные'!$I$2:$I$964,'Исходные данные'!$D$2:$D$964,O$1,'Исходные данные'!$F$2:$F$964,$A13) -> 9 | P13: =SUMIFS('Исходные данные'!$J$2:$J$964,'Исходные данные'!$D$2:$D$964,O$1,'Исходные данные'!$F$2:$F$964,$A13) -> 6 | Q13: 14 | R13: 7 | S13: =SUMIFS('Исходные данные'!$I$2:$I$964,'Исходные данные'!$D$2:$D$964,S$1,'Исходные данные'!$F$2:$F$964,$A13) -> 14 | T13: =SUMIFS('Исходные данные'!$J$2:$J$964,'Исходные данные'!$D$2:$D$964,S$1,'Исходные данные'!$F$2:$F$964,$A13) -> 7 | U13: 1 | V13: 0 | W13: =SUMIFS('Исходные данные'!$I$2:$I$964,'Исходные данные'!$D$2:$D$964,W$1,'Исходные данные'!$F$2:$F$964,$A13) -> 1 | X13: =SUMIFS('Исходные данные'!$J$2:$J$964,'Исходные данные'!$D$2:$D$964,W$1,'Исходные данные'!$F$2:$F$964,$A13) -> 0 | Y13: 12 | Z13: 1 | AA13: =SUMIFS('Исходные данные'!$I$2:$I$964,'Исходные данные'!$D$2:$D$964,AA$1,'Исходные данные'!$F$2:$F$964,$A13) -> 12 | AB13: =SUMIFS('Исходные данные'!$J$2:$J$964,'Исходные данные'!$D$2:$D$964,AA$1,'Исходные данные'!$F$2:$F$964,$A13) -> 1 | AC13: 16 | AD13: 4 | AE13: =SUMIFS('Исходные данные'!$I$2:$I$964,'Исходные данные'!$D$2:$D$964,AE$1,'Исходные данные'!$F$2:$F$964,$A13) -> 16 | AF13: =SUMIFS('Исходные данные'!$J$2:$J$964,'Исходные данные'!$D$2:$D$964,AE$1,'Исходные данные'!$F$2:$F$964,$A13) -> 4 | AG13: 6 | AH13: 0 | AI13: =SUMIFS('Исходные данные'!$I$2:$I$964,'Исходные данные'!$D$2:$D$964,AI$1,'Исходные данные'!$F$2:$F$964,$A13) -> 6 | AJ13: =SUMIFS('Исходные данные'!$J$2:$J$964,'Исходные данные'!$D$2:$D$964,AI$1,'Исходные данные'!$F$2:$F$964,$A13) -> 0 | AK13: 4 | AL13: 0 | AM13: =SUMIFS('Исходные данные'!$I$2:$I$964,'Исходные данные'!$D$2:$D$964,AM$1,'Исходные данные'!$F$2:$F$964,$A13) -> 4 | AN13: =SUMIFS('Исходные данные'!$J$2:$J$964,'Исходные данные'!$D$2:$D$964,AM$1,'Исходные данные'!$F$2:$F$964,$A13) -> 0 | AO13: 3 | AP13: 0 | AQ13: =SUMIFS('Исходные данные'!$I$2:$I$964,'Исходные данные'!$D$2:$D$964,AQ$1,'Исходные данные'!$F$2:$F$964,$A13) -> 3 | AR13: =SUMIFS('Исходные данные'!$J$2:$J$964,'Исходные данные'!$D$2:$D$964,AQ$1,'Исходные данные'!$F$2:$F$964,$A13) -> 0 | AS13: 9 | AT13: 0 | AU13: =SUMIFS('Исходные данные'!$I$2:$I$964,'Исходные данные'!$D$2:$D$964,AU$1,'Исходные данные'!$F$2:$F$964,$A13) -> 9 | AV13: =SUMIFS('Исходные данные'!$J$2:$J$964,'Исходные данные'!$D$2:$D$964,AU$1,'Исходные данные'!$F$2:$F$964,$A13) -> 0 | AW13: 6 | AX13: 2 | AY13: =SUMIFS('Исходные данные'!$I$2:$I$964,'Исходные данные'!$D$2:$D$964,AY$1,'Исходные данные'!$F$2:$F$964,$A13) -> 6 | AZ13: =SUMIFS('Исходные данные'!$J$2:$J$964,'Исходные данные'!$D$2:$D$964,AY$1,'Исходные данные'!$F$2:$F$964,$A13) -> 2 | BA13: 7 | BB13: 3 | BC13: =SUMIFS('Исходные данные'!$I$2:$I$964,'Исходные данные'!$D$2:$D$964,BC$1,'Исходные данные'!$F$2:$F$964,$A13) -> 7 | BD13: =SUMIFS('Исходные данные'!$J$2:$J$964,'Исходные данные'!$D$2:$D$964,BC$1,'Исходные данные'!$F$2:$F$964,$A13) -> 3 | BE13: 1 | BF13: 0 | BG13: =SUMIFS('Исходные данные'!$I$2:$I$964,'Исходные данные'!$D$2:$D$964,BG$1,'Исходные данные'!$F$2:$F$964,$A13) -> 1 | BH13: =SUMIFS('Исходные данные'!$J$2:$J$964,'Исходные данные'!$D$2:$D$964,BG$1,'Исходные данные'!$F$2:$F$964,$A13) -> 0 | BI13: 14 | BJ13: 9 | BK13: =SUMIFS('Исходные данные'!$I$2:$I$964,'Исходные данные'!$D$2:$D$964,BK$1,'Исходные данные'!$F$2:$F$964,$A13) -> 14 | BL13: =SUMIFS('Исходные данные'!$J$2:$J$964,'Исходные данные'!$D$2:$D$964,BK$1,'Исходные данные'!$F$2:$F$964,$A13) -> 9 | BM13: 6 | BN13: 4 | BO13: =SUMIFS('Исходные данные'!$I$2:$I$964,'Исходные данные'!$D$2:$D$964,BO$1,'Исходные данные'!$F$2:$F$964,$A13) -> 6 | BP13: =SUMIFS('Исходные данные'!$J$2:$J$964,'Исходные данные'!$D$2:$D$964,BO$1,'Исходные данные'!$F$2:$F$964,$A13) -> 4 | BQ13: 0 | BR13: 1 | BS13: =SUMIFS('Исходные данные'!$I$2:$I$964,'Исходные данные'!$D$2:$D$964,BS$1,'Исходные данные'!$F$2:$F$964,$A13) -> 0 | BT13: =SUMIFS('Исходные данные'!$J$2:$J$964,'Исходные данные'!$D$2:$D$964,BS$1,'Исходные данные'!$F$2:$F$964,$A13) -> 1 | BU13: 5 | BV13: 2 | BW13: =SUMIFS('Исходные данные'!$I$2:$I$964,'Исходные данные'!$D$2:$D$964,BW$1,'Исходные данные'!$F$2:$F$964,$A13) -> 5 | BX13: =SUMIFS('Исходные данные'!$J$2:$J$964,'Исходные данные'!$D$2:$D$964,BW$1,'Исходные данные'!$F$2:$F$964,$A13) -> 2 | BY13: 6 | BZ13: 4 | CA13: =SUMIFS('Исходные данные'!$I$2:$I$964,'Исходные данные'!$D$2:$D$964,CA$1,'Исходные данные'!$F$2:$F$964,$A13) -> 6 | CB13: =SUMIFS('Исходные данные'!$J$2:$J$964,'Исходные данные'!$D$2:$D$964,CA$1,'Исходные данные'!$F$2:$F$964,$A13) -> 4 | CC13: 7 | CD13: 1 | CE13: =SUMIFS('Исходные данные'!$I$2:$I$964,'Исходные данные'!$D$2:$D$964,CE$1,'Исходные данные'!$F$2:$F$964,$A13) -> 7 | CF13: =SUMIFS('Исходные данные'!$J$2:$J$964,'Исходные данные'!$D$2:$D$964,CE$1,'Исходные данные'!$F$2:$F$964,$A13) -> 1 | CG13: 2 | CH13: 0 | CI13: =SUMIFS('Исходные данные'!$I$2:$I$964,'Исходные данные'!$D$2:$D$964,CI$1,'Исходные данные'!$F$2:$F$964,$A13) -> 2 | CJ13: =SUMIFS('Исходные данные'!$J$2:$J$964,'Исходные данные'!$D$2:$D$964,CI$1,'Исходные данные'!$F$2:$F$964,$A13) -> 0 | CK13: 1 | CL13: 0 | CM13: =SUMIFS('Исходные данные'!$I$2:$I$964,'Исходные данные'!$D$2:$D$964,CM$1,'Исходные данные'!$F$2:$F$964,$A13) -> 1 | CN13: =SUMIFS('Исходные данные'!$J$2:$J$964,'Исходные данные'!$D$2:$D$964,CM$1,'Исходные данные'!$F$2:$F$964,$A13) -> 0 | CO13: 3 | CP13: 0 | CQ13: =SUMIFS('Исходные данные'!$I$2:$I$964,'Исходные данные'!$D$2:$D$964,CQ$1,'Исходные данные'!$F$2:$F$964,$A13) -> 3 | CR13: =SUMIFS('Исходные данные'!$J$2:$J$964,'Исходные данные'!$D$2:$D$964,CQ$1,'Исходные данные'!$F$2:$F$964,$A13) -> 0 | CS13: 5 | CT13: 0 | CU13: =SUMIFS('Исходные данные'!$I$2:$I$964,'Исходные данные'!$D$2:$D$964,CU$1,'Исходные данные'!$F$2:$F$964,$A13) -> 5 | CV13: =SUMIFS('Исходные данные'!$J$2:$J$964,'Исходные данные'!$D$2:$D$964,CU$1,'Исходные данные'!$F$2:$F$964,$A13) -> 0 | CW13: 5 | CX13: 1 | CY13: =SUMIFS('Исходные данные'!$I$2:$I$964,'Исходные данные'!$D$2:$D$964,CY$1,'Исходные данные'!$F$2:$F$964,$A13) -> 5 | CZ13: =SUMIFS('Исходные данные'!$J$2:$J$964,'Исходные данные'!$D$2:$D$964,CY$1,'Исходные данные'!$F$2:$F$964,$A13) -> 1 | DA13: 0 | DB13: 0 | DC13: =SUMIFS('Исходные данные'!$I$2:$I$964,'Исходные данные'!$D$2:$D$964,DC$1,'Исходные данные'!$F$2:$F$964,$A13) -> 0 | DD13: =SUMIFS('Исходные данные'!$J$2:$J$964,'Исходные данные'!$D$2:$D$964,DC$1,'Исходные данные'!$F$2:$F$964,$A13) -> 0 | DE13: 2 | DF13: 0 | DG13: =SUMIFS('Исходные данные'!$I$2:$I$964,'Исходные данные'!$D$2:$D$964,DG$1,'Исходные данные'!$F$2:$F$964,$A13) -> 2 | DH13: =SUMIFS('Исходные данные'!$J$2:$J$964,'Исходные данные'!$D$2:$D$964,DG$1,'Исходные данные'!$F$2:$F$964,$A13) -> 0 | DI13: 0 | DJ13: 0 | DK13: =SUMIFS('Исходные данные'!$I$2:$I$964,'Исходные данные'!$D$2:$D$964,DK$1,'Исходные данные'!$F$2:$F$964,$A13) -> 0 | DL13: =SUMIFS('Исходные данные'!$J$2:$J$964,'Исходные данные'!$D$2:$D$964,DK$1,'Исходные данные'!$F$2:$F$964,$A13) -> 0 | DM13: 2 | DN13: 0 | DO13: =SUMIFS('Исходные данные'!$I$2:$I$964,'Исходные данные'!$D$2:$D$964,DO$1,'Исходные данные'!$F$2:$F$964,$A13) -> 2 | DP13: =SUMIFS('Исходные данные'!$J$2:$J$964,'Исходные данные'!$D$2:$D$964,DO$1,'Исходные данные'!$F$2:$F$964,$A13) -> 0 | DQ13: 0 | DR13: 0 | DS13: =SUMIFS('Исходные данные'!$I$2:$I$964,'Исходные данные'!$D$2:$D$964,DS$1,'Исходные данные'!$F$2:$F$964,$A13) -> 0 | DT13: =SUMIFS('Исходные данные'!$J$2:$J$964,'Исходные данные'!$D$2:$D$964,DS$1,'Исходные данные'!$F$2:$F$964,$A13) -> 0 | DU13: 0 | DV13: 0 | DW13: =SUMIFS('Исходные данные'!$I$2:$I$964,'Исходные данные'!$D$2:$D$964,DW$1,'Исходные данные'!$F$2:$F$964,$A13) -> 0 | DX13: =SUMIFS('Исходные данные'!$J$2:$J$964,'Исходные данные'!$D$2:$D$964,DW$1,'Исходные данные'!$F$2:$F$964,$A13) -> 0 | DY13: 0 | DZ13: 0 | EA13: =SUMIFS('Исходные данные'!$I$2:$I$964,'Исходные данные'!$D$2:$D$964,EA$1,'Исходные данные'!$F$2:$F$964,$A13) -> 0 | EB13: =SUMIFS('Исходные данные'!$J$2:$J$964,'Исходные данные'!$D$2:$D$964,EA$1,'Исходные данные'!$F$2:$F$964,$A13) -> 0 | EC13: 1 | ED13: 0 | EE13: =SUMIFS('Исходные данные'!$I$2:$I$964,'Исходные данные'!$D$2:$D$964,EE$1,'Исходные данные'!$F$2:$F$964,$A13) -> 1 | EF13: =SUMIFS('Исходные данные'!$J$2:$J$964,'Исходные данные'!$D$2:$D$964,EE$1,'Исходные данные'!$F$2:$F$964,$A13) -> 0 | EG13: 1 | EH13: 0 | EI13: =SUMIFS('Исходные данные'!$I$2:$I$964,'Исходные данные'!$D$2:$D$964,EI$1,'Исходные данные'!$F$2:$F$964,$A13) -> 1 | EJ13: =SUMIFS('Исходные данные'!$J$2:$J$964,'Исходные данные'!$D$2:$D$964,EI$1,'Исходные данные'!$F$2:$F$964,$A13) -> 0 | EK13: 0 | EL13: 0 | EM13: =SUMIFS('Исходные данные'!$I$2:$I$964,'Исходные данные'!$D$2:$D$964,EM$1,'Исходные данные'!$F$2:$F$964,$A13) -> 0 | EN13: =SUMIFS('Исходные данные'!$J$2:$J$964,'Исходные данные'!$D$2:$D$964,EM$1,'Исходные данные'!$F$2:$F$964,$A13) -> 0 | EO13: 0 | EP13: 0 | EQ13: =SUMIFS('Исходные данные'!$I$2:$I$964,'Исходные данные'!$D$2:$D$964,EQ$1,'Исходные данные'!$F$2:$F$964,$A13) -> 0 | ER13: =SUMIFS('Исходные данные'!$J$2:$J$964,'Исходные данные'!$D$2:$D$964,EQ$1,'Исходные данные'!$F$2:$F$964,$A13) -> 0 | ES13: 0 | ET13: 0 | EU13: =SUMIFS('Исходные данные'!$I$2:$I$964,'Исходные данные'!$D$2:$D$964,EU$1,'Исходные данные'!$F$2:$F$964,$A13) -> 0 | EV13: =SUMIFS('Исходные данные'!$J$2:$J$964,'Исходные данные'!$D$2:$D$964,EU$1,'Исходные данные'!$F$2:$F$964,$A13) -> 0 | EW13: 0 | EX13: 0 | EY13: =SUMIFS('Исходные данные'!$I$2:$I$964,'Исходные данные'!$D$2:$D$964,EY$1,'Исходные данные'!$F$2:$F$964,$A13) -> 0 | EZ13: =SUMIFS('Исходные данные'!$J$2:$J$964,'Исходные данные'!$D$2:$D$964,EY$1,'Исходные данные'!$F$2:$F$964,$A13) -> 0 | FA13: 0 | FB13: 0 | FC13: =SUMIFS('Исходные данные'!$I$2:$I$964,'Исходные данные'!$D$2:$D$964,FC$1,'Исходные данные'!$F$2:$F$964,$A13) -> 0 | FD13: =SUMIFS('Исходные данные'!$J$2:$J$964,'Исходные данные'!$D$2:$D$964,FC$1,'Исходные данные'!$F$2:$F$964,$A13) -> 0 | FE13: 1 | FF13: 0 | FG13: =SUMIFS('Исходные данные'!$I$2:$I$964,'Исходные данные'!$D$2:$D$964,FG$1,'Исходные данные'!$F$2:$F$964,$A13) -> 1 | FH13: =SUMIFS('Исходные данные'!$J$2:$J$964,'Исходные данные'!$D$2:$D$964,FG$1,'Исходные данные'!$F$2:$F$964,$A13) -> 0
A14: 13.1 | B14: Toyota/Jac пикап самовождение | C14: 60 | D14: =I14+J14+M14+N14+Q14+R14+U14+V14+Y14+Z14+AC14+AD14+AG14+AH14+AK14+AL14+AO14+AP14+AS14+AT14+AW14+AX14+BA14+BB14+BE14+BF14+BI14+BJ14+BM14+BN14+BQ14+BR14+BU14+BV14+BY14+BZ14+CC14+CD14+CG14+CH14+CK14+CL14+CO14+CP14+CS14+CT14+CW14+CX14+DA14+DB14+DE14+DF14+DI14+DJ14+DM14+DN14+DQ14+DR14+DU14+DV14+DY14+DZ14+EC14+ED14+EG14+EH14+EK14+EL14+EO14+EP14+ES14+ET14+EW14+EX14+FA14+FB14+FE14+FF14 -> 65 | E14: =G14+H14 -> 65 | F14: =E14-C14 -> 5 | G14: =K14+O14+S14+W14+AA14+AE14+AI14+AM14+AQ14+AU14+AY14+BC14+BG14+BK14+BO14+BS14+BW14+CA14+CE14+CI14+CM14+CQ14+CU14+CY14+DC14+DG14+DK14+DO14+DS14+DW14+EA14+EE14+EI14+EM14+EQ14+EU14+EY14+FC14+FG14 -> 60 | H14: =L14+P14+T14+X14+AB14+AF14+AJ14+AN14+AR14+AV14+AZ14+BD14+BH14+BL14+BP14+BT14+BX14+CB14+CF14+CJ14+CN14+CR14+CV14+CZ14+DD14+DH14+DL14+DP14+DT14+DX14+EB14+EF14+EJ14+EN14+ER14+EV14+EZ14+FD14+FH14 -> 5 | I14: 10 | J14: 1 | K14: =SUMIFS('Исходные данные'!$I$2:$I$964,'Исходные данные'!$D$2:$D$964,K$1,'Исходные данные'!$F$2:$F$964,$A14) -> 10 | L14: =SUMIFS('Исходные данные'!$J$2:$J$964,'Исходные данные'!$D$2:$D$964,K$1,'Исходные данные'!$F$2:$F$964,$A14) -> 1 | M14: 8 | N14: 0 | O14: =SUMIFS('Исходные данные'!$I$2:$I$964,'Исходные данные'!$D$2:$D$964,O$1,'Исходные данные'!$F$2:$F$964,$A14) -> 8 | P14: =SUMIFS('Исходные данные'!$J$2:$J$964,'Исходные данные'!$D$2:$D$964,O$1,'Исходные данные'!$F$2:$F$964,$A14) -> 0 | Q14: 9 | R14: 0 | S14: =SUMIFS('Исходные данные'!$I$2:$I$964,'Исходные данные'!$D$2:$D$964,S$1,'Исходные данные'!$F$2:$F$964,$A14) -> 9 | T14: =SUMIFS('Исходные данные'!$J$2:$J$964,'Исходные данные'!$D$2:$D$964,S$1,'Исходные данные'!$F$2:$F$964,$A14) -> 0 | U14: 0 | V14: 0 | W14: =SUMIFS('Исходные данные'!$I$2:$I$964,'Исходные данные'!$D$2:$D$964,W$1,'Исходные данные'!$F$2:$F$964,$A14) -> 0 | X14: =SUMIFS('Исходные данные'!$J$2:$J$964,'Исходные данные'!$D$2:$D$964,W$1,'Исходные данные'!$F$2:$F$964,$A14) -> 0 | Y14: 1 | Z14: 0 | AA14: =SUMIFS('Исходные данные'!$I$2:$I$964,'Исходные данные'!$D$2:$D$964,AA$1,'Исходные данные'!$F$2:$F$964,$A14) -> 1 | AB14: =SUMIFS('Исходные данные'!$J$2:$J$964,'Исходные данные'!$D$2:$D$964,AA$1,'Исходные данные'!$F$2:$F$964,$A14) -> 0 | AC14: 2 | AD14: 0 | AE14: =SUMIFS('Исходные данные'!$I$2:$I$964,'Исходные данные'!$D$2:$D$964,AE$1,'Исходные данные'!$F$2:$F$964,$A14) -> 1 | AF14: =SUMIFS('Исходные данные'!$J$2:$J$964,'Исходные данные'!$D$2:$D$964,AE$1,'Исходные данные'!$F$2:$F$964,$A14) -> 0 | AG14: 1 | AH14: 0 | AI14: =SUMIFS('Исходные данные'!$I$2:$I$964,'Исходные данные'!$D$2:$D$964,AI$1,'Исходные данные'!$F$2:$F$964,$A14) -> 1 | AJ14: =SUMIFS('Исходные данные'!$J$2:$J$964,'Исходные данные'!$D$2:$D$964,AI$1,'Исходные данные'!$F$2:$F$964,$A14) -> 0 | AK14: 2 | AL14: 0 | AM14: =SUMIFS('Исходные данные'!$I$2:$I$964,'Исходные данные'!$D$2:$D$964,AM$1,'Исходные данные'!$F$2:$F$964,$A14) -> 2 | AN14: =SUMIFS('Исходные данные'!$J$2:$J$964,'Исходные данные'!$D$2:$D$964,AM$1,'Исходные данные'!$F$2:$F$964,$A14) -> 0 | AO14: 0 | AP14: 0 | AQ14: =SUMIFS('Исходные данные'!$I$2:$I$964,'Исходные данные'!$D$2:$D$964,AQ$1,'Исходные данные'!$F$2:$F$964,$A14) -> 0 | AR14: =SUMIFS('Исходные данные'!$J$2:$J$964,'Исходные данные'!$D$2:$D$964,AQ$1,'Исходные данные'!$F$2:$F$964,$A14) -> 0 | AS14: 0 | AT14: 0 | AU14: =SUMIFS('Исходные данные'!$I$2:$I$964,'Исходные данные'!$D$2:$D$964,AU$1,'Исходные данные'!$F$2:$F$964,$A14) -> 0 | AV14: =SUMIFS('Исходные данные'!$J$2:$J$964,'Исходные данные'!$D$2:$D$964,AU$1,'Исходные данные'!$F$2:$F$964,$A14) -> 0 | AW14: 1 | AX14: 0 | AY14: =SUMIFS('Исходные данные'!$I$2:$I$964,'Исходные данные'!$D$2:$D$964,AY$1,'Исходные данные'!$F$2:$F$964,$A14) -> 1 | AZ14: =SUMIFS('Исходные данные'!$J$2:$J$964,'Исходные данные'!$D$2:$D$964,AY$1,'Исходные данные'!$F$2:$F$964,$A14) -> 0 | BA14: 0 | BB14: 0 | BC14: =SUMIFS('Исходные данные'!$I$2:$I$964,'Исходные данные'!$D$2:$D$964,BC$1,'Исходные данные'!$F$2:$F$964,$A14) -> 0 | BD14: =SUMIFS('Исходные данные'!$J$2:$J$964,'Исходные данные'!$D$2:$D$964,BC$1,'Исходные данные'!$F$2:$F$964,$A14) -> 0 | BE14: 1 | BF14: 0 | BG14: =SUMIFS('Исходные данные'!$I$2:$I$964,'Исходные данные'!$D$2:$D$964,BG$1,'Исходные данные'!$F$2:$F$964,$A14) -> 1 | BH14: =SUMIFS('Исходные данные'!$J$2:$J$964,'Исходные данные'!$D$2:$D$964,BG$1,'Исходные данные'!$F$2:$F$964,$A14) -> 0 | BI14: 0 | BJ14: 0 | BK14: =SUMIFS('Исходные данные'!$I$2:$I$964,'Исходные данные'!$D$2:$D$964,BK$1,'Исходные данные'!$F$2:$F$964,$A14) -> 0 | BL14: =SUMIFS('Исходные данные'!$J$2:$J$964,'Исходные данные'!$D$2:$D$964,BK$1,'Исходные данные'!$F$2:$F$964,$A14) -> 0 | BM14: 0 | BN14: 0 | BO14: =SUMIFS('Исходные данные'!$I$2:$I$964,'Исходные данные'!$D$2:$D$964,BO$1,'Исходные данные'!$F$2:$F$964,$A14) -> 4 | BP14: =SUMIFS('Исходные данные'!$J$2:$J$964,'Исходные данные'!$D$2:$D$964,BO$1,'Исходные данные'!$F$2:$F$964,$A14) -> 1 | BQ14: 8 | BR14: 0 | BS14: =SUMIFS('Исходные данные'!$I$2:$I$964,'Исходные данные'!$D$2:$D$964,BS$1,'Исходные данные'!$F$2:$F$964,$A14) -> 8 | BT14: =SUMIFS('Исходные данные'!$J$2:$J$964,'Исходные данные'!$D$2:$D$964,BS$1,'Исходные данные'!$F$2:$F$964,$A14) -> 0 | BU14: 0 | BV14: 0 | BW14: =SUMIFS('Исходные данные'!$I$2:$I$964,'Исходные данные'!$D$2:$D$964,BW$1,'Исходные данные'!$F$2:$F$964,$A14) -> 0 | BX14: =SUMIFS('Исходные данные'!$J$2:$J$964,'Исходные данные'!$D$2:$D$964,BW$1,'Исходные данные'!$F$2:$F$964,$A14) -> 0 | BY14: 0 | BZ14: 0 | CA14: =SUMIFS('Исходные данные'!$I$2:$I$964,'Исходные данные'!$D$2:$D$964,CA$1,'Исходные данные'!$F$2:$F$964,$A14) -> 0 | CB14: =SUMIFS('Исходные данные'!$J$2:$J$964,'Исходные данные'!$D$2:$D$964,CA$1,'Исходные данные'!$F$2:$F$964,$A14) -> 0 | CC14: 0 | CD14: 0 | CE14: =SUMIFS('Исходные данные'!$I$2:$I$964,'Исходные данные'!$D$2:$D$964,CE$1,'Исходные данные'!$F$2:$F$964,$A14) -> 0 | CF14: =SUMIFS('Исходные данные'!$J$2:$J$964,'Исходные данные'!$D$2:$D$964,CE$1,'Исходные данные'!$F$2:$F$964,$A14) -> 0 | CG14: 0 | CH14: 0 | CI14: =SUMIFS('Исходные данные'!$I$2:$I$964,'Исходные данные'!$D$2:$D$964,CI$1,'Исходные данные'!$F$2:$F$964,$A14) -> 0 | CJ14: =SUMIFS('Исходные данные'!$J$2:$J$964,'Исходные данные'!$D$2:$D$964,CI$1,'Исходные данные'!$F$2:$F$964,$A14) -> 0 | CK14: 1 | CL14: 0 | CM14: =SUMIFS('Исходные данные'!$I$2:$I$964,'Исходные данные'!$D$2:$D$964,CM$1,'Исходные данные'!$F$2:$F$964,$A14) -> 1 | CN14: =SUMIFS('Исходные данные'!$J$2:$J$964,'Исходные данные'!$D$2:$D$964,CM$1,'Исходные данные'!$F$2:$F$964,$A14) -> 0 | CO14: 0 | CP14: 0 | CQ14: =SUMIFS('Исходные данные'!$I$2:$I$964,'Исходные данные'!$D$2:$D$964,CQ$1,'Исходные данные'!$F$2:$F$964,$A14) -> 0 | CR14: =SUMIFS('Исходные данные'!$J$2:$J$964,'Исходные данные'!$D$2:$D$964,CQ$1,'Исходные данные'!$F$2:$F$964,$A14) -> 0 | CS14: 2 | CT14: 0 | CU14: =SUMIFS('Исходные данные'!$I$2:$I$964,'Исходные данные'!$D$2:$D$964,CU$1,'Исходные данные'!$F$2:$F$964,$A14) -> 2 | CV14: =SUMIFS('Исходные данные'!$J$2:$J$964,'Исходные данные'!$D$2:$D$964,CU$1,'Исходные данные'!$F$2:$F$964,$A14) -> 0 | CW14: 0 | CX14: 0 | CY14: =SUMIFS('Исходные данные'!$I$2:$I$964,'Исходные данные'!$D$2:$D$964,CY$1,'Исходные данные'!$F$2:$F$964,$A14) -> 0 | CZ14: =SUMIFS('Исходные данные'!$J$2:$J$964,'Исходные данные'!$D$2:$D$964,CY$1,'Исходные данные'!$F$2:$F$964,$A14) -> 0 | DA14: 2 | DB14: 1 | DC14: =SUMIFS('Исходные данные'!$I$2:$I$964,'Исходные данные'!$D$2:$D$964,DC$1,'Исходные данные'!$F$2:$F$964,$A14) -> 2 | DD14: =SUMIFS('Исходные данные'!$J$2:$J$964,'Исходные данные'!$D$2:$D$964,DC$1,'Исходные данные'!$F$2:$F$964,$A14) -> 1 | DE14: 0 | DF14: 0 | DG14: =SUMIFS('Исходные данные'!$I$2:$I$964,'Исходные данные'!$D$2:$D$964,DG$1,'Исходные данные'!$F$2:$F$964,$A14) -> 0 | DH14: =SUMIFS('Исходные данные'!$J$2:$J$964,'Исходные данные'!$D$2:$D$964,DG$1,'Исходные данные'!$F$2:$F$964,$A14) -> 0 | DI14: 1 | DJ14: 0 | DK14: =SUMIFS('Исходные данные'!$I$2:$I$964,'Исходные данные'!$D$2:$D$964,DK$1,'Исходные данные'!$F$2:$F$964,$A14) -> 1 | DL14: =SUMIFS('Исходные данные'!$J$2:$J$964,'Исходные данные'!$D$2:$D$964,DK$1,'Исходные данные'!$F$2:$F$964,$A14) -> 0 | DM14: 0 | DN14: 0 | DO14: =SUMIFS('Исходные данные'!$I$2:$I$964,'Исходные данные'!$D$2:$D$964,DO$1,'Исходные данные'!$F$2:$F$964,$A14) -> 0 | DP14: =SUMIFS('Исходные данные'!$J$2:$J$964,'Исходные данные'!$D$2:$D$964,DO$1,'Исходные данные'!$F$2:$F$964,$A14) -> 0 | DQ14: 0 | DR14: 0 | DS14: =SUMIFS('Исходные данные'!$I$2:$I$964,'Исходные данные'!$D$2:$D$964,DS$1,'Исходные данные'!$F$2:$F$964,$A14) -> 0 | DT14: =SUMIFS('Исходные данные'!$J$2:$J$964,'Исходные данные'!$D$2:$D$964,DS$1,'Исходные данные'!$F$2:$F$964,$A14) -> 0 | DU14: 2 | DV14: 0 | DW14: =SUMIFS('Исходные данные'!$I$2:$I$964,'Исходные данные'!$D$2:$D$964,DW$1,'Исходные данные'!$F$2:$F$964,$A14) -> 2 | DX14: =SUMIFS('Исходные данные'!$J$2:$J$964,'Исходные данные'!$D$2:$D$964,DW$1,'Исходные данные'!$F$2:$F$964,$A14) -> 0 | DY14: 1 | DZ14: 0 | EA14: =SUMIFS('Исходные данные'!$I$2:$I$964,'Исходные данные'!$D$2:$D$964,EA$1,'Исходные данные'!$F$2:$F$964,$A14) -> 1 | EB14: =SUMIFS('Исходные данные'!$J$2:$J$964,'Исходные данные'!$D$2:$D$964,EA$1,'Исходные данные'!$F$2:$F$964,$A14) -> 0 | EC14: 0 | ED14: 0 | EE14: =SUMIFS('Исходные данные'!$I$2:$I$964,'Исходные данные'!$D$2:$D$964,EE$1,'Исходные данные'!$F$2:$F$964,$A14) -> 0 | EF14: =SUMIFS('Исходные данные'!$J$2:$J$964,'Исходные данные'!$D$2:$D$964,EE$1,'Исходные данные'!$F$2:$F$964,$A14) -> 0 | EG14: 0 | EH14: 0 | EI14: =SUMIFS('Исходные данные'!$I$2:$I$964,'Исходные данные'!$D$2:$D$964,EI$1,'Исходные данные'!$F$2:$F$964,$A14) -> 0 | EJ14: =SUMIFS('Исходные данные'!$J$2:$J$964,'Исходные данные'!$D$2:$D$964,EI$1,'Исходные данные'!$F$2:$F$964,$A14) -> 0 | EK14: 4 | EL14: 1 | EM14: =SUMIFS('Исходные данные'!$I$2:$I$964,'Исходные данные'!$D$2:$D$964,EM$1,'Исходные данные'!$F$2:$F$964,$A14) -> 0 | EN14: =SUMIFS('Исходные данные'!$J$2:$J$964,'Исходные данные'!$D$2:$D$964,EM$1,'Исходные данные'!$F$2:$F$964,$A14) -> 1 | EO14: 0 | EP14: 0 | EQ14: =SUMIFS('Исходные данные'!$I$2:$I$964,'Исходные данные'!$D$2:$D$964,EQ$1,'Исходные данные'!$F$2:$F$964,$A14) -> 0 | ER14: =SUMIFS('Исходные данные'!$J$2:$J$964,'Исходные данные'!$D$2:$D$964,EQ$1,'Исходные данные'!$F$2:$F$964,$A14) -> 0 | ES14: 3 | ET14: 1 | EU14: =SUMIFS('Исходные данные'!$I$2:$I$964,'Исходные данные'!$D$2:$D$964,EU$1,'Исходные данные'!$F$2:$F$964,$A14) -> 3 | EV14: =SUMIFS('Исходные данные'!$J$2:$J$964,'Исходные данные'!$D$2:$D$964,EU$1,'Исходные данные'!$F$2:$F$964,$A14) -> 1 | EW14: 1 | EX14: 0 | EY14: =SUMIFS('Исходные данные'!$I$2:$I$964,'Исходные данные'!$D$2:$D$964,EY$1,'Исходные данные'!$F$2:$F$964,$A14) -> 1 | EZ14: =SUMIFS('Исходные данные'!$J$2:$J$964,'Исходные данные'!$D$2:$D$964,EY$1,'Исходные данные'!$F$2:$F$964,$A14) -> 0 | FA14: 1 | FB14: 0 | FC14: =SUMIFS('Исходные данные'!$I$2:$I$964,'Исходные данные'!$D$2:$D$964,FC$1,'Исходные данные'!$F$2:$F$964,$A14) -> 1 | FD14: =SUMIFS('Исходные данные'!$J$2:$J$964,'Исходные данные'!$D$2:$D$964,FC$1,'Исходные данные'!$F$2:$F$964,$A14) -> 0 | FE14: 0 | FF14: 0 | FG14: =SUMIFS('Исходные данные'!$I$2:$I$964,'Исходные данные'!$D$2:$D$964,FG$1,'Исходные данные'!$F$2:$F$964,$A14) -> 0 | FH14: =SUMIFS('Исходные данные'!$J$2:$J$964,'Исходные данные'!$D$2:$D$964,FG$1,'Исходные данные'!$F$2:$F$964,$A14) -> 0
... A55: 63 | B55: Автокран 100тн | C55: 1 | D55: =I55+J55+M55+N55+Q55+R55+U55+V55+Y55+Z55+AC55+AD55+AG55+AH55+AK55+AL55+AO55+AP55+AS55+AT55+AW55+AX55+BA55+BB55+BE55+BF55+BI55+BJ55+BM55+BN55+BQ55+BR55+BU55+BV55+BY55+BZ55+CC55+CD55+CG55+CH55+CK55+CL55+CO55+CP55+CS55+CT55+CW55+CX55+DA55+DB55+DE55+DF55+DI55+DJ55+DM55+DN55+DQ55+DR55+DU55+DV55+DY55+DZ55+EC55+ED55+EG55+EH55+EK55+EL55+EO55+EP55+ES55+ET55+EW55+EX55+FA55+FB55+FE55+FF55 -> 1 | E55: =G55+H55 -> 0 | F55: =E55-C55 -> -1 | G55: =K55+O55+S55+W55+AA55+AE55+AI55+AM55+AQ55+AU55+AY55+BC55+BG55+BK55+BO55+BS55+BW55+CA55+CE55+CI55+CM55+CQ55+CU55+CY55+DC55+DG55+DK55+DO55+DS55+DW55+EA55+EE55+EI55+EM55+EQ55+EU55+EY55+FC55+FG55 -> 0 | H55: =L55+P55+T55+X55+AB55+AF55+AJ55+AN55+AR55+AV55+AZ55+BD55+BH55+BL55+BP55+BT55+BX55+CB55+CF55+CJ55+CN55+CR55+CV55+CZ55+DD55+DH55+DL55+DP55+DT55+DX55+EB55+EF55+EJ55+EN55+ER55+EV55+EZ55+FD55+FH55 -> 0 | I55: 0 | J55: 0 | K55: =SUMIFS('Исходные данные'!$I$2:$I$964,'Исходные данные'!$D$2:$D$964,K$1,'Исходные данные'!$F$2:$F$964,$A55) -> 0 | L55: =SUMIFS('Исходные данные'!$J$2:$J$964,'Исходные данные'!$D$2:$D$964,K$1,'Исходные данные'!$F$2:$F$964,$A55) -> 0 | M55: 0 | N55: 0 | O55: =SUMIFS('Исходные данные'!$I$2:$I$964,'Исходные данные'!$D$2:$D$964,O$1,'Исходные данные'!$F$2:$F$964,$A55) -> 0 | P55: =SUMIFS('Исходные данные'!$J$2:$J$964,'Исходные данные'!$D$2:$D$964,O$1,'Исходные данные'!$F$2:$F$964,$A55) -> 0 | Q55: 0 | R55: 0 | S55: =SUMIFS('Исходные данные'!$I$2:$I$964,'Исходные данные'!$D$2:$D$964,S$1,'Исходные данные'!$F$2:$F$964,$A55) -> 0 | T55: =SUMIFS('Исходные данные'!$J$2:$J$964,'Исходные данные'!$D$2:$D$964,S$1,'Исходные данные'!$F$2:$F$964,$A55) -> 0 | U55: 0 | V55: 0 | W55: =SUMIFS('Исходные данные'!$I$2:$I$964,'Исходные данные'!$D$2:$D$964,W$1,'Исходные данные'!$F$2:$F$964,$A55) -> 0 | X55: =SUMIFS('Исходные данные'!$J$2:$J$964,'Исходные данные'!$D$2:$D$964,W$1,'Исходные данные'!$F$2:$F$964,$A55) -> 0 | Y55: 0 | Z55: 0 | AA55: =SUMIFS('Исходные данные'!$I$2:$I$964,'Исходные данные'!$D$2:$D$964,AA$1,'Исходные данные'!$F$2:$F$964,$A55) -> 0 | AB55: =SUMIFS('Исходные данные'!$J$2:$J$964,'Исходные данные'!$D$2:$D$964,AA$1,'Исходные данные'!$F$2:$F$964,$A55) -> 0 | AC55: 0 | AD55: 0 | AE55: =SUMIFS('Исходные данные'!$I$2:$I$964,'Исходные данные'!$D$2:$D$964,AE$1,'Исходные данные'!$F$2:$F$964,$A55) -> 0 | AF55: =SUMIFS('Исходные данные'!$J$2:$J$964,'Исходные данные'!$D$2:$D$964,AE$1,'Исходные данные'!$F$2:$F$964,$A55) -> 0 | AG55: 0 | AH55: 0 | AI55: =SUMIFS('Исходные данные'!$I$2:$I$964,'Исходные данные'!$D$2:$D$964,AI$1,'Исходные данные'!$F$2:$F$964,$A55) -> 0 | AJ55: =SUMIFS('Исходные данные'!$J$2:$J$964,'Исходные данные'!$D$2:$D$964,AI$1,'Исходные данные'!$F$2:$F$964,$A55) -> 0 | AK55: 0 | AL55: 0 | AM55: =SUMIFS('Исходные данные'!$I$2:$I$964,'Исходные данные'!$D$2:$D$964,AM$1,'Исходные данные'!$F$2:$F$964,$A55) -> 0 | AN55: =SUMIFS('Исходные данные'!$J$2:$J$964,'Исходные данные'!$D$2:$D$964,AM$1,'Исходные данные'!$F$2:$F$964,$A55) -> 0 | AO55: 1 | AP55: 0 | AQ55: =SUMIFS('Исходные данные'!$I$2:$I$964,'Исходные данные'!$D$2:$D$964,AQ$1,'Исходные данные'!$F$2:$F$964,$A55) -> 0 | AR55: =SUMIFS('Исходные данные'!$J$2:$J$964,'Исходные данные'!$D$2:$D$964,AQ$1,'Исходные данные'!$F$2:$F$964,$A55) -> 0 | AS55: 0 | AT55: 0 | AU55: =SUMIFS('Исходные данные'!$I$2:$I$964,'Исходные данные'!$D$2:$D$964,AU$1,'Исходные данные'!$F$2:$F$964,$A55) -> 0 | AV55: =SUMIFS('Исходные данные'!$J$2:$J$964,'Исходные данные'!$D$2:$D$964,AU$1,'Исходные данные'!$F$2:$F$964,$A55) -> 0 | AW55: 0 | AX55: 0 | AY55: =SUMIFS('Исходные данные'!$I$2:$I$964,'Исходные данные'!$D$2:$D$964,AY$1,'Исходные данные'!$F$2:$F$964,$A55) -> 0 | AZ55: =SUMIFS('Исходные данные'!$J$2:$J$964,'Исходные данные'!$D$2:$D$964,AY$1,'Исходные данные'!$F$2:$F$964,$A55) -> 0 | BA55: 0 | BB55: 0 | BC55: =SUMIFS('Исходные данные'!$I$2:$I$964,'Исходные данные'!$D$2:$D$964,BC$1,'Исходные данные'!$F$2:$F$964,$A55) -> 0 | BD55: =SUMIFS('Исходные данные'!$J$2:$J$964,'Исходные данные'!$D$2:$D$964,BC$1,'Исходные данные'!$F$2:$F$964,$A55) -> 0 | BE55: 0 | BF55: 0 | BG55: =SUMIFS('Исходные данные'!$I$2:$I$964,'Исходные данные'!$D$2:$D$964,BG$1,'Исходные данные'!$F$2:$F$964,$A55) -> 0 | BH55: =SUMIFS('Исходные данные'!$J$2:$J$964,'Исходные данные'!$D$2:$D$964,BG$1,'Исходные данные'!$F$2:$F$964,$A55) -> 0 | BI55: 0 | BJ55: 0 | BK55: =SUMIFS('Исходные данные'!$I$2:$I$964,'Исходные данные'!$D$2:$D$964,BK$1,'Исходные данные'!$F$2:$F$964,$A55) -> 0 | BL55: =SUMIFS('Исходные данные'!$J$2:$J$964,'Исходные данные'!$D$2:$D$964,BK$1,'Исходные данные'!$F$2:$F$964,$A55) -> 0 | BM55: 0 | BN55: 0 | BO55: =SUMIFS('Исходные данные'!$I$2:$I$964,'Исходные данные'!$D$2:$D$964,BO$1,'Исходные данные'!$F$2:$F$964,$A55) -> 0 | BP55: =SUMIFS('Исходные данные'!$J$2:$J$964,'Исходные данные'!$D$2:$D$964,BO$1,'Исходные данные'!$F$2:$F$964,$A55) -> 0 | BQ55: 0 | BR55: 0 | BS55: =SUMIFS('Исходные данные'!$I$2:$I$964,'Исходные данные'!$D$2:$D$964,BS$1,'Исходные данные'!$F$2:$F$964,$A55) -> 0 | BT55: =SUMIFS('Исходные данные'!$J$2:$J$964,'Исходные данные'!$D$2:$D$964,BS$1,'Исходные данные'!$F$2:$F$964,$A55) -> 0 | BU55: 0 | BV55: 0 | BW55: =SUMIFS('Исходные данные'!$I$2:$I$964,'Исходные данные'!$D$2:$D$964,BW$1,'Исходные данные'!$F$2:$F$964,$A55) -> 0 | BX55: =SUMIFS('Исходные данные'!$J$2:$J$964,'Исходные данные'!$D$2:$D$964,BW$1,'Исходные данные'!$F$2:$F$964,$A55) -> 0 | BY55: 0 | BZ55: 0 | CA55: =SUMIFS('Исходные данные'!$I$2:$I$964,'Исходные данные'!$D$2:$D$964,CA$1,'Исходные данные'!$F$2:$F$964,$A55) -> 0 | CB55: =SUMIFS('Исходные данные'!$J$2:$J$964,'Исходные данные'!$D$2:$D$964,CA$1,'Исходные данные'!$F$2:$F$964,$A55) -> 0 | CC55: 0 | CD55: 0 | CE55: =SUMIFS('Исходные данные'!$I$2:$I$964,'Исходные данные'!$D$2:$D$964,CE$1,'Исходные данные'!$F$2:$F$964,$A55) -> 0 | CF55: =SUMIFS('Исходные данные'!$J$2:$J$964,'Исходные данные'!$D$2:$D$964,CE$1,'Исходные данные'!$F$2:$F$964,$A55) -> 0 | CG55: 0 | CH55: 0 | CI55: =SUMIFS('Исходные данные'!$I$2:$I$964,'Исходные данные'!$D$2:$D$964,CI$1,'Исходные данные'!$F$2:$F$964,$A55) -> 0 | CJ55: =SUMIFS('Исходные данные'!$J$2:$J$964,'Исходные данные'!$D$2:$D$964,CI$1,'Исходные данные'!$F$2:$F$964,$A55) -> 0 | CK55: 0 | CL55: 0 | CM55: =SUMIFS('Исходные данные'!$I$2:$I$964,'Исходные данные'!$D$2:$D$964,CM$1,'Исходные данные'!$F$2:$F$964,$A55) -> 0 | CN55: =SUMIFS('Исходные данные'!$J$2:$J$964,'Исходные данные'!$D$2:$D$964,CM$1,'Исходные данные'!$F$2:$F$964,$A55) -> 0 | CO55: 0 | CP55: 0 | CQ55: =SUMIFS('Исходные данные'!$I$2:$I$964,'Исходные данные'!$D$2:$D$964,CQ$1,'Исходные данные'!$F$2:$F$964,$A55) -> 0 | CR55: =SUMIFS('Исходные данные'!$J$2:$J$964,'Исходные данные'!$D$2:$D$964,CQ$1,'Исходные данные'!$F$2:$F$964,$A55) -> 0 | CS55: 0 | CT55: 0 | CU55: =SUMIFS('Исходные данные'!$I$2:$I$964,'Исходные данные'!$D$2:$D$964,CU$1,'Исходные данные'!$F$2:$F$964,$A55) -> 0 | CV55: =SUMIFS('Исходные данные'!$J$2:$J$964,'Исходные данные'!$D$2:$D$964,CU$1,'Исходные данные'!$F$2:$F$964,$A55) -> 0 | CW55: 0 | CX55: 0 | CY55: =SUMIFS('Исходные данные'!$I$2:$I$964,'Исходные данные'!$D$2:$D$964,CY$1,'Исходные данные'!$F$2:$F$964,$A55) -> 0 | CZ55: =SUMIFS('Исходные данные'!$J$2:$J$964,'Исходные данные'!$D$2:$D$964,CY$1,'Исходные данные'!$F$2:$F$964,$A55) -> 0 | DA55: 0 | DB55: 0 | DC55: =SUMIFS('Исходные данные'!$I$2:$I$964,'Исходные данные'!$D$2:$D$964,DC$1,'Исходные данные'!$F$2:$F$964,$A55) -> 0 | DD55: =SUMIFS('Исходные данные'!$J$2:$J$964,'Исходные данные'!$D$2:$D$964,DC$1,'Исходные данные'!$F$2:$F$964,$A55) -> 0 | DE55: 0 | DF55: 0 | DG55: =SUMIFS('Исходные данные'!$I$2:$I$964,'Исходные данные'!$D$2:$D$964,DG$1,'Исходные данные'!$F$2:$F$964,$A55) -> 0 | DH55: =SUMIFS('Исходные данные'!$J$2:$J$964,'Исходные данные'!$D$2:$D$964,DG$1,'Исходные данные'!$F$2:$F$964,$A55) -> 0 | DI55: 0 | DJ55: 0 | DK55: =SUMIFS('Исходные данные'!$I$2:$I$964,'Исходные данные'!$D$2:$D$964,DK$1,'Исходные данные'!$F$2:$F$964,$A55) -> 0 | DL55: =SUMIFS('Исходные данные'!$J$2:$J$964,'Исходные данные'!$D$2:$D$964,DK$1,'Исходные данные'!$F$2:$F$964,$A55) -> 0 | DM55: 0 | DN55: 0 | DO55: =SUMIFS('Исходные данные'!$I$2:$I$964,'Исходные данные'!$D$2:$D$964,DO$1,'Исходные данные'!$F$2:$F$964,$A55) -> 0 | DP55: =SUMIFS('Исходные данные'!$J$2:$J$964,'Исходные данные'!$D$2:$D$964,DO$1,'Исходные данные'!$F$2:$F$964,$A55) -> 0 | DQ55: 0 | DR55: 0 | DS55: =SUMIFS('Исходные данные'!$I$2:$I$964,'Исходные данные'!$D$2:$D$964,DS$1,'Исходные данные'!$F$2:$F$964,$A55) -> 0 | DT55: =SUMIFS('Исходные данные'!$J$2:$J$964,'Исходные данные'!$D$2:$D$964,DS$1,'Исходные данные'!$F$2:$F$964,$A55) -> 0 | DU55: 0 | DV55: 0 | DW55: =SUMIFS('Исходные данные'!$I$2:$I$964,'Исходные данные'!$D$2:$D$964,DW$1,'Исходные данные'!$F$2:$F$964,$A55) -> 0 | DX55: =SUMIFS('Исходные данные'!$J$2:$J$964,'Исходные данные'!$D$2:$D$964,DW$1,'Исходные данные'!$F$2:$F$964,$A55) -> 0 | DY55: 0 | DZ55: 0 | EA55: =SUMIFS('Исходные данные'!$I$2:$I$964,'Исходные данные'!$D$2:$D$964,EA$1,'Исходные данные'!$F$2:$F$964,$A55) -> 0 | EB55: =SUMIFS('Исходные данные'!$J$2:$J$964,'Исходные данные'!$D$2:$D$964,EA$1,'Исходные данные'!$F$2:$F$964,$A55) -> 0 | EC55: 0 | ED55: 0 | EE55: =SUMIFS('Исходные данные'!$I$2:$I$964,'Исходные данные'!$D$2:$D$964,EE$1,'Исходные данные'!$F$2:$F$964,$A55) -> 0 | EF55: =SUMIFS('Исходные данные'!$J$2:$J$964,'Исходные данные'!$D$2:$D$964,EE$1,'Исходные данные'!$F$2:$F$964,$A55) -> 0 | EG55: 0 | EH55: 0 | EI55: =SUMIFS('Исходные данные'!$I$2:$I$964,'Исходные данные'!$D$2:$D$964,EI$1,'Исходные данные'!$F$2:$F$964,$A55) -> 0 | EJ55: =SUMIFS('Исходные данные'!$J$2:$J$964,'Исходные данные'!$D$2:$D$964,EI$1,'Исходные данные'!$F$2:$F$964,$A55) -> 0 | EK55: 0 | EL55: 0 | EM55: =SUMIFS('Исходные данные'!$I$2:$I$964,'Исходные данные'!$D$2:$D$964,EM$1,'Исходные данные'!$F$2:$F$964,$A55) -> 0 | EN55: =SUMIFS('Исходные данные'!$J$2:$J$964,'Исходные данные'!$D$2:$D$964,EM$1,'Исходные данные'!$F$2:$F$964,$A55) -> 0 | EO55: 0 | EP55: 0 | EQ55: =SUMIFS('Исходные данные'!$I$2:$I$964,'Исходные данные'!$D$2:$D$964,EQ$1,'Исходные данные'!$F$2:$F$964,$A55) -> 0 | ER55: =SUMIFS('Исходные данные'!$J$2:$J$964,'Исходные данные'!$D$2:$D$964,EQ$1,'Исходные данные'!$F$2:$F$964,$A55) -> 0 | ES55: 0 | ET55: 0 | EU55: =SUMIFS('Исходные данные'!$I$2:$I$964,'Исходные данные'!$D$2:$D$964,EU$1,'Исходные данные'!$F$2:$F$964,$A55) -> 0 | EV55: =SUMIFS('Исходные данные'!$J$2:$J$964,'Исходные данные'!$D$2:$D$964,EU$1,'Исходные данные'!$F$2:$F$964,$A55) -> 0 | EW55: 0 | EX55: 0 | EY55: =SUMIFS('Исходные данные'!$I$2:$I$964,'Исходные данные'!$D$2:$D$964,EY$1,'Исходные данные'!$F$2:$F$964,$A55) -> 0 | EZ55: =SUMIFS('Исходные данные'!$J$2:$J$964,'Исходные данные'!$D$2:$D$964,EY$1,'Исходные данные'!$F$2:$F$964,$A55) -> 0 | FA55: 0 | FB55: 0 | FC55: =SUMIFS('Исходные данные'!$I$2:$I$964,'Исходные данные'!$D$2:$D$964,FC$1,'Исходные данные'!$F$2:$F$964,$A55) -> 0 | FD55: =SUMIFS('Исходные данные'!$J$2:$J$964,'Исходные данные'!$D$2:$D$964,FC$1,'Исходные данные'!$F$2:$F$964,$A55) -> 0 | FE55: 0 | FF55: 0 | FG55: =SUMIFS('Исходные данные'!$I$2:$I$964,'Исходные данные'!$D$2:$D$964,FG$1,'Исходные данные'!$F$2:$F$964,$A55) -> 0 | FH55: =SUMIFS('Исходные данные'!$J$2:$J$964,'Исходные данные'!$D$2:$D$964,FG$1,'Исходные данные'!$F$2:$F$964,$A55) -> 0
B56: ИТОГО | C56: =SUM(C3:C55) -> 711 | D56: =SUM(D3:D55) -> 710 | E56: =SUM(E3:E55) -> 687 | F56: =SUM(F3:F55) -> -24 | G56: =SUM(G3:G55) -> 536 | H56: =SUM(H3:H55) -> 151 | I56: =SUM(I3:I55) -> 46 | J56: =SUM(J3:J55) -> 15 | ... FH56: =SUM(FH3:FH55) -> 6
B57: ВСЕГО день+ночь | D57: =I56+J56+M56+N56+Q56+R56+U56+V56+Y56+Z56+AC56+AD56+AG56+AH56+AK56+AL56+AO56+AP56+AS56+AT56+AW56+AX56+BA56+BB56+BE56+BF56+BI56+BJ56+BM56+BN56+BQ56+BR56+BU56+BV56+BY56+BZ56+CC56+CD56+CG56+CH56+CK56+CL56+CO56+CP56+CS56+CT56+CW56+CX56+DA56+DB56+DE56+DF56+DI56+DJ56+DM56+DN56+DQ56+DR56+DU56+DV56+DY56+DZ56+EC56+ED56+EG56+EH56+EK56+EL56+EO56+EP56+ES56+ET56+EW56+EX56+FA56+FB56+FE56+FF56 -> 710 | E57: =E56 -> 687 | I57: =I56+J56 -> 61 | K57: =K56+L56 -> 59 | M57: =M56+N56 -> 42 | O57: =O56+P56 -> 39 | Q57: =Q56+R56 -> 81 | S57: =S56+T56 -> 80 | U57: =U56+V56 -> 4 | W57: =W56+X56 -> 6 | Y57: =Y56+Z56 -> 21 | AA57: =AA56+AB56 -> 21 | AC57: =AC56+AD56 -> 34 | AE57: =AE56+AF56 -> 33 | AG57: =AG56+AH56 -> 28 | AI57: =AI56+AJ56 -> 25 | AK57: =AK56+AL56 -> 13 | AM57: =AM56+AN56 -> 12 | AO57: =AO56+AP56 -> 16 | AQ57: =AQ56+AR56 -> 12 | AS57: =AS56+AT56 -> 43 | AU57: =AU56+AV56 -> 44 | AW57: =AW56+AX56 -> 10 | AY57: =AY56+AZ56 -> 11 | BA57: =BA56+BB56 -> 18 | BC57: =BC56+BD56 -> 20 | BE57: =BE56+BF56 -> 15 | BG57: =BG56+BH56 -> 14 | BI57: =BI56+BJ56 -> 115 | BK57: =BK56+BL56 -> 111 | BM57: =BM56+BN56 -> 69 | BO57: =BO56+BP56 -> 72 | BQ57: =BQ56+BR56 -> 24 | BS57: =BS56+BT56 -> 21 | BU57: =BU56+BV56 -> 13 | BW57: =BW56+BX56 -> 13 | BY57: =BY56+BZ56 -> 10 | CA57: =CA56+CB56 -> 10 | CC57: =CC56+CD56 -> 9 | CE57: =CE56+CF56 -> 9 | CG57: =CG56+CH56 -> 8 | CI57: =CI56+CJ56 -> 8 | CK57: =CK56+CL56 -> 7 | CM57: =CM56+CN56 -> 7 | CO57: =CO56+CP56 -> 7 | CQ57: =CQ56+CR56 -> 6 | CS57: =CS56+CT56 -> 7 | CU57: =CU56+CV56 -> 7 | CW57: =CW56+CX56 -> 6 | CY57: =CY56+CZ56 -> 6 | DA57: =DA56+DB56 -> 3 | DC57: =DC56+DD56 -> 3 | DE57: =DE56+DF56 -> 3 | DG57: =DG56+DH56 -> 3 | DI57: =DI56+DJ56 -> 1 | DK57: =DK56+DL56 -> 1 | DM57: =DM56+DN56 -> 2 | DO57: =DO56+DP56 -> 2 | DQ57: =DQ56+DR56 -> 1 | DS57: =DS56+DT56 -> 2 | DU57: =DU56+DV56 -> 2 | DW57: =DW56+DX56 -> 2 | DY57: =DY56+DZ56 -> 1 | EA57: =EA56+EB56 -> 1 | EC57: =EC56+ED56 -> 1 | EE57: =EE56+EF56 -> 1 | EG57: =EG56+EH56 -> 1 | EI57: =EI56+EJ56 -> 1 | EK57: =EK56+EL56 -> 10 | EM57: =EM56+EN56 -> 1 | EO57: =EO56+EP56 -> 4 | EQ57: =EQ56+ER56 -> 4 | ES57: =ES56+ET56 -> 4 | EU57: =EU56+EV56 -> 4 | EW57: =EW56+EX56 -> 1 | EY57: =EY56+EZ56 -> 1 | FA57: =FA56+FB56 -> 1 | FC57: =FC56+FD56 -> 1 | FE57: =FE56+FF56 -> 14 | FG57: =FG56+FH56 -> 14

Sheet Ежедневная сводка
A1: Техника құралдарының Цехтарға шығуы | H1: күні 27.10.2026ж.
AE2: Откл. по цехам (факт − план)
A3: 1 | B3: ППУ | E3: Автокран (прод.) | I3: Техника | J3: План | K3: Факт | L3: Откл | M3: День | N3: Ночь | O3: ЦДН-1 | P3: ЦДН-2 | Q3: ЦДН-3 | R3: ЦППН | S3: ЦППД | T3: ЭЦ | U3: ОКС | V3: РСЦ | W3: ЦПП | X3: ЦИТС | Y3: ПРЦЭО | Z3: ГЦ | AA3: БМТС | AB3: Бурение | AC3: ЦПКРС-1 | AD3: ЦПКРС-2 | AE3: ЦДН-1 | AF3: ЦДН-2 | AG3: ЦДН-3 | AH3: ЦППН | AI3: ЦППД | AJ3: ЭЦ | AK3: ОКС | AL3: РСЦ | AM3: ЦИТС | AN3: ПРЦЭО | AO3: ГЦ | AP3: ЦПП | AQ3: БМТС | AR3: ЦПКРС-1 | AS3: ЦПКРС-2 | AT3: ГООС | AU3: Бурение
A4: 2 | B4: 34-Н2892/12 | C4: ЦДН-1 | E4: 28-3195н | F4: ЦПКРС-1 | O4: =IF(SUMIFS('Исходные данные'!$I$2:$I$964,'Исходные данные'!$D$2:$D$964,O$3,'Исходные данные'!$F$2:$F$964,$H5&"",'Исходные данные'!$L$2:$L$964,"УТТ")+SUMIFS('Исходные данные'!$J$2:$J$964,'Исходные данные'!$D$2:$D$964,O$3,'Исходные данные'!$F$2:$F$964,$H5&"",'Исходные данные'!$L$2:$L$964,"УТТ")=0,"","утт-"&(SUMIFS('Исходные данные'!$I$2:$I$964,'Исходные данные'!$D$2:$D$964,O$3,'Исходные данные'!$F$2:$F$964,$H5&"",'Исходные данные'!$L$2:$L$964,"УТТ")+SUMIFS('Исходные данные'!$J$2:$J$964,'Исходные данные'!$D$2:$D$964,O$3,'Исходные данные'!$F$2:$F$964,$H5&"",'Исходные данные'!$L$2:$L$964,"УТТ"))) -> утт-1 | P4: =IF(SUMIFS('Исходные данные'!$I$2:$I$964,'Исходные данные'!$D$2:$D$964,P$3,'Исходные данные'!$F$2:$F$964,$H5&"",'Исходные данные'!$L$2:$L$964,"УТТ")+SUMIFS('Исходные данные'!$J$2:$J$964,'Исходные данные'!$D$2:$D$964,P$3,'Исходные данные'!$F$2:$F$964,$H5&"",'Исходные данные'!$L$2:$L$964,"УТТ")=0,"","утт-"&(SUMIFS('Исходные данные'!$I$2:$I$964,'Исходные данные'!$D$2:$D$964,P$3,'Исходные данные'!$F$2:$F$964,$H5&"",'Исходные данные'!$L$2:$L$964,"УТТ")+SUMIFS('Исходные данные'!$J$2:$J$964,'Исходные данные'!$D$2:$D$964,P$3,'Исходные данные'!$F$2:$F$964,$H5&"",'Исходные данные'!$L$2:$L$964,"УТТ"))) -> утт-1 | Q4: =IF(SUMIFS('Исходные данные'!$I$2:$I$964,'Исходные данные'!$D$2:$D$964,Q$3,'Исходные данные'!$F$2:$F$964,$H5&"",'Исходные данные'!$L$2:$L$964,"УТТ")+SUMIFS('Исходные данные'!$J$2:$J$964,'Исходные данные'!$D$2:$D$964,Q$3,'Исходные данные'!$F$2:$F$964,$H5&"",'Исходные данные'!$L$2:$L$964,"УТТ")=0,"","утт-"&(SUMIFS('Исходные данные'!$I$2:$I$964,'Исходные данные'!$D$2:$D$964,Q$3,'Исходные данные'!$F$2:$F$964,$H5&"",'Исходные данные'!$L$2:$L$964,"УТТ")+SUMIFS('Исходные данные'!$J$2:$J$964,'Исходные данные'!$D$2:$D$964,Q$3,'Исходные данные'!$F$2:$F$964,$H5&"",'Исходные данные'!$L$2:$L$964,"УТТ"))) | R4: =IF(SUMIFS('Исходные данные'!$I$2:$I$964,'Исходные данные'!$D$2:$D$964,R$3,'Исходные данные'!$F$2:$F$964,$H5&"",'Исходные данные'!$L$2:$L$964,"УТТ")+SUMIFS('Исходные данные'!$J$2:$J$964,'Исходные данные'!$D$2:$D$964,R$3,'Исходные данные'!$F$2:$F$964,$H5&"",'Исходные данные'!$L$2:$L$964,"УТТ")=0,"","утт-"&(SUMIFS('Исходные данные'!$I$2:$I$964,'Исходные данные'!$D$2:$D$964,R$3,'Исходные данные'!$F$2:$F$964,$H5&"",'Исходные данные'!$L$2:$L$964,"УТТ")+SUMIFS('Исходные данные'!$J$2:$J$964,'Исходные данные'!$D$2:$D$964,R$3,'Исходные данные'!$F$2:$F$964,$H5&"",'Исходные данные'!$L$2:$L$964,"УТТ"))) | S4: =IF(SUMIFS('Исходные данные'!$I$2:$I$964,'Исходные данные'!$D$2:$D$964,S$3,'Исходные данные'!$F$2:$F$964,$H5&"",'Исходные данные'!$L$2:$L$964,"УТТ")+SUMIFS('Исходные данные'!$J$2:$J$964,'Исходные данные'!$D$2:$D$964,S$3,'Исходные данные'!$F$2:$F$964,$H5&"",'Исходные данные'!$L$2:$L$964,"УТТ")=0,"","утт-"&(SUMIFS('Исходные данные'!$I$2:$I$964,'Исходные данные'!$D$2:$D$964,S$3,'Исходные данные'!$F$2:$F$964,$H5&"",'Исходные данные'!$L$2:$L$964,"УТТ")+SUMIFS('Исходные данные'!$J$2:$J$964,'Исходные данные'!$D$2:$D$964,S$3,'Исходные данные'!$F$2:$F$964,$H5&"",'Исходные данные'!$L$2:$L$964,"УТТ"))) | T4: =IF(SUMIFS('Исходные данные'!$I$2:$I$964,'Исходные данные'!$D$2:$D$964,T$3,'Исходные данные'!$F$2:$F$964,$H5&"",'Исходные данные'!$L$2:$L$964,"УТТ")+SUMIFS('Исходные данные'!$J$2:$J$964,'Исходные данные'!$D$2:$D$964,T$3,'Исходные данные'!$F$2:$F$964,$H5&"",'Исходные данные'!$L$2:$L$964,"УТТ")=0,"","утт-"&(SUMIFS('Исходные данные'!$I$2:$I$964,'Исходные данные'!$D$2:$D$964,T$3,'Исходные данные'!$F$2:$F$964,$H5&"",'Исходные данные'!$L$2:$L$964,"УТТ")+SUMIFS('Исходные данные'!$J$2:$J$964,'Исходные данные'!$D$2:$D$964,T$3,'Исходные данные'!$F$2:$F$964,$H5&"",'Исходные данные'!$L$2:$L$964,"УТТ"))) | U4: =IF(SUMIFS('Исходные данные'!$I$2:$I$964,'Исходные данные'!$D$2:$D$964,U$3,'Исходные данные'!$F$2:$F$964,$H5&"",'Исходные данные'!$L$2:$L$964,"УТТ")+SUMIFS('Исходные данные'!$J$2:$J$964,'Исходные данные'!$D$2:$D$964,U$3,'Исходные данные'!$F$2:$F$964,$H5&"",'Исходные данные'!$L$2:$L$964,"УТТ")=0,"","утт-"&(SUMIFS('Исходные данные'!$I$2:$I$964,'Исходные данные'!$D$2:$D$964,U$3,'Исходные данные'!$F$2:$F$964,$H5&"",'Исходные данные'!$L$2:$L$964,"УТТ")+SUMIFS('Исходные данные'!$J$2:$J$964,'Исходные данные'!$D$2:$D$964,U$3,'Исходные данные'!$F$2:$F$964,$H5&"",'Исходные данные'!$L$2:$L$964,"УТТ"))) | V4: =IF(SUMIFS('Исходные данные'!$I$2:$I$964,'Исходные данные'!$D$2:$D$964,V$3,'Исходные данные'!$F$2:$F$964,$H5&"",'Исходные данные'!$L$2:$L$964,"УТТ")+SUMIFS('Исходные данные'!$J$2:$J$964,'Исходные данные'!$D$2:$D$964,V$3,'Исходные данные'!$F$2:$F$964,$H5&"",'Исходные данные'!$L$2:$L$964,"УТТ")=0,"","утт-"&(SUMIFS('Исходные данные'!$I$2:$I$964,'Исходные данные'!$D$2:$D$964,V$3,'Исходные данные'!$F$2:$F$964,$H5&"",'Исходные данные'!$L$2:$L$964,"УТТ")+SUMIFS('Исходные данные'!$J$2:$J$964,'Исходные данные'!$D$2:$D$964,V$3,'Исходные данные'!$F$2:$F$964,$H5&"",'Исходные данные'!$L$2:$L$964,"УТТ"))) | ... AD4: =IF(SUMIFS('Исходные данные'!$I$2:$I$964,'Исходные данные'!$D$2:$D$964,AD$3,'Исходные данные'!$F$2:$F$964,$H5&"",'Исходные данные'!$L$2:$L$964,"УТТ")+SUMIFS('Исходные данные'!$J$2:$J$964,'Исходные данные'!$D$2:$D$964,AD$3,'Исходные данные'!$F$2:$F$964,$H5&"",'Исходные данные'!$L$2:$L$964,"УТТ")=0,"","утт-"&(SUMIFS('Исходные данные'!$I$2:$I$964,'Исходные данные'!$D$2:$D$964,AD$3,'Исходные данные'!$F$2:$F$964,$H5&"",'Исходные данные'!$L$2:$L$964,"УТТ")+SUMIFS('Исходные данные'!$J$2:$J$964,'Исходные данные'!$D$2:$D$964,AD$3,'Исходные данные'!$F$2:$F$964,$H5&"",'Исходные данные'!$L$2:$L$964,"УТТ"))) -> утт-7
A5: 3 | B5: 34-Н3160/12 | C5: ЦДН-1 | E5: 28-3209 | F5: ЦПКРС-1 | H5: 34 | I5: ППУ | J5: =IFERROR(INDEX('Выход ТС'!$C:$C,MATCH($H5&"",'Выход ТС'!$A:$A,0)),"") -> 29 | K5: =IFERROR(INDEX('Выход ТС'!$E:$E,MATCH($H5&"",'Выход ТС'!$A:$A,0)),"") -> 27 | L5: =IFERROR(INDEX('Выход ТС'!$F:$F,MATCH($H5&"",'Выход ТС'!$A:$A,0)),"") -> -2 | M5: =IFERROR(IF(INDEX('Выход ТС'!$G:$G,MATCH($H5&"",'Выход ТС'!$A:$A,0))=0,"",INDEX('Выход ТС'!$G:$G,MATCH($H5&"",'Выход ТС'!$A:$A,0))),"") -> 19 | N5: =IFERROR(IF(INDEX('Выход ТС'!$H:$H,MATCH($H5&"",'Выход ТС'!$A:$A,0))=0,"",INDEX('Выход ТС'!$H:$H,MATCH($H5&"",'Выход ТС'!$A:$A,0))),"") -> 8 | O5: =IF(SUMIFS('Исходные данные'!$I$2:$I$964,'Исходные данные'!$D$2:$D$964,O$3,'Исходные данные'!$F$2:$F$964,$H5&"")+SUMIFS('Исходные данные'!$J$2:$J$964,'Исходные данные'!$D$2:$D$964,O$3,'Исходные данные'!$F$2:$F$964,$H5&"")=0,"",IF(SUMIFS('Исходные данные'!$J$2:$J$964,'Исходные данные'!$D$2:$D$964,O$3,'Исходные данные'!$F$2:$F$964,$H5&"")=0,SUMIFS('Исходные данные'!$I$2:$I$964,'Исходные данные'!$D$2:$D$964,O$3,'Исходные данные'!$F$2:$F$964,$H5&""),IF(SUMIFS('Исходные данные'!$I$2:$I$964,'Исходные данные'!$D$2:$D$964,O$3,'Исходные данные'!$F$2:$F$964,$H5&"")=0,"0+"&SUMIFS('Исходные данные'!$J$2:$J$964,'Исходные данные'!$D$2:$D$964,O$3,'Исходные данные'!$F$2:$F$964,$H5&"")&"="&SUMIFS('Исходные данные'!$J$2:$J$964,'Исходные данные'!$D$2:$D$964,O$3,'Исходные данные'!$F$2:$F$964,$H5&""),SUMIFS('Исходные данные'!$I$2:$I$964,'Исходные данные'!$D$2:$D$964,O$3,'Исходные данные'!$F$2:$F$964,$H5&"")&"+"&SUMIFS('Исходные данные'!$J$2:$J$964,'Исходные данные'!$D$2:$D$964,O$3,'Исходные данные'!$F$2:$F$964,$H5&"")&"="&(SUMIFS('Исходные данные'!$I$2:$I$964,'Исходные данные'!$D$2:$D$964,O$3,'Исходные данные'!$F$2:$F$964,$H5&"")+SUMIFS('Исходные данные'!$J$2:$J$964,'Исходные данные'!$D$2:$D$964,O$3,'Исходные данные'!$F$2:$F$964,$H5&""))))) -> 3+1=4 | P5: =IF(SUMIFS('Исходные данные'!$I$2:$I$964,'Исходные данные'!$D$2:$D$964,P$3,'Исходные данные'!$F$2:$F$964,$H5&"")+SUMIFS('Исходные данные'!$J$2:$J$964,'Исходные данные'!$D$2:$D$964,P$3,'Исходные данные'!$F$2:$F$964,$H5&"")=0,"",IF(SUMIFS('Исходные данные'!$J$2:$J$964,'Исходные данные'!$D$2:$D$964,P$3,'Исходные данные'!$F$2:$F$964,$H5&"")=0,SUMIFS('Исходные данные'!$I$2:$I$964,'Исходные данные'!$D$2:$D$964,P$3,'Исходные данные'!$F$2:$F$964,$H5&""),IF(SUMIFS('Исходные данные'!$I$2:$I$964,'Исходные данные'!$D$2:$D$964,P$3,'Исходные данные'!$F$2:$F$964,$H5&"")=0,"0+"&SUMIFS('Исходные данные'!$J$2:$J$964,'Исходные данные'!$D$2:$D$964,P$3,'Исходные данные'!$F$2:$F$964,$H5&"")&"="&SUMIFS('Исходные данные'!$J$2:$J$964,'Исходные данные'!$D$2:$D$964,P$3,'Исходные данные'!$F$2:$F$964,$H5&""),SUMIFS('Исходные данные'!$I$2:$I$964,'Исходные данные'!$D$2:$D$964,P$3,'Исходные данные'!$F$2:$F$964,$H5&"")&"+"&SUMIFS('Исходные данные'!$J$2:$J$964,'Исходные данные'!$D$2:$D$964,P$3,'Исходные данные'!$F$2:$F$964,$H5&"")&"="&(SUMIFS('Исходные данные'!$I$2:$I$964,'Исходные данные'!$D$2:$D$964,P$3,'Исходные данные'!$F$2:$F$964,$H5&"")+SUMIFS('Исходные данные'!$J$2:$J$964,'Исходные данные'!$D$2:$D$964,P$3,'Исходные данные'!$F$2:$F$964,$H5&""))))) -> 2 | Q5: =IF(SUMIFS('Исходные данные'!$I$2:$I$964,'Исходные данные'!$D$2:$D$964,Q$3,'Исходные данные'!$F$2:$F$964,$H5&"")+SUMIFS('Исходные данные'!$J$2:$J$964,'Исходные данные'!$D$2:$D$964,Q$3,'Исходные данные'!$F$2:$F$964,$H5&"")=0,"",IF(SUMIFS('Исходные данные'!$J$2:$J$964,'Исходные данные'!$D$2:$D$964,Q$3,'Исходные данные'!$F$2:$F$964,$H5&"")=0,SUMIFS('Исходные данные'!$I$2:$I$964,'Исходные данные'!$D$2:$D$964,Q$3,'Исходные данные'!$F$2:$F$964,$H5&""),IF(SUMIFS('Исходные данные'!$I$2:$I$964,'Исходные данные'!$D$2:$D$964,Q$3,'Исходные данные'!$F$2:$F$964,$H5&"")=0,"0+"&SUMIFS('Исходные данные'!$J$2:$J$964,'Исходные данные'!$D$2:$D$964,Q$3,'Исходные данные'!$F$2:$F$964,$H5&"")&"="&SUMIFS('Исходные данные'!$J$2:$J$964,'Исходные данные'!$D$2:$D$964,Q$3,'Исходные данные'!$F$2:$F$964,$H5&""),SUMIFS('Исходные данные'!$I$2:$I$964,'Исходные данные'!$D$2:$D$964,Q$3,'Исходные данные'!$F$2:$F$964,$H5&"")&"+"&SUMIFS('Исходные данные'!$J$2:$J$964,'Исходные данные'!$D$2:$D$964,Q$3,'Исходные данные'!$F$2:$F$964,$H5&"")&"="&(SUMIFS('Исходные данные'!$I$2:$I$964,'Исходные данные'!$D$2:$D$964,Q$3,'Исходные данные'!$F$2:$F$964,$H5&"")+SUMIFS('Исходные данные'!$J$2:$J$964,'Исходные данные'!$D$2:$D$964,Q$3,'Исходные данные'!$F$2:$F$964,$H5&""))))) -> 3+1=4 | R5: =IF(SUMIFS('Исходные данные'!$I$2:$I$964,'Исходные данные'!$D$2:$D$964,R$3,'Исходные данные'!$F$2:$F$964,$H5&"")+SUMIFS('Исходные данные'!$J$2:$J$964,'Исходные данные'!$D$2:$D$964,R$3,'Исходные данные'!$F$2:$F$964,$H5&"")=0,"",IF(SUMIFS('Исходные данные'!$J$2:$J$964,'Исходные данные'!$D$2:$D$964,R$3,'Исходные данные'!$F$2:$F$964,$H5&"")=0,SUMIFS('Исходные данные'!$I$2:$I$964,'Исходные данные'!$D$2:$D$964,R$3,'Исходные данные'!$F$2:$F$964,$H5&""),IF(SUMIFS('Исходные данные'!$I$2:$I$964,'Исходные данные'!$D$2:$D$964,R$3,'Исходные данные'!$F$2:$F$964,$H5&"")=0,"0+"&SUMIFS('Исходные данные'!$J$2:$J$964,'Исходные данные'!$D$2:$D$964,R$3,'Исходные данные'!$F$2:$F$964,$H5&"")&"="&SUMIFS('Исходные данные'!$J$2:$J$964,'Исходные данные'!$D$2:$D$964,R$3,'Исходные данные'!$F$2:$F$964,$H5&""),SUMIFS('Исходные данные'!$I$2:$I$964,'Исходные данные'!$D$2:$D$964,R$3,'Исходные данные'!$F$2:$F$964,$H5&"")&"+"&SUMIFS('Исходные данные'!$J$2:$J$964,'Исходные данные'!$D$2:$D$964,R$3,'Исходные данные'!$F$2:$F$964,$H5&"")&"="&(SUMIFS('Исходные данные'!$I$2:$I$964,'Исходные данные'!$D$2:$D$964,R$3,'Исходные данные'!$F$2:$F$964,$H5&"")+SUMIFS('Исходные данные'!$J$2:$J$964,'Исходные данные'!$D$2:$D$964,R$3,'Исходные данные'!$F$2:$F$964,$H5&""))))) -> 1 | S5: =IF(SUMIFS('Исходные данные'!$I$2:$I$964,'Исходные данные'!$D$2:$D$964,S$3,'Исходные данные'!$F$2:$F$964,$H5&"")+SUMIFS('Исходные данные'!$J$2:$J$964,'Исходные данные'!$D$2:$D$964,S$3,'Исходные данные'!$F$2:$F$964,$H5&"")=0,"",IF(SUMIFS('Исходные данные'!$J$2:$J$964,'Исходные данные'!$D$2:$D$964,S$3,'Исходные данные'!$F$2:$F$964,$H5&"")=0,SUMIFS('Исходные данные'!$I$2:$I$964,'Исходные данные'!$D$2:$D$964,S$3,'Исходные данные'!$F$2:$F$964,$H5&""),IF(SUMIFS('Исходные данные'!$I$2:$I$964,'Исходные данные'!$D$2:$D$964,S$3,'Исходные данные'!$F$2:$F$964,$H5&"")=0,"0+"&SUMIFS('Исходные данные'!$J$2:$J$964,'Исходные данные'!$D$2:$D$964,S$3,'Исходные данные'!$F$2:$F$964,$H5&"")&"="&SUMIFS('Исходные данные'!$J$2:$J$964,'Исходные данные'!$D$2:$D$964,S$3,'Исходные данные'!$F$2:$F$964,$H5&""),SUMIFS('Исходные данные'!$I$2:$I$964,'Исходные данные'!$D$2:$D$964,S$3,'Исходные данные'!$F$2:$F$964,$H5&"")&"+"&SUMIFS('Исходные данные'!$J$2:$J$964,'Исходные данные'!$D$2:$D$964,S$3,'Исходные данные'!$F$2:$F$964,$H5&"")&"="&(SUMIFS('Исходные данные'!$I$2:$I$964,'Исходные данные'!$D$2:$D$964,S$3,'Исходные данные'!$F$2:$F$964,$H5&"")+SUMIFS('Исходные данные'!$J$2:$J$964,'Исходные данные'!$D$2:$D$964,S$3,'Исходные данные'!$F$2:$F$964,$H5&""))))) -> 1 | T5: =IF(SUMIFS('Исходные данные'!$I$2:$I$964,'Исходные данные'!$D$2:$D$964,T$3,'Исходные данные'!$F$2:$F$964,$H5&"")+SUMIFS('Исходные данные'!$J$2:$J$964,'Исходные данные'!$D$2:$D$964,T$3,'Исходные данные'!$F$2:$F$964,$H5&"")=0,"",IF(SUMIFS('Исходные данные'!$J$2:$J$964,'Исходные данные'!$D$2:$D$964,T$3,'Исходные данные'!$F$2:$F$964,$H5&"")=0,SUMIFS('Исходные данные'!$I$2:$I$964,'Исходные данные'!$D$2:$D$964,T$3,'Исходные данные'!$F$2:$F$964,$H5&""),IF(SUMIFS('Исходные данные'!$I$2:$I$964,'Исходные данные'!$D$2:$D$964,T$3,'Исходные данные'!$F$2:$F$964,$H5&"")=0,"0+"&SUMIFS('Исходные данные'!$J$2:$J$964,'Исходные данные'!$D$2:$D$964,T$3,'Исходные данные'!$F$2:$F$964,$H5&"")&"="&SUMIFS('Исходные данные'!$J$2:$J$964,'Исходные данные'!$D$2:$D$964,T$3,'Исходные данные'!$F$2:$F$964,$H5&""),SUMIFS('Исходные данные'!$I$2:$I$964,'Исходные данные'!$D$2:$D$964,T$3,'Исходные данные'!$F$2:$F$964,$H5&"")&"+"&SUMIFS('Исходные данные'!$J$2:$J$964,'Исходные данные'!$D$2:$D$964,T$3,'Исходные данные'!$F$2:$F$964,$H5&"")&"="&(SUMIFS('Исходные данные'!$I$2:$I$964,'Исходные данные'!$D$2:$D$964,T$3,'Исходные данные'!$F$2:$F$964,$H5&"")+SUMIFS('Исходные данные'!$J$2:$J$964,'Исходные данные'!$D$2:$D$964,T$3,'Исходные данные'!$F$2:$F$964,$H5&""))))) | U5: =IF(SUMIFS('Исходные данные'!$I$2:$I$964,'Исходные данные'!$D$2:$D$964,U$3,'Исходные данные'!$F$2:$F$964,$H5&"")+SUMIFS('Исходные данные'!$J$2:$J$964,'Исходные данные'!$D$2:$D$964,U$3,'Исходные данные'!$F$2:$F$964,$H5&"")=0,"",IF(SUMIFS('Исходные данные'!$J$2:$J$964,'Исходные данные'!$D$2:$D$964,U$3,'Исходные данные'!$F$2:$F$964,$H5&"")=0,SUMIFS('Исходные данные'!$I$2:$I$964,'Исходные данные'!$D$2:$D$964,U$3,'Исходные данные'!$F$2:$F$964,$H5&""),IF(SUMIFS('Исходные данные'!$I$2:$I$964,'Исходные данные'!$D$2:$D$964,U$3,'Исходные данные'!$F$2:$F$964,$H5&"")=0,"0+"&SUMIFS('Исходные данные'!$J$2:$J$964,'Исходные данные'!$D$2:$D$964,U$3,'Исходные данные'!$F$2:$F$964,$H5&"")&"="&SUMIFS('Исходные данные'!$J$2:$J$964,'Исходные данные'!$D$2:$D$964,U$3,'Исходные данные'!$F$2:$F$964,$H5&""),SUMIFS('Исходные данные'!$I$2:$I$964,'Исходные данные'!$D$2:$D$964,U$3,'Исходные данные'!$F$2:$F$964,$H5&"")&"+"&SUMIFS('Исходные данные'!$J$2:$J$964,'Исходные данные'!$D$2:$D$964,U$3,'Исходные данные'!$F$2:$F$964,$H5&"")&"="&(SUMIFS('Исходные данные'!$I$2:$I$964,'Исходные данные'!$D$2:$D$964,U$3,'Исходные данные'!$F$2:$F$964,$H5&"")+SUMIFS('Исходные данные'!$J$2:$J$964,'Исходные данные'!$D$2:$D$964,U$3,'Исходные данные'!$F$2:$F$964,$H5&""))))) | V5: =IF(SUMIFS('Исходные данные'!$I$2:$I$964,'Исходные данные'!$D$2:$D$964,V$3,'Исходные данные'!$F$2:$F$964,$H5&"")+SUMIFS('Исходные данные'!$J$2:$J$964,'Исходные данные'!$D$2:$D$964,V$3,'Исходные данные'!$F$2:$F$964,$H5&"")=0,"",IF(SUMIFS('Исходные данные'!$J$2:$J$964,'Исходные данные'!$D$2:$D$964,V$3,'Исходные данные'!$F$2:$F$964,$H5&"")=0,SUMIFS('Исходные данные'!$I$2:$I$964,'Исходные данные'!$D$2:$D$964,V$3,'Исходные данные'!$F$2:$F$964,$H5&""),IF(SUMIFS('Исходные данные'!$I$2:$I$964,'Исходные данные'!$D$2:$D$964,V$3,'Исходные данные'!$F$2:$F$964,$H5&"")=0,"0+"&SUMIFS('Исходные данные'!$J$2:$J$964,'Исходные данные'!$D$2:$D$964,V$3,'Исходные данные'!$F$2:$F$964,$H5&"")&"="&SUMIFS('Исходные данные'!$J$2:$J$964,'Исходные данные'!$D$2:$D$964,V$3,'Исходные данные'!$F$2:$F$964,$H5&""),SUMIFS('Исходные данные'!$I$2:$I$964,'Исходные данные'!$D$2:$D$964,V$3,'Исходные данные'!$F$2:$F$964,$H5&"")&"+"&SUMIFS('Исходные данные'!$J$2:$J$964,'Исходные данные'!$D$2:$D$964,V$3,'Исходные данные'!$F$2:$F$964,$H5&"")&"="&(SUMIFS('Исходные данные'!$I$2:$I$964,'Исходные данные'!$D$2:$D$964,V$3,'Исходные данные'!$F$2:$F$964,$H5&"")+SUMIFS('Исходные данные'!$J$2:$J$964,'Исходные данные'!$D$2:$D$964,V$3,'Исходные данные'!$F$2:$F$964,$H5&""))))) | ... AD5: =IF(SUMIFS('Исходные данные'!$I$2:$I$964,'Исходные данные'!$D$2:$D$964,AD$3,'Исходные данные'!$F$2:$F$964,$H5&"")+SUMIFS('Исходные данные'!$J$2:$J$964,'Исходные данные'!$D$2:$D$964,AD$3,'Исходные данные'!$F$2:$F$964,$H5&"")=0,"",IF(SUMIFS('Исходные данные'!$J$2:$J$964,'Исходные данные'!$D$2:$D$964,AD$3,'Исходные данные'!$F$2:$F$964,$H5&"")=0,SUMIFS('Исходные данные'!$I$2:$I$964,'Исходные данные'!$D$2:$D$964,AD$3,'Исходные данные'!$F$2:$F$964,$H5&""),IF(SUMIFS('Исходные данные'!$I$2:$I$964,'Исходные данные'!$D$2:$D$964,AD$3,'Исходные данные'!$F$2:$F$964,$H5&"")=0,"0+"&SUMIFS('Исходные данные'!$J$2:$J$964,'Исходные данные'!$D$2:$D$964,AD$3,'Исходные данные'!$F$2:$F$964,$H5&"")&"="&SUMIFS('Исходные данные'!$J$2:$J$964,'Исходные данные'!$D$2:$D$964,AD$3,'Исходные данные'!$F$2:$F$964,$H5&""),SUMIFS('Исходные данные'!$I$2:$I$964,'Исходные данные'!$D$2:$D$964,AD$3,'Исходные данные'!$F$2:$F$964,$H5&"")&"+"&SUMIFS('Исходные данные'!$J$2:$J$964,'Исходные данные'!$D$2:$D$964,AD$3,'Исходные данные'!$F$2:$F$964,$H5&"")&"="&(SUMIFS('Исходные данные'!$I$2:$I$964,'Исходные данные'!$D$2:$D$964,AD$3,'Исходные данные'!$F$2:$F$964,$H5&"")+SUMIFS('Исходные данные'!$J$2:$J$964,'Исходные данные'!$D$2:$D$964,AD$3,'Исходные данные'!$F$2:$F$964,$H5&""))))) -> 4+3=7 | AE5: =IFERROR(INDEX('Выход ТС'!$K:$K,MATCH($H5&"",'Выход ТС'!$A:$A,0))+INDEX('Выход ТС'!$L:$L,MATCH($H5&"",'Выход ТС'!$A:$A,0))-INDEX('Выход ТС'!$I:$I,MATCH($H5&"",'Выход ТС'!$A:$A,0))-INDEX('Выход ТС'!$J:$J,MATCH($H5&"",'Выход ТС'!$A:$A,0)),"") -> -1 | AF5: =IFERROR(INDEX('Выход ТС'!$O:$O,MATCH($H5&"",'Выход ТС'!$A:$A,0))+INDEX('Выход ТС'!$P:$P,MATCH($H5&"",'Выход ТС'!$A:$A,0))-INDEX('Выход ТС'!$M:$M,MATCH($H5&"",'Выход ТС'!$A:$A,0))-INDEX('Выход ТС'!$N:$N,MATCH($H5&"",'Выход ТС'!$A:$A,0)),"") -> -1 | AG5: =IFERROR(INDEX('Выход ТС'!$S:$S,MATCH($H5&"",'Выход ТС'!$A:$A,0))+INDEX('Выход ТС'!$T:$T,MATCH($H5&"",'Выход ТС'!$A:$A,0))-INDEX('Выход ТС'!$Q:$Q,MATCH($H5&"",'Выход ТС'!$A:$A,0))-INDEX('Выход ТС'!$R:$R,MATCH($H5&"",'Выход ТС'!$A:$A,0)),"") -> -1 | AH5: =IFERROR(INDEX('Выход ТС'!$W:$W,MATCH($H5&"",'Выход ТС'!$A:$A,0))+INDEX('Выход ТС'!$X:$X,MATCH($H5&"",'Выход ТС'!$A:$A,0))-INDEX('Выход ТС'!$U:$U,MATCH($H5&"",'Выход ТС'!$A:$A,0))-INDEX('Выход ТС'!$V:$V,MATCH($H5&"",'Выход ТС'!$A:$A,0)),"") -> 1 | AI5: =IFERROR(INDEX('Выход ТС'!$AA:$AA,MATCH($H5&"",'Выход ТС'!$A:$A,0))+INDEX('Выход ТС'!$AB:$AB,MATCH($H5&"",'Выход ТС'!$A:$A,0))-INDEX('Выход ТС'!$Y:$Y,MATCH($H5&"",'Выход ТС'!$A:$A,0))-INDEX('Выход ТС'!$Z:$Z,MATCH($H5&"",'Выход ТС'!$A:$A,0)),"") -> 0 | AJ5: =IFERROR(INDEX('Выход ТС'!$AE:$AE,MATCH($H5&"",'Выход ТС'!$A:$A,0))+INDEX('Выход ТС'!$AF:$AF,MATCH($H5&"",'Выход ТС'!$A:$A,0))-INDEX('Выход ТС'!$AC:$AC,MATCH($H5&"",'Выход ТС'!$A:$A,0))-INDEX('Выход ТС'!$AD:$AD,MATCH($H5&"",'Выход ТС'!$A:$A,0)),"") -> 0 | AK5: =IFERROR(INDEX('Выход ТС'!$AI:$AI,MATCH($H5&"",'Выход ТС'!$A:$A,0))+INDEX('Выход ТС'!$AJ:$AJ,MATCH($H5&"",'Выход ТС'!$A:$A,0))-INDEX('Выход ТС'!$AG:$AG,MATCH($H5&"",'Выход ТС'!$A:$A,0))-INDEX('Выход ТС'!$AH:$AH,MATCH($H5&"",'Выход ТС'!$A:$A,0)),"") -> 0 | AL5: =IFERROR(INDEX('Выход ТС'!$AM:$AM,MATCH($H5&"",'Выход ТС'!$A:$A,0))+INDEX('Выход ТС'!$AN:$AN,MATCH($H5&"",'Выход ТС'!$A:$A,0))-INDEX('Выход ТС'!$AK:$AK,MATCH($H5&"",'Выход ТС'!$A:$A,0))-INDEX('Выход ТС'!$AL:$AL,MATCH($H5&"",'Выход ТС'!$A:$A,0)),"") -> 0 | AM5: =IFERROR(INDEX('Выход ТС'!$AQ:$AQ,MATCH($H5&"",'Выход ТС'!$A:$A,0))+INDEX('Выход ТС'!$AR:$AR,MATCH($H5&"",'Выход ТС'!$A:$A,0))-INDEX('Выход ТС'!$AO:$AO,MATCH($H5&"",'Выход ТС'!$A:$A,0))-INDEX('Выход ТС'!$AP:$AP,MATCH($H5&"",'Выход ТС'!$A:$A,0)),"") -> 0 | AN5: =IFERROR(INDEX('Выход ТС'!$AU:$AU,MATCH($H5&"",'Выход ТС'!$A:$A,0))+INDEX('Выход ТС'!$AV:$AV,MATCH($H5&"",'Выход ТС'!$A:$A,0))-INDEX('Выход ТС'!$AS:$AS,MATCH($H5&"",'Выход ТС'!$A:$A,0))-INDEX('Выход ТС'!$AT:$AT,MATCH($H5&"",'Выход ТС'!$A:$A,0)),"") -> 0 | AO5: =IFERROR(INDEX('Выход ТС'!$AY:$AY,MATCH($H5&"",'Выход ТС'!$A:$A,0))+INDEX('Выход ТС'!$AZ:$AZ,MATCH($H5&"",'Выход ТС'!$A:$A,0))-INDEX('Выход ТС'!$AW:$AW,MATCH($H5&"",'Выход ТС'!$A:$A,0))-INDEX('Выход ТС'!$AX:$AX,MATCH($H5&"",'Выход ТС'!$A:$A,0)),"") -> 0 | AP5: =IFERROR(INDEX('Выход ТС'!$BC:$BC,MATCH($H5&"",'Выход ТС'!$A:$A,0))+INDEX('Выход ТС'!$BD:$BD,MATCH($H5&"",'Выход ТС'!$A:$A,0))-INDEX('Выход ТС'!$BA:$BA,MATCH($H5&"",'Выход ТС'!$A:$A,0))-INDEX('Выход ТС'!$BB:$BB,MATCH($H5&"",'Выход ТС'!$A:$A,0)),"") -> 0 | AQ5: =IFERROR(INDEX('Выход ТС'!$BG:$BG,MATCH($H5&"",'Выход ТС'!$A:$A,0))+INDEX('Выход ТС'!$BH:$BH,MATCH($H5&"",'Выход ТС'!$A:$A,0))-INDEX('Выход ТС'!$BE:$BE,MATCH($H5&"",'Выход ТС'!$A:$A,0))-INDEX('Выход ТС'!$BF:$BF,MATCH($H5&"",'Выход ТС'!$A:$A,0)),"") -> 0 | AR5: =IFERROR(INDEX('Выход ТС'!$BK:$BK,MATCH($H5&"",'Выход ТС'!$A:$A,0))+INDEX('Выход ТС'!$BL:$BL,MATCH($H5&"",'Выход ТС'!$A:$A,0))-INDEX('Выход ТС'!$BI:$BI,MATCH($H5&"",'Выход ТС'!$A:$A,0))-INDEX('Выход ТС'!$BJ:$BJ,MATCH($H5&"",'Выход ТС'!$A:$A,0)),"") -> 0 | AS5: =IFERROR(INDEX('Выход ТС'!$BO:$BO,MATCH($H5&"",'Выход ТС'!$A:$A,0))+INDEX('Выход ТС'!$BP:$BP,MATCH($H5&"",'Выход ТС'!$A:$A,0))-INDEX('Выход ТС'!$BM:$BM,MATCH($H5&"",'Выход ТС'!$A:$A,0))-INDEX('Выход ТС'!$BN:$BN,MATCH($H5&"",'Выход ТС'!$A:$A,0)),"") -> 0 | AT5: =IFERROR(INDEX('Выход ТС'!$CI:$CI,MATCH($H5&"",'Выход ТС'!$A:$A,0))+INDEX('Выход ТС'!$CJ:$CJ,MATCH($H5&"",'Выход ТС'!$A:$A,0))-INDEX('Выход ТС'!$CG:$CG,MATCH($H5&"",'Выход ТС'!$A:$A,0))-INDEX('Выход ТС'!$CH:$CH,MATCH($H5&"",'Выход ТС'!$A:$A,0)),"") -> 0 | AU5: =IFERROR(INDEX('Выход ТС'!$CM:$CM,MATCH($H5&"",'Выход ТС'!$A:$A,0))+INDEX('Выход ТС'!$CN:$CN,MATCH($H5&"",'Выход ТС'!$A:$A,0))-INDEX('Выход ТС'!$CK:$CK,MATCH($H5&"",'Выход ТС'!$A:$A,0))-INDEX('Выход ТС'!$CL:$CL,MATCH($H5&"",'Выход ТС'!$A:$A,0)),"") -> 0
A6: 4 | B6: 34-Н3407/12н | C6: ЦДН-1 | E6: 28-3421н | F6: ЦПКРС-1 | O6: =IF(SUMIFS('Исходные данные'!$I$2:$I$964,'Исходные данные'!$D$2:$D$964,O$3,'Исходные данные'!$F$2:$F$964,$H7&"",'Исходные данные'!$L$2:$L$964,"УТТ")+SUMIFS('Исходные данные'!$J$2:$J$964,'Исходные данные'!$D$2:$D$964,O$3,'Исходные данные'!$F$2:$F$964,$H7&"",'Исходные данные'!$L$2:$L$964,"УТТ")=0,"","утт-"&(SUMIFS('Исходные данные'!$I$2:$I$964,'Исходные данные'!$D$2:$D$964,O$3,'Исходные данные'!$F$2:$F$964,$H7&"",'Исходные данные'!$L$2:$L$964,"УТТ")+SUMIFS('Исходные данные'!$J$2:$J$964,'Исходные данные'!$D$2:$D$964,O$3,'Исходные данные'!$F$2:$F$964,$H7&"",'Исходные данные'!$L$2:$L$964,"УТТ"))) | P6: =IF(SUMIFS('Исходные данные'!$I$2:$I$964,'Исходные данные'!$D$2:$D$964,P$3,'Исходные данные'!$F$2:$F$964,$H7&"",'Исходные данные'!$L$2:$L$964,"УТТ")+SUMIFS('Исходные данные'!$J$2:$J$964,'Исходные данные'!$D$2:$D$964,P$3,'Исходные данные'!$F$2:$F$964,$H7&"",'Исходные данные'!$L$2:$L$964,"УТТ")=0,"","утт-"&(SUMIFS('Исходные данные'!$I$2:$I$964,'Исходные данные'!$D$2:$D$964,P$3,'Исходные данные'!$F$2:$F$964,$H7&"",'Исходные данные'!$L$2:$L$964,"УТТ")+SUMIFS('Исходные данные'!$J$2:$J$964,'Исходные данные'!$D$2:$D$964,P$3,'Исходные данные'!$F$2:$F$964,$H7&"",'Исходные данные'!$L$2:$L$964,"УТТ"))) | Q6: =IF(SUMIFS('Исходные данные'!$I$2:$I$964,'Исходные данные'!$D$2:$D$964,Q$3,'Исходные данные'!$F$2:$F$964,$H7&"",'Исходные данные'!$L$2:$L$964,"УТТ")+SUMIFS('Исходные данные'!$J$2:$J$964,'Исходные данные'!$D$2:$D$964,Q$3,'Исходные данные'!$F$2:$F$964,$H7&"",'Исходные данные'!$L$2:$L$964,"УТТ")=0,"","утт-"&(SUMIFS('Исходные данные'!$I$2:$I$964,'Исходные данные'!$D$2:$D$964,Q$3,'Исходные данные'!$F$2:$F$964,$H7&"",'Исходные данные'!$L$2:$L$964,"УТТ")+SUMIFS('Исходные данные'!$J$2:$J$964,'Исходные данные'!$D$2:$D$964,Q$3,'Исходные данные'!$F$2:$F$964,$H7&"",'Исходные данные'!$L$2:$L$964,"УТТ"))) | R6: =IF(SUMIFS('Исходные данные'!$I$2:$I$964,'Исходные данные'!$D$2:$D$964,R$3,'Исходные данные'!$F$2:$F$964,$H7&"",'Исходные данные'!$L$2:$L$964,"УТТ")+SUMIFS('Исходные данные'!$J$2:$J$964,'Исходные данные'!$D$2:$D$964,R$3,'Исходные данные'!$F$2:$F$964,$H7&"",'Исходные данные'!$L$2:$L$964,"УТТ")=0,"","утт-"&(SUMIFS('Исходные данные'!$I$2:$I$964,'Исходные данные'!$D$2:$D$964,R$3,'Исходные данные'!$F$2:$F$964,$H7&"",'Исходные данные'!$L$2:$L$964,"УТТ")+SUMIFS('Исходные данные'!$J$2:$J$964,'Исходные данные'!$D$2:$D$964,R$3,'Исходные данные'!$F$2:$F$964,$H7&"",'Исходные данные'!$L$2:$L$964,"УТТ"))) | S6: =IF(SUMIFS('Исходные данные'!$I$2:$I$964,'Исходные данные'!$D$2:$D$964,S$3,'Исходные данные'!$F$2:$F$964,$H7&"",'Исходные данные'!$L$2:$L$964,"УТТ")+SUMIFS('Исходные данные'!$J$2:$J$964,'Исходные данные'!$D$2:$D$964,S$3,'Исходные данные'!$F$2:$F$964,$H7&"",'Исходные данные'!$L$2:$L$964,"УТТ")=0,"","утт-"&(SUMIFS('Исходные данные'!$I$2:$I$964,'Исходные данные'!$D$2:$D$964,S$3,'Исходные данные'!$F$2:$F$964,$H7&"",'Исходные данные'!$L$2:$L$964,"УТТ")+SUMIFS('Исходные данные'!$J$2:$J$964,'Исходные данные'!$D$2:$D$964,S$3,'Исходные данные'!$F$2:$F$964,$H7&"",'Исходные данные'!$L$2:$L$964,"УТТ"))) | T6: =IF(SUMIFS('Исходные данные'!$I$2:$I$964,'Исходные данные'!$D$2:$D$964,T$3,'Исходные данные'!$F$2:$F$964,$H7&"",'Исходные данные'!$L$2:$L$964,"УТТ")+SUMIFS('Исходные данные'!$J$2:$J$964,'Исходные данные'!$D$2:$D$964,T$3,'Исходные данные'!$F$2:$F$964,$H7&"",'Исходные данные'!$L$2:$L$964,"УТТ")=0,"","утт-"&(SUMIFS('Исходные данные'!$I$2:$I$964,'Исходные данные'!$D$2:$D$964,T$3,'Исходные данные'!$F$2:$F$964,$H7&"",'Исходные данные'!$L$2:$L$964,"УТТ")+SUMIFS('Исходные данные'!$J$2:$J$964,'Исходные данные'!$D$2:$D$964,T$3,'Исходные данные'!$F$2:$F$964,$H7&"",'Исходные данные'!$L$2:$L$964,"УТТ"))) | U6: =IF(SUMIFS('Исходные данные'!$I$2:$I$964,'Исходные данные'!$D$2:$D$964,U$3,'Исходные данные'!$F$2:$F$964,$H7&"",'Исходные данные'!$L$2:$L$964,"УТТ")+SUMIFS('Исходные данные'!$J$2:$J$964,'Исходные данные'!$D$2:$D$964,U$3,'Исходные данные'!$F$2:$F$964,$H7&"",'Исходные данные'!$L$2:$L$964,"УТТ")=0,"","утт-"&(SUMIFS('Исходные данные'!$I$2:$I$964,'Исходные данные'!$D$2:$D$964,U$3,'Исходные данные'!$F$2:$F$964,$H7&"",'Исходные данные'!$L$2:$L$964,"УТТ")+SUMIFS('Исходные данные'!$J$2:$J$964,'Исходные данные'!$D$2:$D$964,U$3,'Исходные данные'!$F$2:$F$964,$H7&"",'Исходные данные'!$L$2:$L$964,"УТТ"))) | V6: =IF(SUMIFS('Исходные данные'!$I$2:$I$964,'Исходные данные'!$D$2:$D$964,V$3,'Исходные данные'!$F$2:$F$964,$H7&"",'Исходные данные'!$L$2:$L$964,"УТТ")+SUMIFS('Исходные данные'!$J$2:$J$964,'Исходные данные'!$D$2:$D$964,V$3,'Исходные данные'!$F$2:$F$964,$H7&"",'Исходные данные'!$L$2:$L$964,"УТТ")=0,"","утт-"&(SUMIFS('Исходные данные'!$I$2:$I$964,'Исходные данные'!$D$2:$D$964,V$3,'Исходные данные'!$F$2:$F$964,$H7&"",'Исходные данные'!$L$2:$L$964,"УТТ")+SUMIFS('Исходные данные'!$J$2:$J$964,'Исходные данные'!$D$2:$D$964,V$3,'Исходные данные'!$F$2:$F$964,$H7&"",'Исходные данные'!$L$2:$L$964,"УТТ"))) | ... AD6: =IF(SUMIFS('Исходные данные'!$I$2:$I$964,'Исходные данные'!$D$2:$D$964,AD$3,'Исходные данные'!$F$2:$F$964,$H7&"",'Исходные данные'!$L$2:$L$964,"УТТ")+SUMIFS('Исходные данные'!$J$2:$J$964,'Исходные данные'!$D$2:$D$964,AD$3,'Исходные данные'!$F$2:$F$964,$H7&"",'Исходные данные'!$L$2:$L$964,"УТТ")=0,"","утт-"&(SUMIFS('Исходные данные'!$I$2:$I$964,'Исходные данные'!$D$2:$D$964,AD$3,'Исходные данные'!$F$2:$F$964,$H7&"",'Исходные данные'!$L$2:$L$964,"УТТ")+SUMIFS('Исходные данные'!$J$2:$J$964,'Исходные данные'!$D$2:$D$964,AD$3,'Исходные данные'!$F$2:$F$964,$H7&"",'Исходные данные'!$L$2:$L$964,"УТТ")))
A7: 5 | B7: 34-Н347812д | C7: ЦДН-1 | E7: 28-647 | F7: ЦПКРС-1 | H7: 47 | I7: Экскаватор | J7: =IFERROR(INDEX('Выход ТС'!$C:$C,MATCH($H7&"",'Выход ТС'!$A:$A,0)),"") -> 10 | K7: =IFERROR(INDEX('Выход ТС'!$E:$E,MATCH($H7&"",'Выход ТС'!$A:$A,0)),"") -> 8 | L7: =IFERROR(INDEX('Выход ТС'!$F:$F,MATCH($H7&"",'Выход ТС'!$A:$A,0)),"") -> -2 | M7: =IFERROR(IF(INDEX('Выход ТС'!$G:$G,MATCH($H7&"",'Выход ТС'!$A:$A,0))=0,"",INDEX('Выход ТС'!$G:$G,MATCH($H7&"",'Выход ТС'!$A:$A,0))),"") -> 8 | N7: =IFERROR(IF(INDEX('Выход ТС'!$H:$H,MATCH($H7&"",'Выход ТС'!$A:$A,0))=0,"",INDEX('Выход ТС'!$H:$H,MATCH($H7&"",'Выход ТС'!$A:$A,0))),"") | O7: =IF(SUMIFS('Исходные данные'!$I$2:$I$964,'Исходные данные'!$D$2:$D$964,O$3,'Исходные данные'!$F$2:$F$964,$H7&"")+SUMIFS('Исходные данные'!$J$2:$J$964,'Исходные данные'!$D$2:$D$964,O$3,'Исходные данные'!$F$2:$F$964,$H7&"")=0,"",IF(SUMIFS('Исходные данные'!$J$2:$J$964,'Исходные данные'!$D$2:$D$964,O$3,'Исходные данные'!$F$2:$F$964,$H7&"")=0,SUMIFS('Исходные данные'!$I$2:$I$964,'Исходные данные'!$D$2:$D$964,O$3,'Исходные данные'!$F$2:$F$964,$H7&""),IF(SUMIFS('Исходные данные'!$I$2:$I$964,'Исходные данные'!$D$2:$D$964,O$3,'Исходные данные'!$F$2:$F$964,$H7&"")=0,"0+"&SUMIFS('Исходные данные'!$J$2:$J$964,'Исходные данные'!$D$2:$D$964,O$3,'Исходные данные'!$F$2:$F$964,$H7&"")&"="&SUMIFS('Исходные данные'!$J$2:$J$964,'Исходные данные'!$D$2:$D$964,O$3,'Исходные данные'!$F$2:$F$964,$H7&""),SUMIFS('Исходные данные'!$I$2:$I$964,'Исходные данные'!$D$2:$D$964,O$3,'Исходные данные'!$F$2:$F$964,$H7&"")&"+"&SUMIFS('Исходные данные'!$J$2:$J$964,'Исходные данные'!$D$2:$D$964,O$3,'Исходные данные'!$F$2:$F$964,$H7&"")&"="&(SUMIFS('Исходные данные'!$I$2:$I$964,'Исходные данные'!$D$2:$D$964,O$3,'Исходные данные'!$F$2:$F$964,$H7&"")+SUMIFS('Исходные данные'!$J$2:$J$964,'Исходные данные'!$D$2:$D$964,O$3,'Исходные данные'!$F$2:$F$964,$H7&""))))) -> 1 | P7: =IF(SUMIFS('Исходные данные'!$I$2:$I$964,'Исходные данные'!$D$2:$D$964,P$3,'Исходные данные'!$F$2:$F$964,$H7&"")+SUMIFS('Исходные данные'!$J$2:$J$964,'Исходные данные'!$D$2:$D$964,P$3,'Исходные данные'!$F$2:$F$964,$H7&"")=0,"",IF(SUMIFS('Исходные данные'!$J$2:$J$964,'Исходные данные'!$D$2:$D$964,P$3,'Исходные данные'!$F$2:$F$964,$H7&"")=0,SUMIFS('Исходные данные'!$I$2:$I$964,'Исходные данные'!$D$2:$D$964,P$3,'Исходные данные'!$F$2:$F$964,$H7&""),IF(SUMIFS('Исходные данные'!$I$2:$I$964,'Исходные данные'!$D$2:$D$964,P$3,'Исходные данные'!$F$2:$F$964,$H7&"")=0,"0+"&SUMIFS('Исходные данные'!$J$2:$J$964,'Исходные данные'!$D$2:$D$964,P$3,'Исходные данные'!$F$2:$F$964,$H7&"")&"="&SUMIFS('Исходные данные'!$J$2:$J$964,'Исходные данные'!$D$2:$D$964,P$3,'Исходные данные'!$F$2:$F$964,$H7&""),SUMIFS('Исходные данные'!$I$2:$I$964,'Исходные данные'!$D$2:$D$964,P$3,'Исходные данные'!$F$2:$F$964,$H7&"")&"+"&SUMIFS('Исходные данные'!$J$2:$J$964,'Исходные данные'!$D$2:$D$964,P$3,'Исходные данные'!$F$2:$F$964,$H7&"")&"="&(SUMIFS('Исходные данные'!$I$2:$I$964,'Исходные данные'!$D$2:$D$964,P$3,'Исходные данные'!$F$2:$F$964,$H7&"")+SUMIFS('Исходные данные'!$J$2:$J$964,'Исходные данные'!$D$2:$D$964,P$3,'Исходные данные'!$F$2:$F$964,$H7&""))))) -> 1 | Q7: =IF(SUMIFS('Исходные данные'!$I$2:$I$964,'Исходные данные'!$D$2:$D$964,Q$3,'Исходные данные'!$F$2:$F$964,$H7&"")+SUMIFS('Исходные данные'!$J$2:$J$964,'Исходные данные'!$D$2:$D$964,Q$3,'Исходные данные'!$F$2:$F$964,$H7&"")=0,"",IF(SUMIFS('Исходные данные'!$J$2:$J$964,'Исходные данные'!$D$2:$D$964,Q$3,'Исходные данные'!$F$2:$F$964,$H7&"")=0,SUMIFS('Исходные данные'!$I$2:$I$964,'Исходные данные'!$D$2:$D$964,Q$3,'Исходные данные'!$F$2:$F$964,$H7&""),IF(SUMIFS('Исходные данные'!$I$2:$I$964,'Исходные данные'!$D$2:$D$964,Q$3,'Исходные данные'!$F$2:$F$964,$H7&"")=0,"0+"&SUMIFS('Исходные данные'!$J$2:$J$964,'Исходные данные'!$D$2:$D$964,Q$3,'Исходные данные'!$F$2:$F$964,$H7&"")&"="&SUMIFS('Исходные данные'!$J$2:$J$964,'Исходные данные'!$D$2:$D$964,Q$3,'Исходные данные'!$F$2:$F$964,$H7&""),SUMIFS('Исходные данные'!$I$2:$I$964,'Исходные данные'!$D$2:$D$964,Q$3,'Исходные данные'!$F$2:$F$964,$H7&"")&"+"&SUMIFS('Исходные данные'!$J$2:$J$964,'Исходные данные'!$D$2:$D$964,Q$3,'Исходные данные'!$F$2:$F$964,$H7&"")&"="&(SUMIFS('Исходные данные'!$I$2:$I$964,'Исходные данные'!$D$2:$D$964,Q$3,'Исходные данные'!$F$2:$F$964,$H7&"")+SUMIFS('Исходные данные'!$J$2:$J$964,'Исходные данные'!$D$2:$D$964,Q$3,'Исходные данные'!$F$2:$F$964,$H7&""))))) -> 2 | R7: =IF(SUMIFS('Исходные данные'!$I$2:$I$964,'Исходные данные'!$D$2:$D$964,R$3,'Исходные данные'!$F$2:$F$964,$H7&"")+SUMIFS('Исходные данные'!$J$2:$J$964,'Исходные данные'!$D$2:$D$964,R$3,'Исходные данные'!$F$2:$F$964,$H7&"")=0,"",IF(SUMIFS('Исходные данные'!$J$2:$J$964,'Исходные данные'!$D$2:$D$964,R$3,'Исходные данные'!$F$2:$F$964,$H7&"")=0,SUMIFS('Исходные данные'!$I$2:$I$964,'Исходные данные'!$D$2:$D$964,R$3,'Исходные данные'!$F$2:$F$964,$H7&""),IF(SUMIFS('Исходные данные'!$I$2:$I$964,'Исходные данные'!$D$2:$D$964,R$3,'Исходные данные'!$F$2:$F$964,$H7&"")=0,"0+"&SUMIFS('Исходные данные'!$J$2:$J$964,'Исходные данные'!$D$2:$D$964,R$3,'Исходные данные'!$F$2:$F$964,$H7&"")&"="&SUMIFS('Исходные данные'!$J$2:$J$964,'Исходные данные'!$D$2:$D$964,R$3,'Исходные данные'!$F$2:$F$964,$H7&""),SUMIFS('Исходные данные'!$I$2:$I$964,'Исходные данные'!$D$2:$D$964,R$3,'Исходные данные'!$F$2:$F$964,$H7&"")&"+"&SUMIFS('Исходные данные'!$J$2:$J$964,'Исходные данные'!$D$2:$D$964,R$3,'Исходные данные'!$F$2:$F$964,$H7&"")&"="&(SUMIFS('Исходные данные'!$I$2:$I$964,'Исходные данные'!$D$2:$D$964,R$3,'Исходные данные'!$F$2:$F$964,$H7&"")+SUMIFS('Исходные данные'!$J$2:$J$964,'Исходные данные'!$D$2:$D$964,R$3,'Исходные данные'!$F$2:$F$964,$H7&""))))) | S7: =IF(SUMIFS('Исходные данные'!$I$2:$I$964,'Исходные данные'!$D$2:$D$964,S$3,'Исходные данные'!$F$2:$F$964,$H7&"")+SUMIFS('Исходные данные'!$J$2:$J$964,'Исходные данные'!$D$2:$D$964,S$3,'Исходные данные'!$F$2:$F$964,$H7&"")=0,"",IF(SUMIFS('Исходные данные'!$J$2:$J$964,'Исходные данные'!$D$2:$D$964,S$3,'Исходные данные'!$F$2:$F$964,$H7&"")=0,SUMIFS('Исходные данные'!$I$2:$I$964,'Исходные данные'!$D$2:$D$964,S$3,'Исходные данные'!$F$2:$F$964,$H7&""),IF(SUMIFS('Исходные данные'!$I$2:$I$964,'Исходные данные'!$D$2:$D$964,S$3,'Исходные данные'!$F$2:$F$964,$H7&"")=0,"0+"&SUMIFS('Исходные данные'!$J$2:$J$964,'Исходные данные'!$D$2:$D$964,S$3,'Исходные данные'!$F$2:$F$964,$H7&"")&"="&SUMIFS('Исходные данные'!$J$2:$J$964,'Исходные данные'!$D$2:$D$964,S$3,'Исходные данные'!$F$2:$F$964,$H7&""),SUMIFS('Исходные данные'!$I$2:$I$964,'Исходные данные'!$D$2:$D$964,S$3,'Исходные данные'!$F$2:$F$964,$H7&"")&"+"&SUMIFS('Исходные данные'!$J$2:$J$964,'Исходные данные'!$D$2:$D$964,S$3,'Исходные данные'!$F$2:$F$964,$H7&"")&"="&(SUMIFS('Исходные данные'!$I$2:$I$964,'Исходные данные'!$D$2:$D$964,S$3,'Исходные данные'!$F$2:$F$964,$H7&"")+SUMIFS('Исходные данные'!$J$2:$J$964,'Исходные данные'!$D$2:$D$964,S$3,'Исходные данные'!$F$2:$F$964,$H7&""))))) -> 1 | T7: =IF(SUMIFS('Исходные данные'!$I$2:$I$964,'Исходные данные'!$D$2:$D$964,T$3,'Исходные данные'!$F$2:$F$964,$H7&"")+SUMIFS('Исходные данные'!$J$2:$J$964,'Исходные данные'!$D$2:$D$964,T$3,'Исходные данные'!$F$2:$F$964,$H7&"")=0,"",IF(SUMIFS('Исходные данные'!$J$2:$J$964,'Исходные данные'!$D$2:$D$964,T$3,'Исходные данные'!$F$2:$F$964,$H7&"")=0,SUMIFS('Исходные данные'!$I$2:$I$964,'Исходные данные'!$D$2:$D$964,T$3,'Исходные данные'!$F$2:$F$964,$H7&""),IF(SUMIFS('Исходные данные'!$I$2:$I$964,'Исходные данные'!$D$2:$D$964,T$3,'Исходные данные'!$F$2:$F$964,$H7&"")=0,"0+"&SUMIFS('Исходные данные'!$J$2:$J$964,'Исходные данные'!$D$2:$D$964,T$3,'Исходные данные'!$F$2:$F$964,$H7&"")&"="&SUMIFS('Исходные данные'!$J$2:$J$964,'Исходные данные'!$D$2:$D$964,T$3,'Исходные данные'!$F$2:$F$964,$H7&""),SUMIFS('Исходные данные'!$I$2:$I$964,'Исходные данные'!$D$2:$D$964,T$3,'Исходные данные'!$F$2:$F$964,$H7&"")&"+"&SUMIFS('Исходные данные'!$J$2:$J$964,'Исходные данные'!$D$2:$D$964,T$3,'Исходные данные'!$F$2:$F$964,$H7&"")&"="&(SUMIFS('Исходные данные'!$I$2:$I$964,'Исходные данные'!$D$2:$D$964,T$3,'Исходные данные'!$F$2:$F$964,$H7&"")+SUMIFS('Исходные данные'!$J$2:$J$964,'Исходные данные'!$D$2:$D$964,T$3,'Исходные данные'!$F$2:$F$964,$H7&""))))) | U7: =IF(SUMIFS('Исходные данные'!$I$2:$I$964,'Исходные данные'!$D$2:$D$964,U$3,'Исходные данные'!$F$2:$F$964,$H7&"")+SUMIFS('Исходные данные'!$J$2:$J$964,'Исходные данные'!$D$2:$D$964,U$3,'Исходные данные'!$F$2:$F$964,$H7&"")=0,"",IF(SUMIFS('Исходные данные'!$J$2:$J$964,'Исходные данные'!$D$2:$D$964,U$3,'Исходные данные'!$F$2:$F$964,$H7&"")=0,SUMIFS('Исходные данные'!$I$2:$I$964,'Исходные данные'!$D$2:$D$964,U$3,'Исходные данные'!$F$2:$F$964,$H7&""),IF(SUMIFS('Исходные данные'!$I$2:$I$964,'Исходные данные'!$D$2:$D$964,U$3,'Исходные данные'!$F$2:$F$964,$H7&"")=0,"0+"&SUMIFS('Исходные данные'!$J$2:$J$964,'Исходные данные'!$D$2:$D$964,U$3,'Исходные данные'!$F$2:$F$964,$H7&"")&"="&SUMIFS('Исходные данные'!$J$2:$J$964,'Исходные данные'!$D$2:$D$964,U$3,'Исходные данные'!$F$2:$F$964,$H7&""),SUMIFS('Исходные данные'!$I$2:$I$964,'Исходные данные'!$D$2:$D$964,U$3,'Исходные данные'!$F$2:$F$964,$H7&"")&"+"&SUMIFS('Исходные данные'!$J$2:$J$964,'Исходные данные'!$D$2:$D$964,U$3,'Исходные данные'!$F$2:$F$964,$H7&"")&"="&(SUMIFS('Исходные данные'!$I$2:$I$964,'Исходные данные'!$D$2:$D$964,U$3,'Исходные данные'!$F$2:$F$964,$H7&"")+SUMIFS('Исходные данные'!$J$2:$J$964,'Исходные данные'!$D$2:$D$964,U$3,'Исходные данные'!$F$2:$F$964,$H7&""))))) -> 2 | V7: =IF(SUMIFS('Исходные данные'!$I$2:$I$964,'Исходные данные'!$D$2:$D$964,V$3,'Исходные данные'!$F$2:$F$964,$H7&"")+SUMIFS('Исходные данные'!$J$2:$J$964,'Исходные данные'!$D$2:$D$964,V$3,'Исходные данные'!$F$2:$F$964,$H7&"")=0,"",IF(SUMIFS('Исходные данные'!$J$2:$J$964,'Исходные данные'!$D$2:$D$964,V$3,'Исходные данные'!$F$2:$F$964,$H7&"")=0,SUMIFS('Исходные данные'!$I$2:$I$964,'Исходные данные'!$D$2:$D$964,V$3,'Исходные данные'!$F$2:$F$964,$H7&""),IF(SUMIFS('Исходные данные'!$I$2:$I$964,'Исходные данные'!$D$2:$D$964,V$3,'Исходные данные'!$F$2:$F$964,$H7&"")=0,"0+"&SUMIFS('Исходные данные'!$J$2:$J$964,'Исходные данные'!$D$2:$D$964,V$3,'Исходные данные'!$F$2:$F$964,$H7&"")&"="&SUMIFS('Исходные данные'!$J$2:$J$964,'Исходные данные'!$D$2:$D$964,V$3,'Исходные данные'!$F$2:$F$964,$H7&""),SUMIFS('Исходные данные'!$I$2:$I$964,'Исходные данные'!$D$2:$D$964,V$3,'Исходные данные'!$F$2:$F$964,$H7&"")&"+"&SUMIFS('Исходные данные'!$J$2:$J$964,'Исходные данные'!$D$2:$D$964,V$3,'Исходные данные'!$F$2:$F$964,$H7&"")&"="&(SUMIFS('Исходные данные'!$I$2:$I$964,'Исходные данные'!$D$2:$D$964,V$3,'Исходные данные'!$F$2:$F$964,$H7&"")+SUMIFS('Исходные данные'!$J$2:$J$964,'Исходные данные'!$D$2:$D$964,V$3,'Исходные данные'!$F$2:$F$964,$H7&""))))) -> 1 | ... AD7: =IF(SUMIFS('Исходные данные'!$I$2:$I$964,'Исходные данные'!$D$2:$D$964,AD$3,'Исходные данные'!$F$2:$F$964,$H7&"")+SUMIFS('Исходные данные'!$J$2:$J$964,'Исходные данные'!$D$2:$D$964,AD$3,'Исходные данные'!$F$2:$F$964,$H7&"")=0,"",IF(SUMIFS('Исходные данные'!$J$2:$J$964,'Исходные данные'!$D$2:$D$964,AD$3,'Исходные данные'!$F$2:$F$964,$H7&"")=0,SUMIFS('Исходные данные'!$I$2:$I$964,'Исходные данные'!$D$2:$D$964,AD$3,'Исходные данные'!$F$2:$F$964,$H7&""),IF(SUMIFS('Исходные данные'!$I$2:$I$964,'Исходные данные'!$D$2:$D$964,AD$3,'Исходные данные'!$F$2:$F$964,$H7&"")=0,"0+"&SUMIFS('Исходные данные'!$J$2:$J$964,'Исходные данные'!$D$2:$D$964,AD$3,'Исходные данные'!$F$2:$F$964,$H7&"")&"="&SUMIFS('Исходные данные'!$J$2:$J$964,'Исходные данные'!$D$2:$D$964,AD$3,'Исходные данные'!$F$2:$F$964,$H7&""),SUMIFS('Исходные данные'!$I$2:$I$964,'Исходные данные'!$D$2:$D$964,AD$3,'Исходные данные'!$F$2:$F$964,$H7&"")&"+"&SUMIFS('Исходные данные'!$J$2:$J$964,'Исходные данные'!$D$2:$D$964,AD$3,'Исходные данные'!$F$2:$F$964,$H7&"")&"="&(SUMIFS('Исходные данные'!$I$2:$I$964,'Исходные данные'!$D$2:$D$964,AD$3,'Исходные данные'!$F$2:$F$964,$H7&"")+SUMIFS('Исходные данные'!$J$2:$J$964,'Исходные данные'!$D$2:$D$964,AD$3,'Исходные данные'!$F$2:$F$964,$H7&""))))) | AE7: =IFERROR(INDEX('Выход ТС'!$K:$K,MATCH($H7&"",'Выход ТС'!$A:$A,0))+INDEX('Выход ТС'!$L:$L,MATCH($H7&"",'Выход ТС'!$A:$A,0))-INDEX('Выход ТС'!$I:$I,MATCH($H7&"",'Выход ТС'!$A:$A,0))-INDEX('Выход ТС'!$J:$J,MATCH($H7&"",'Выход ТС'!$A:$A,0)),"") -> 0 | AF7: =IFERROR(INDEX('Выход ТС'!$O:$O,MATCH($H7&"",'Выход ТС'!$A:$A,0))+INDEX('Выход ТС'!$P:$P,MATCH($H7&"",'Выход ТС'!$A:$A,0))-INDEX('Выход ТС'!$M:$M,MATCH($H7&"",'Выход ТС'!$A:$A,0))-INDEX('Выход ТС'!$N:$N,MATCH($H7&"",'Выход ТС'!$A:$A,0)),"") -> 0 | AG7: =IFERROR(INDEX('Выход ТС'!$S:$S,MATCH($H7&"",'Выход ТС'!$A:$A,0))+INDEX('Выход ТС'!$T:$T,MATCH($H7&"",'Выход ТС'!$A:$A,0))-INDEX('Выход ТС'!$Q:$Q,MATCH($H7&"",'Выход ТС'!$A:$A,0))-INDEX('Выход ТС'!$R:$R,MATCH($H7&"",'Выход ТС'!$A:$A,0)),"") -> 0 | AH7: =IFERROR(INDEX('Выход ТС'!$W:$W,MATCH($H7&"",'Выход ТС'!$A:$A,0))+INDEX('Выход ТС'!$X:$X,MATCH($H7&"",'Выход ТС'!$A:$A,0))-INDEX('Выход ТС'!$U:$U,MATCH($H7&"",'Выход ТС'!$A:$A,0))-INDEX('Выход ТС'!$V:$V,MATCH($H7&"",'Выход ТС'!$A:$A,0)),"") -> 0 | AI7: =IFERROR(INDEX('Выход ТС'!$AA:$AA,MATCH($H7&"",'Выход ТС'!$A:$A,0))+INDEX('Выход ТС'!$AB:$AB,MATCH($H7&"",'Выход ТС'!$A:$A,0))-INDEX('Выход ТС'!$Y:$Y,MATCH($H7&"",'Выход ТС'!$A:$A,0))-INDEX('Выход ТС'!$Z:$Z,MATCH($H7&"",'Выход ТС'!$A:$A,0)),"") -> 0 | AJ7: =IFERROR(INDEX('Выход ТС'!$AE:$AE,MATCH($H7&"",'Выход ТС'!$A:$A,0))+INDEX('Выход ТС'!$AF:$AF,MATCH($H7&"",'Выход ТС'!$A:$A,0))-INDEX('Выход ТС'!$AC:$AC,MATCH($H7&"",'Выход ТС'!$A:$A,0))-INDEX('Выход ТС'!$AD:$AD,MATCH($H7&"",'Выход ТС'!$A:$A,0)),"") -> 0 | AK7: =IFERROR(INDEX('Выход ТС'!$AI:$AI,MATCH($H7&"",'Выход ТС'!$A:$A,0))+INDEX('Выход ТС'!$AJ:$AJ,MATCH($H7&"",'Выход ТС'!$A:$A,0))-INDEX('Выход ТС'!$AG:$AG,MATCH($H7&"",'Выход ТС'!$A:$A,0))-INDEX('Выход ТС'!$AH:$AH,MATCH($H7&"",'Выход ТС'!$A:$A,0)),"") -> -2 | AL7: =IFERROR(INDEX('Выход ТС'!$AM:$AM,MATCH($H7&"",'Выход ТС'!$A:$A,0))+INDEX('Выход ТС'!$AN:$AN,MATCH($H7&"",'Выход ТС'!$A:$A,0))-INDEX('Выход ТС'!$AK:$AK,MATCH($H7&"",'Выход ТС'!$A:$A,0))-INDEX('Выход ТС'!$AL:$AL,MATCH($H7&"",'Выход ТС'!$A:$A,0)),"") -> 0 | AM7: =IFERROR(INDEX('Выход ТС'!$AQ:$AQ,MATCH($H7&"",'Выход ТС'!$A:$A,0))+INDEX('Выход ТС'!$AR:$AR,MATCH($H7&"",'Выход ТС'!$A:$A,0))-INDEX('Выход ТС'!$AO:$AO,MATCH($H7&"",'Выход ТС'!$A:$A,0))-INDEX('Выход ТС'!$AP:$AP,MATCH($H7&"",'Выход ТС'!$A:$A,0)),"") -> 0 | AN7: =IFERROR(INDEX('Выход ТС'!$AU:$AU,MATCH($H7&"",'Выход ТС'!$A:$A,0))+INDEX('Выход ТС'!$AV:$AV,MATCH($H7&"",'Выход ТС'!$A:$A,0))-INDEX('Выход ТС'!$AS:$AS,MATCH($H7&"",'Выход ТС'!$A:$A,0))-INDEX('Выход ТС'!$AT:$AT,MATCH($H7&"",'Выход ТС'!$A:$A,0)),"") -> 0 | AO7: =IFERROR(INDEX('Выход ТС'!$AY:$AY,MATCH($H7&"",'Выход ТС'!$A:$A,0))+INDEX('Выход ТС'!$AZ:$AZ,MATCH($H7&"",'Выход ТС'!$A:$A,0))-INDEX('Выход ТС'!$AW:$AW,MATCH($H7&"",'Выход ТС'!$A:$A,0))-INDEX('Выход ТС'!$AX:$AX,MATCH($H7&"",'Выход ТС'!$A:$A,0)),"") -> 0 | AP7: =IFERROR(INDEX('Выход ТС'!$BC:$BC,MATCH($H7&"",'Выход ТС'!$A:$A,0))+INDEX('Выход ТС'!$BD:$BD,MATCH($H7&"",'Выход ТС'!$A:$A,0))-INDEX('Выход ТС'!$BA:$BA,MATCH($H7&"",'Выход ТС'!$A:$A,0))-INDEX('Выход ТС'!$BB:$BB,MATCH($H7&"",'Выход ТС'!$A:$A,0)),"") -> 0 | AQ7: =IFERROR(INDEX('Выход ТС'!$BG:$BG,MATCH($H7&"",'Выход ТС'!$A:$A,0))+INDEX('Выход ТС'!$BH:$BH,MATCH($H7&"",'Выход ТС'!$A:$A,0))-INDEX('Выход ТС'!$BE:$BE,MATCH($H7&"",'Выход ТС'!$A:$A,0))-INDEX('Выход ТС'!$BF:$BF,MATCH($H7&"",'Выход ТС'!$A:$A,0)),"") -> 0 | AR7: =IFERROR(INDEX('Выход ТС'!$BK:$BK,MATCH($H7&"",'Выход ТС'!$A:$A,0))+INDEX('Выход ТС'!$BL:$BL,MATCH($H7&"",'Выход ТС'!$A:$A,0))-INDEX('Выход ТС'!$BI:$BI,MATCH($H7&"",'Выход ТС'!$A:$A,0))-INDEX('Выход ТС'!$BJ:$BJ,MATCH($H7&"",'Выход ТС'!$A:$A,0)),"") -> 0 | AS7: =IFERROR(INDEX('Выход ТС'!$BO:$BO,MATCH($H7&"",'Выход ТС'!$A:$A,0))+INDEX('Выход ТС'!$BP:$BP,MATCH($H7&"",'Выход ТС'!$A:$A,0))-INDEX('Выход ТС'!$BM:$BM,MATCH($H7&"",'Выход ТС'!$A:$A,0))-INDEX('Выход ТС'!$BN:$BN,MATCH($H7&"",'Выход ТС'!$A:$A,0)),"") -> 0 | AT7: =IFERROR(INDEX('Выход ТС'!$CI:$CI,MATCH($H7&"",'Выход ТС'!$A:$A,0))+INDEX('Выход ТС'!$CJ:$CJ,MATCH($H7&"",'Выход ТС'!$A:$A,0))-INDEX('Выход ТС'!$CG:$CG,MATCH($H7&"",'Выход ТС'!$A:$A,0))-INDEX('Выход ТС'!$CH:$CH,MATCH($H7&"",'Выход ТС'!$A:$A,0)),"") -> 0 | AU7: =IFERROR(INDEX('Выход ТС'!$CM:$CM,MATCH($H7&"",'Выход ТС'!$A:$A,0))+INDEX('Выход ТС'!$CN:$CN,MATCH($H7&"",'Выход ТС'!$A:$A,0))-INDEX('Выход ТС'!$CK:$CK,MATCH($H7&"",'Выход ТС'!$A:$A,0))-INDEX('Выход ТС'!$CL:$CL,MATCH($H7&"",'Выход ТС'!$A:$A,0)),"") -> 0
A8: 6 | B8: 34-821АІ/12 | C8: ЦДН-2 | E8: 28-H299612н | F8: ЦПКРС-2 | O8: =IF(SUMIFS('Исходные данные'!$I$2:$I$964,'Исходные данные'!$D$2:$D$964,O$3,'Исходные данные'!$F$2:$F$964,$H9&"",'Исходные данные'!$L$2:$L$964,"УТТ")+SUMIFS('Исходные данные'!$J$2:$J$964,'Исходные данные'!$D$2:$D$964,O$3,'Исходные данные'!$F$2:$F$964,$H9&"",'Исходные данные'!$L$2:$L$964,"УТТ")=0,"","утт-"&(SUMIFS('Исходные данные'!$I$2:$I$964,'Исходные данные'!$D$2:$D$964,O$3,'Исходные данные'!$F$2:$F$964,$H9&"",'Исходные данные'!$L$2:$L$964,"УТТ")+SUMIFS('Исходные данные'!$J$2:$J$964,'Исходные данные'!$D$2:$D$964,O$3,'Исходные данные'!$F$2:$F$964,$H9&"",'Исходные данные'!$L$2:$L$964,"УТТ"))) | P8: =IF(SUMIFS('Исходные данные'!$I$2:$I$964,'Исходные данные'!$D$2:$D$964,P$3,'Исходные данные'!$F$2:$F$964,$H9&"",'Исходные данные'!$L$2:$L$964,"УТТ")+SUMIFS('Исходные данные'!$J$2:$J$964,'Исходные данные'!$D$2:$D$964,P$3,'Исходные данные'!$F$2:$F$964,$H9&"",'Исходные данные'!$L$2:$L$964,"УТТ")=0,"","утт-"&(SUMIFS('Исходные данные'!$I$2:$I$964,'Исходные данные'!$D$2:$D$964,P$3,'Исходные данные'!$F$2:$F$964,$H9&"",'Исходные данные'!$L$2:$L$964,"УТТ")+SUMIFS('Исходные данные'!$J$2:$J$964,'Исходные данные'!$D$2:$D$964,P$3,'Исходные данные'!$F$2:$F$964,$H9&"",'Исходные данные'!$L$2:$L$964,"УТТ"))) | Q8: =IF(SUMIFS('Исходные данные'!$I$2:$I$964,'Исходные данные'!$D$2:$D$964,Q$3,'Исходные данные'!$F$2:$F$964,$H9&"",'Исходные данные'!$L$2:$L$964,"УТТ")+SUMIFS('Исходные данные'!$J$2:$J$964,'Исходные данные'!$D$2:$D$964,Q$3,'Исходные данные'!$F$2:$F$964,$H9&"",'Исходные данные'!$L$2:$L$964,"УТТ")=0,"","утт-"&(SUMIFS('Исходные данные'!$I$2:$I$964,'Исходные данные'!$D$2:$D$964,Q$3,'Исходные данные'!$F$2:$F$964,$H9&"",'Исходные данные'!$L$2:$L$964,"УТТ")+SUMIFS('Исходные данные'!$J$2:$J$964,'Исходные данные'!$D$2:$D$964,Q$3,'Исходные данные'!$F$2:$F$964,$H9&"",'Исходные данные'!$L$2:$L$964,"УТТ"))) | R8: =IF(SUMIFS('Исходные данные'!$I$2:$I$964,'Исходные данные'!$D$2:$D$964,R$3,'Исходные данные'!$F$2:$F$964,$H9&"",'Исходные данные'!$L$2:$L$964,"УТТ")+SUMIFS('Исходные данные'!$J$2:$J$964,'Исходные данные'!$D$2:$D$964,R$3,'Исходные данные'!$F$2:$F$964,$H9&"",'Исходные данные'!$L$2:$L$964,"УТТ")=0,"","утт-"&(SUMIFS('Исходные данные'!$I$2:$I$964,'Исходные данные'!$D$2:$D$964,R$3,'Исходные данные'!$F$2:$F$964,$H9&"",'Исходные данные'!$L$2:$L$964,"УТТ")+SUMIFS('Исходные данные'!$J$2:$J$964,'Исходные данные'!$D$2:$D$964,R$3,'Исходные данные'!$F$2:$F$964,$H9&"",'Исходные данные'!$L$2:$L$964,"УТТ"))) | S8: =IF(SUMIFS('Исходные данные'!$I$2:$I$964,'Исходные данные'!$D$2:$D$964,S$3,'Исходные данные'!$F$2:$F$964,$H9&"",'Исходные данные'!$L$2:$L$964,"УТТ")+SUMIFS('Исходные данные'!$J$2:$J$964,'Исходные данные'!$D$2:$D$964,S$3,'Исходные данные'!$F$2:$F$964,$H9&"",'Исходные данные'!$L$2:$L$964,"УТТ")=0,"","утт-"&(SUMIFS('Исходные данные'!$I$2:$I$964,'Исходные данные'!$D$2:$D$964,S$3,'Исходные данные'!$F$2:$F$964,$H9&"",'Исходные данные'!$L$2:$L$964,"УТТ")+SUMIFS('Исходные данные'!$J$2:$J$964,'Исходные данные'!$D$2:$D$964,S$3,'Исходные данные'!$F$2:$F$964,$H9&"",'Исходные данные'!$L$2:$L$964,"УТТ"))) | T8: =IF(SUMIFS('Исходные данные'!$I$2:$I$964,'Исходные данные'!$D$2:$D$964,T$3,'Исходные данные'!$F$2:$F$964,$H9&"",'Исходные данные'!$L$2:$L$964,"УТТ")+SUMIFS('Исходные данные'!$J$2:$J$964,'Исходные данные'!$D$2:$D$964,T$3,'Исходные данные'!$F$2:$F$964,$H9&"",'Исходные данные'!$L$2:$L$964,"УТТ")=0,"","утт-"&(SUMIFS('Исходные данные'!$I$2:$I$964,'Исходные данные'!$D$2:$D$964,T$3,'Исходные данные'!$F$2:$F$964,$H9&"",'Исходные данные'!$L$2:$L$964,"УТТ")+SUMIFS('Исходные данные'!$J$2:$J$964,'Исходные данные'!$D$2:$D$964,T$3,'Исходные данные'!$F$2:$F$964,$H9&"",'Исходные данные'!$L$2:$L$964,"УТТ"))) | U8: =IF(SUMIFS('Исходные данные'!$I$2:$I$964,'Исходные данные'!$D$2:$D$964,U$3,'Исходные данные'!$F$2:$F$964,$H9&"",'Исходные данные'!$L$2:$L$964,"УТТ")+SUMIFS('Исходные данные'!$J$2:$J$964,'Исходные данные'!$D$2:$D$964,U$3,'Исходные данные'!$F$2:$F$964,$H9&"",'Исходные данные'!$L$2:$L$964,"УТТ")=0,"","утт-"&(SUMIFS('Исходные данные'!$I$2:$I$964,'Исходные данные'!$D$2:$D$964,U$3,'Исходные данные'!$F$2:$F$964,$H9&"",'Исходные данные'!$L$2:$L$964,"УТТ")+SUMIFS('Исходные данные'!$J$2:$J$964,'Исходные данные'!$D$2:$D$964,U$3,'Исходные данные'!$F$2:$F$964,$H9&"",'Исходные данные'!$L$2:$L$964,"УТТ"))) | V8: =IF(SUMIFS('Исходные данные'!$I$2:$I$964,'Исходные данные'!$D$2:$D$964,V$3,'Исходные данные'!$F$2:$F$964,$H9&"",'Исходные данные'!$L$2:$L$964,"УТТ")+SUMIFS('Исходные данные'!$J$2:$J$964,'Исходные данные'!$D$2:$D$964,V$3,'Исходные данные'!$F$2:$F$964,$H9&"",'Исходные данные'!$L$2:$L$964,"УТТ")=0,"","утт-"&(SUMIFS('Исходные данные'!$I$2:$I$964,'Исходные данные'!$D$2:$D$964,V$3,'Исходные данные'!$F$2:$F$964,$H9&"",'Исходные данные'!$L$2:$L$964,"УТТ")+SUMIFS('Исходные данные'!$J$2:$J$964,'Исходные данные'!$D$2:$D$964,V$3,'Исходные данные'!$F$2:$F$964,$H9&"",'Исходные данные'!$L$2:$L$964,"УТТ"))) | ... AD8: =IF(SUMIFS('Исходные данные'!$I$2:$I$964,'Исходные данные'!$D$2:$D$964,AD$3,'Исходные данные'!$F$2:$F$964,$H9&"",'Исходные данные'!$L$2:$L$964,"УТТ")+SUMIFS('Исходные данные'!$J$2:$J$964,'Исходные данные'!$D$2:$D$964,AD$3,'Исходные данные'!$F$2:$F$964,$H9&"",'Исходные данные'!$L$2:$L$964,"УТТ")=0,"","утт-"&(SUMIFS('Исходные данные'!$I$2:$I$964,'Исходные данные'!$D$2:$D$964,AD$3,'Исходные данные'!$F$2:$F$964,$H9&"",'Исходные данные'!$L$2:$L$964,"УТТ")+SUMIFS('Исходные данные'!$J$2:$J$964,'Исходные данные'!$D$2:$D$964,AD$3,'Исходные данные'!$F$2:$F$964,$H9&"",'Исходные данные'!$L$2:$L$964,"УТТ"))) -> утт-1
